# GPL-3.0-or-later; English lessons and pronunciation guards
一个#yi ge	{"word":"一个","pinyin":"yi ge","short":["a","one"],"senses":[{"text":"a","pos":"会话表达 / 短语"},{"text":"one","pos":"会话表达 / 短语"}],"note":"不定冠词用 a/an；强调数量才用 one。","example":"I'd like an apple.","source":"词伴 · AI 英语学习整理","license":"GPL-3.0-or-later","review":"未独立英语编辑校审"}
一个人#yi ge ren	{"word":"一个人","pinyin":"yi ge ren","short":["one person","alone"],"senses":[{"text":"one person","pos":"会话表达 / 短语"},{"text":"alone","pos":"会话表达 / 短语"}],"note":"人数与独自一人意义不同。","example":"I'm here alone.","source":"词伴 · AI 英语学习整理","license":"GPL-3.0-or-later","review":"未独立英语编辑校审"}
一会儿见#yi hui er jian	{"word":"一会儿见","pinyin":"yi hui er jian","short":["see you later"],"senses":[{"text":"see you later","pos":"会话表达 / 短语"}],"note":"当天稍后再见。","example":"See you later!","source":"词伴 · AI 英语学习整理","license":"GPL-3.0-or-later","review":"未独立英语编辑校审"}
一宿#yi su	{"word":"一宿","pinyin":"yi su","short":[],"senses":[],"note":"这个词有多个读音，当前读音尚未完成英语词义整理。请输入完整词组；不自动套用其他读音的释义。","source":"词伴 · 多读音保护","license":"GPL-3.0-or-later","review":"待按读音整理","blocked":true}
一宿#yi xiu	{"word":"一宿","pinyin":"yi xiu","short":[],"senses":[],"note":"这个词有多个读音，当前读音尚未完成英语词义整理。请输入完整词组；不自动套用其他读音的释义。","source":"词伴 · 多读音保护","license":"GPL-3.0-or-later","review":"待按读音整理","blocked":true}
一年#yi nian	{"word":"一年","pinyin":"yi nian","short":["one year"],"senses":[{"text":"one year","pos":"会话表达 / 短语"}],"note":"计量时长；“一年一次”用 once a year。","example":"I've lived here for one year.","source":"词伴 · AI 英语学习整理","license":"GPL-3.0-or-later","review":"未独立英语编辑校审"}
一张票#yi zhang piao	{"word":"一张票","pinyin":"yi zhang piao","short":["a ticket"],"senses":[{"text":"a ticket","pos":"会话表达 / 短语"}],"note":"具体交通或活动票可补说明。","example":"I'd like a ticket to Paris.","source":"词伴 · AI 英语学习整理","license":"GPL-3.0-or-later","review":"未独立英语编辑校审"}
一起去#yi qi qu	{"word":"一起去","pinyin":"yi qi qu","short":["go together"],"senses":[{"text":"go together","pos":"会话表达 / 短语"}],"note":"完整建议可用 Let's go together。","example":"Let's go together.","source":"词伴 · AI 英语学习整理","license":"GPL-3.0-or-later","review":"未独立英语编辑校审"}
一针见血#yi zhen jian xie	{"word":"一针见血","pinyin":"yi zhen jian xie","short":[],"senses":[],"note":"这个词有多个读音，当前读音尚未完成英语词义整理。请输入完整词组；不自动套用其他读音的释义。","source":"词伴 · 多读音保护","license":"GPL-3.0-or-later","review":"待按读音整理","blocked":true}
一针见血#yi zhen jian xue	{"word":"一针见血","pinyin":"yi zhen jian xue","short":[],"senses":[],"note":"这个词有多个读音，当前读音尚未完成英语词义整理。请输入完整词组；不自动套用其他读音的释义。","source":"词伴 · 多读音保护","license":"GPL-3.0-or-later","review":"待按读音整理","blocked":true}
丁#ding	{"word":"丁","pinyin":"ding","short":[],"senses":[],"note":"这个词有多个读音，当前读音尚未完成英语词义整理。请输入完整词组；不自动套用其他读音的释义。","source":"词伴 · 多读音保护","license":"GPL-3.0-or-later","review":"待按读音整理","blocked":true}
丁#zheng	{"word":"丁","pinyin":"zheng","short":[],"senses":[],"note":"这个词有多个读音，当前读音尚未完成英语词义整理。请输入完整词组；不自动套用其他读音的释义。","source":"词伴 · 多读音保护","license":"GPL-3.0-or-later","review":"待按读音整理","blocked":true}
万#mo	{"word":"万","pinyin":"mo","short":[],"senses":[],"note":"这个词有多个读音，当前读音尚未完成英语词义整理。请输入完整词组；不自动套用其他读音的释义。","source":"词伴 · 多读音保护","license":"GPL-3.0-or-later","review":"待按读音整理","blocked":true}
万#wan	{"word":"万","pinyin":"wan","short":["ten thousand"],"senses":[{"text":"ten thousand","pos":"数词"}],"note":"数字单位；“万一”的含义不能逐字拼接。","source":"词伴 · AI 英语学习整理","license":"GPL-3.0-or-later","review":"未独立英语编辑校审"}
上班#shang ban	{"word":"上班","pinyin":"shang ban","short":["go to work"],"senses":[{"text":"go to work","pos":"会话表达 / 短语"}],"note":"去工作；正在工作用 be at work。","example":"I go to work by bus.","source":"词伴 · AI 英语学习整理","license":"GPL-3.0-or-later","review":"未独立英语编辑校审"}
上色#shang se	{"word":"上色","pinyin":"shang se","short":[],"senses":[],"note":"这个词有多个读音，当前读音尚未完成英语词义整理。请输入完整词组；不自动套用其他读音的释义。","source":"词伴 · 多读音保护","license":"GPL-3.0-or-later","review":"待按读音整理","blocked":true}
上色#shang shai	{"word":"上色","pinyin":"shang shai","short":[],"senses":[],"note":"这个词有多个读音，当前读音尚未完成英语词义整理。请输入完整词组；不自动套用其他读音的释义。","source":"词伴 · 多读音保护","license":"GPL-3.0-or-later","review":"待按读音整理","blocked":true}
上调#shang diao	{"word":"上调","pinyin":"shang diao","short":[],"senses":[],"note":"这个词有多个读音，当前读音尚未完成英语词义整理。请输入完整词组；不自动套用其他读音的释义。","source":"词伴 · 多读音保护","license":"GPL-3.0-or-later","review":"待按读音整理","blocked":true}
上调#shang tiao	{"word":"上调","pinyin":"shang tiao","short":[],"senses":[],"note":"这个词有多个读音，当前读音尚未完成英语词义整理。请输入完整词组；不自动套用其他读音的释义。","source":"词伴 · 多读音保护","license":"GPL-3.0-or-later","review":"待按读音整理","blocked":true}
下咽#xia yan	{"word":"下咽","pinyin":"xia yan","short":[],"senses":[],"note":"这个词有多个读音，当前读音尚未完成英语词义整理。请输入完整词组；不自动套用其他读音的释义。","source":"词伴 · 多读音保护","license":"GPL-3.0-or-later","review":"待按读音整理","blocked":true}
下咽#xia ye	{"word":"下咽","pinyin":"xia ye","short":[],"senses":[],"note":"这个词有多个读音，当前读音尚未完成英语词义整理。请输入完整词组；不自动套用其他读音的释义。","source":"词伴 · 多读音保护","license":"GPL-3.0-or-later","review":"待按读音整理","blocked":true}
下次见#xia ci jian	{"word":"下次见","pinyin":"xia ci jian","short":["see you next time"],"senses":[{"text":"see you next time","pos":"会话表达 / 短语"}],"note":"下次再见。","example":"See you next time!","source":"词伴 · AI 英语学习整理","license":"GPL-3.0-or-later","review":"未独立英语编辑校审"}
下班#xia ban	{"word":"下班","pinyin":"xia ban","short":["finish work"],"senses":[{"text":"finish work","pos":"会话表达 / 短语"}],"note":"结束当日工作；通常不带 the。","example":"I finish work at six.","source":"词伴 · AI 英语学习整理","license":"GPL-3.0-or-later","review":"未独立英语编辑校审"}
不喜欢#bu xi huan	{"word":"不喜欢","pinyin":"bu xi huan","short":["not like"],"senses":[{"text":"not like","pos":"会话表达 / 短语"}],"note":"完整否定句需助动词，如 don't/doesn't like。","example":"I don't like cold weather.","source":"词伴 · AI 英语学习整理","license":"GPL-3.0-or-later","review":"未独立英语编辑校审"}
不好意思#bu hao yi si	{"word":"不好意思","pinyin":"bu hao yi si","short":["excuse me","sorry"],"senses":[{"text":"excuse me","pos":"会话表达 / 短语"},{"text":"sorry","pos":"会话表达 / 短语"}],"note":"打扰用 excuse me，道歉常用 sorry。","example":"Excuse me, is this seat taken?","source":"词伴 · AI 英语学习整理","license":"GPL-3.0-or-later","review":"未独立英语编辑校审"}
不甚了了#bu shen le le	{"word":"不甚了了","pinyin":"bu shen le le","short":[],"senses":[],"note":"这个词有多个读音，当前读音尚未完成英语词义整理。请输入完整词组；不自动套用其他读音的释义。","source":"词伴 · 多读音保护","license":"GPL-3.0-or-later","review":"待按读音整理","blocked":true}
不甚了了#bu shen liao liao	{"word":"不甚了了","pinyin":"bu shen liao liao","short":[],"senses":[],"note":"这个词有多个读音，当前读音尚未完成英语词义整理。请输入完整词组；不自动套用其他读音的释义。","source":"词伴 · 多读音保护","license":"GPL-3.0-or-later","review":"待按读音整理","blocked":true}
不用谢#bu yong xie	{"word":"不用谢","pinyin":"bu yong xie","short":["you're welcome"],"senses":[{"text":"you're welcome","pos":"会话表达 / 短语"}],"note":"回应感谢。","example":"You're welcome!","source":"词伴 · AI 英语学习整理","license":"GPL-3.0-or-later","review":"未独立英语编辑校审"}
不知道#bu zhi dao	{"word":"不知道","pinyin":"bu zhi dao","short":["not know"],"senses":[{"text":"not know","pos":"会话表达 / 短语"}],"note":"“我不知道”用 I don't know，不能直接说 I not know。","example":"I don't know the answer.","source":"词伴 · AI 英语学习整理","license":"GPL-3.0-or-later","review":"未独立英语编辑校审"}
不觉#bu jiao	{"word":"不觉","pinyin":"bu jiao","short":[],"senses":[],"note":"这个词有多个读音，当前读音尚未完成英语词义整理。请输入完整词组；不自动套用其他读音的释义。","source":"词伴 · 多读音保护","license":"GPL-3.0-or-later","review":"待按读音整理","blocked":true}
不觉#bu jue	{"word":"不觉","pinyin":"bu jue","short":[],"senses":[],"note":"这个词有多个读音，当前读音尚未完成英语词义整理。请输入完整词组；不自动套用其他读音的释义。","source":"词伴 · 多读音保护","license":"GPL-3.0-or-later","review":"待按读音整理","blocked":true}
且#ju	{"word":"且","pinyin":"ju","short":[],"senses":[],"note":"这个词有多个读音，当前读音尚未完成英语词义整理。请输入完整词组；不自动套用其他读音的释义。","source":"词伴 · 多读音保护","license":"GPL-3.0-or-later","review":"待按读音整理","blocked":true}
且#qie	{"word":"且","pinyin":"qie","short":[],"senses":[],"note":"这个词有多个读音，当前读音尚未完成英语词义整理。请输入完整词组；不自动套用其他读音的释义。","source":"词伴 · 多读音保护","license":"GPL-3.0-or-later","review":"待按读音整理","blocked":true}
两重天#liang chong tian	{"word":"两重天","pinyin":"liang chong tian","short":[],"senses":[],"note":"这个词有多个读音，当前读音尚未完成英语词义整理。请输入完整词组；不自动套用其他读音的释义。","source":"词伴 · 多读音保护","license":"GPL-3.0-or-later","review":"待按读音整理","blocked":true}
两重天#liang zhong tian	{"word":"两重天","pinyin":"liang zhong tian","short":[],"senses":[],"note":"这个词有多个读音，当前读音尚未完成英语词义整理。请输入完整词组；不自动套用其他读音的释义。","source":"词伴 · 多读音保护","license":"GPL-3.0-or-later","review":"待按读音整理","blocked":true}
中的#zhong de	{"word":"中的","pinyin":"zhong de","short":["in…"],"senses":[{"text":"in…","pos":"会话表达 / 短语"}],"note":"如“书中的内容”，英语需调整修饰顺序；与击中目标的 zhong di 不同。","source":"词伴 · AI 英语学习整理","license":"GPL-3.0-or-later","review":"未独立英语编辑校审"}
中的#zhong di	{"word":"中的","pinyin":"zhong di","short":["hit the target"],"senses":[{"text":"hit the target","pos":"动词 / 动词短语"}],"note":"较书面的命中目标；不是“…中的”的修饰结构。","source":"词伴 · AI 英语学习整理","license":"GPL-3.0-or-later","review":"未独立英语编辑校审"}
为#wei	{"word":"为","pinyin":"wei","short":["be","for"],"senses":[{"text":"be","pos":"动词 / 动词短语","lemma":"be"},{"text":"for","pos":"介词"}],"note":"wei2 常作动词，wei4 常作介词；不能固定套一个义项。","source":"词伴 · AI 英语学习整理","license":"GPL-3.0-or-later","review":"未独立英语编辑校审"}
么#ma	{"word":"么","pinyin":"ma","short":[],"senses":[],"note":"这个词有多个读音，当前读音尚未完成英语词义整理。请输入完整词组；不自动套用其他读音的释义。","source":"词伴 · 多读音保护","license":"GPL-3.0-or-later","review":"待按读音整理","blocked":true}
么#me	{"word":"么","pinyin":"me","short":["question particle"],"senses":[{"text":"question particle","pos":"助词 / 语法说明"}],"note":"通常作为“什么、怎么”等词的一部分，不固定逐字翻译。","source":"词伴 · AI 英语学习整理","license":"GPL-3.0-or-later","review":"未独立英语编辑校审"}
么#yao	{"word":"么","pinyin":"yao","short":[],"senses":[],"note":"这个词有多个读音，当前读音尚未完成英语词义整理。请输入完整词组；不自动套用其他读音的释义。","source":"词伴 · 多读音保护","license":"GPL-3.0-or-later","review":"待按读音整理","blocked":true}
乍暖还寒#zha nuan hai han	{"word":"乍暖还寒","pinyin":"zha nuan hai han","short":[],"senses":[],"note":"这个词有多个读音，当前读音尚未完成英语词义整理。请输入完整词组；不自动套用其他读音的释义。","source":"词伴 · 多读音保护","license":"GPL-3.0-or-later","review":"待按读音整理","blocked":true}
乍暖还寒#zha nuan huan han	{"word":"乍暖还寒","pinyin":"zha nuan huan han","short":[],"senses":[],"note":"这个词有多个读音，当前读音尚未完成英语词义整理。请输入完整词组；不自动套用其他读音的释义。","source":"词伴 · 多读音保护","license":"GPL-3.0-or-later","review":"待按读音整理","blocked":true}
乐#le	{"word":"乐","pinyin":"le","short":["happy","joy"],"senses":[{"text":"happy","pos":"形容词"},{"text":"joy","pos":"名词","lemma":"joy"}],"note":"快乐的含义；音乐中的乐读 yue。","source":"词伴 · AI 英语学习整理","license":"GPL-3.0-or-later","review":"未独立英语编辑校审"}
乐#yue	{"word":"乐","pinyin":"yue","short":["music"],"senses":[{"text":"music","pos":"名词","lemma":"music"}],"note":"音乐含义；music 通常不可数。","source":"词伴 · AI 英语学习整理","license":"GPL-3.0-or-later","review":"未独立英语编辑校审"}
乐句#le ju	{"word":"乐句","pinyin":"le ju","short":[],"senses":[],"note":"这个词有多个读音，当前读音尚未完成英语词义整理。请输入完整词组；不自动套用其他读音的释义。","source":"词伴 · 多读音保护","license":"GPL-3.0-or-later","review":"待按读音整理","blocked":true}
乐句#yue ju	{"word":"乐句","pinyin":"yue ju","short":[],"senses":[],"note":"这个词有多个读音，当前读音尚未完成英语词义整理。请输入完整词组；不自动套用其他读音的释义。","source":"词伴 · 多读音保护","license":"GPL-3.0-or-later","review":"待按读音整理","blocked":true}
乐感#le gan	{"word":"乐感","pinyin":"le gan","short":[],"senses":[],"note":"这个词有多个读音，当前读音尚未完成英语词义整理。请输入完整词组；不自动套用其他读音的释义。","source":"词伴 · 多读音保护","license":"GPL-3.0-or-later","review":"待按读音整理","blocked":true}
乐感#yue gan	{"word":"乐感","pinyin":"yue gan","short":[],"senses":[],"note":"这个词有多个读音，当前读音尚未完成英语词义整理。请输入完整词组；不自动套用其他读音的释义。","source":"词伴 · 多读音保护","license":"GPL-3.0-or-later","review":"待按读音整理","blocked":true}
乐手#le shou	{"word":"乐手","pinyin":"le shou","short":[],"senses":[],"note":"这个词有多个读音，当前读音尚未完成英语词义整理。请输入完整词组；不自动套用其他读音的释义。","source":"词伴 · 多读音保护","license":"GPL-3.0-or-later","review":"待按读音整理","blocked":true}
乐手#yue shou	{"word":"乐手","pinyin":"yue shou","short":[],"senses":[],"note":"这个词有多个读音，当前读音尚未完成英语词义整理。请输入完整词组；不自动套用其他读音的释义。","source":"词伴 · 多读音保护","license":"GPL-3.0-or-later","review":"待按读音整理","blocked":true}
乘#cheng	{"word":"乘","pinyin":"cheng","short":[],"senses":[],"note":"这个词有多个读音，当前读音尚未完成英语词义整理。请输入完整词组；不自动套用其他读音的释义。","source":"词伴 · 多读音保护","license":"GPL-3.0-or-later","review":"待按读音整理","blocked":true}
乘#sheng	{"word":"乘","pinyin":"sheng","short":[],"senses":[],"note":"这个词有多个读音，当前读音尚未完成英语词义整理。请输入完整词组；不自动套用其他读音的释义。","source":"词伴 · 多读音保护","license":"GPL-3.0-or-later","review":"待按读音整理","blocked":true}
乜#mie	{"word":"乜","pinyin":"mie","short":[],"senses":[],"note":"这个词有多个读音，当前读音尚未完成英语词义整理。请输入完整词组；不自动套用其他读音的释义。","source":"词伴 · 多读音保护","license":"GPL-3.0-or-later","review":"待按读音整理","blocked":true}
乜#nie	{"word":"乜","pinyin":"nie","short":[],"senses":[],"note":"这个词有多个读音，当前读音尚未完成英语词义整理。请输入完整词组；不自动套用其他读音的释义。","source":"词伴 · 多读音保护","license":"GPL-3.0-or-later","review":"待按读音整理","blocked":true}
乜斜#mie xie	{"word":"乜斜","pinyin":"mie xie","short":[],"senses":[],"note":"这个词有多个读音，当前读音尚未完成英语词义整理。请输入完整词组；不自动套用其他读音的释义。","source":"词伴 · 多读音保护","license":"GPL-3.0-or-later","review":"待按读音整理","blocked":true}
乜斜#nie xie	{"word":"乜斜","pinyin":"nie xie","short":[],"senses":[],"note":"这个词有多个读音，当前读音尚未完成英语词义整理。请输入完整词组；不自动套用其他读音的释义。","source":"词伴 · 多读音保护","license":"GPL-3.0-or-later","review":"待按读音整理","blocked":true}
也想#ye xiang	{"word":"也想","pinyin":"ye xiang","short":["also want…"],"senses":[{"text":"also want…","pos":"会话表达 / 短语"}],"note":"表达愿望；想法可用 also think。","example":"I also want to go.","source":"词伴 · AI 英语学习整理","license":"GPL-3.0-or-later","review":"未独立英语编辑校审"}
也有#ye you	{"word":"也有","pinyin":"ye you","short":["also have…"],"senses":[{"text":"also have…","pos":"会话表达 / 短语"}],"note":"“那里也有”可能用 there is also。","example":"I also have a bike.","source":"词伴 · AI 英语学习整理","license":"GPL-3.0-or-later","review":"未独立英语编辑校审"}
也要#ye yao	{"word":"也要","pinyin":"ye yao","short":["also want…","also need…"],"senses":[{"text":"also want…","pos":"会话表达 / 短语"},{"text":"also need…","pos":"会话表达 / 短语"}],"note":"愿望与需要要分清。","example":"I also need a ticket.","source":"词伴 · AI 英语学习整理","license":"GPL-3.0-or-later","review":"未独立英语编辑校审"}
乡长#xiang chang	{"word":"乡长","pinyin":"xiang chang","short":[],"senses":[],"note":"这个词有多个读音，当前读音尚未完成英语词义整理。请输入完整词组；不自动套用其他读音的释义。","source":"词伴 · 多读音保护","license":"GPL-3.0-or-later","review":"待按读音整理","blocked":true}
乡长#xiang zhang	{"word":"乡长","pinyin":"xiang zhang","short":[],"senses":[],"note":"这个词有多个读音，当前读音尚未完成英语词义整理。请输入完整词组；不自动套用其他读音的释义。","source":"词伴 · 多读音保护","license":"GPL-3.0-or-later","review":"待按读音整理","blocked":true}
书#shu	{"word":"书","pinyin":"shu","short":["book"],"senses":[{"text":"book","pos":"名词","lemma":"book"}],"countability":"可数名词","forms":"复数 books","note":"book 作动词也可表示预订。","example":"I'm reading a book.","source":"词伴 · AI 英语学习整理","license":"GPL-3.0-or-later","review":"未独立英语编辑校审"}
书归正传#shu gui zheng chuan	{"word":"书归正传","pinyin":"shu gui zheng chuan","short":[],"senses":[],"note":"这个词有多个读音，当前读音尚未完成英语词义整理。请输入完整词组；不自动套用其他读音的释义。","source":"词伴 · 多读音保护","license":"GPL-3.0-or-later","review":"待按读音整理","blocked":true}
书归正传#shu gui zheng zhuan	{"word":"书归正传","pinyin":"shu gui zheng zhuan","short":[],"senses":[],"note":"这个词有多个读音，当前读音尚未完成英语词义整理。请输入完整词组；不自动套用其他读音的释义。","source":"词伴 · 多读音保护","license":"GPL-3.0-or-later","review":"待按读音整理","blocked":true}
买#mai	{"word":"买","pinyin":"mai","short":["buy"],"senses":[{"text":"buy","pos":"动词 / 动词短语","lemma":"buy"}],"countability":"","forms":"buy–bought–bought","note":"买给某人 buy something for someone。","example":"I bought a ticket.","source":"词伴 · AI 英语学习整理","license":"GPL-3.0-or-later","review":"未独立英语编辑校审"}
买了#mai le	{"word":"买了","pinyin":"mai le","short":["bought"],"senses":[{"text":"bought","pos":"会话表达 / 短语"}],"note":"buy 的过去式和过去分词都是 bought。","example":"I bought a book.","source":"词伴 · AI 英语学习整理","license":"GPL-3.0-or-later","review":"未独立英语编辑校审"}
乳臭未干#ru chou wei gan	{"word":"乳臭未干","pinyin":"ru chou wei gan","short":[],"senses":[],"note":"这个词有多个读音，当前读音尚未完成英语词义整理。请输入完整词组；不自动套用其他读音的释义。","source":"词伴 · 多读音保护","license":"GPL-3.0-or-later","review":"待按读音整理","blocked":true}
乳臭未干#ru xiu wei gan	{"word":"乳臭未干","pinyin":"ru xiu wei gan","short":[],"senses":[],"note":"这个词有多个读音，当前读音尚未完成英语词义整理。请输入完整词组；不自动套用其他读音的释义。","source":"词伴 · 多读音保护","license":"GPL-3.0-or-later","review":"待按读音整理","blocked":true}
乾#gan	{"word":"乾","pinyin":"gan","short":[],"senses":[],"note":"这个词有多个读音，当前读音尚未完成英语词义整理。请输入完整词组；不自动套用其他读音的释义。","source":"词伴 · 多读音保护","license":"GPL-3.0-or-later","review":"待按读音整理","blocked":true}
乾#qian	{"word":"乾","pinyin":"qian","short":[],"senses":[],"note":"这个词有多个读音，当前读音尚未完成英语词义整理。请输入完整词组；不自动套用其他读音的释义。","source":"词伴 · 多读音保护","license":"GPL-3.0-or-later","review":"待按读音整理","blocked":true}
了#le	{"word":"了","pinyin":"le","short":["aspect particle"],"senses":[{"text":"aspect particle","pos":"助词 / 语法说明"}],"note":"表示完成或状态变化，不直接等于某一种英文时态。","source":"词伴 · AI 英语学习整理","license":"GPL-3.0-or-later","review":"未独立英语编辑校审"}
了#liao	{"word":"了","pinyin":"liao","short":["understand","finish"],"senses":[{"text":"understand","pos":"动词 / 动词短语","lemma":"understand"},{"text":"finish","pos":"动词 / 动词短语","lemma":"finish"}],"note":"了解、了结等词组分别处理。","source":"词伴 · AI 英语学习整理","license":"GPL-3.0-or-later","review":"未独立英语编辑校审"}
云杉#yun sha	{"word":"云杉","pinyin":"yun sha","short":[],"senses":[],"note":"这个词有多个读音，当前读音尚未完成英语词义整理。请输入完整词组；不自动套用其他读音的释义。","source":"词伴 · 多读音保护","license":"GPL-3.0-or-later","review":"待按读音整理","blocked":true}
云杉#yun shan	{"word":"云杉","pinyin":"yun shan","short":[],"senses":[],"note":"这个词有多个读音，当前读音尚未完成英语词义整理。请输入完整词组；不自动套用其他读音的释义。","source":"词伴 · 多读音保护","license":"GPL-3.0-or-later","review":"待按读音整理","blocked":true}
亟#ji	{"word":"亟","pinyin":"ji","short":[],"senses":[],"note":"这个词有多个读音，当前读音尚未完成英语词义整理。请输入完整词组；不自动套用其他读音的释义。","source":"词伴 · 多读音保护","license":"GPL-3.0-or-later","review":"待按读音整理","blocked":true}
亟#qi	{"word":"亟","pinyin":"qi","short":[],"senses":[],"note":"这个词有多个读音，当前读音尚未完成英语词义整理。请输入完整词组；不自动套用其他读音的释义。","source":"词伴 · 多读音保护","license":"GPL-3.0-or-later","review":"待按读音整理","blocked":true}
交恶#jiao e	{"word":"交恶","pinyin":"jiao e","short":[],"senses":[],"note":"这个词有多个读音，当前读音尚未完成英语词义整理。请输入完整词组；不自动套用其他读音的释义。","source":"词伴 · 多读音保护","license":"GPL-3.0-or-later","review":"待按读音整理","blocked":true}
交恶#jiao wu	{"word":"交恶","pinyin":"jiao wu","short":[],"senses":[],"note":"这个词有多个读音，当前读音尚未完成英语词义整理。请输入完整词组；不自动套用其他读音的释义。","source":"词伴 · 多读音保护","license":"GPL-3.0-or-later","review":"待按读音整理","blocked":true}
亲#qin	{"word":"亲","pinyin":"qin","short":["relative","kiss"],"senses":[{"text":"relative","pos":"名词","lemma":"relative"},{"text":"kiss","pos":"动词 / 动词短语","lemma":"kiss"}],"note":"亲属、亲吻或亲近的意思；聊天称呼“亲”需结合场合。","source":"词伴 · AI 英语学习整理","license":"GPL-3.0-or-later","review":"未独立英语编辑校审"}
亲#qing	{"word":"亲","pinyin":"qing","short":[],"senses":[],"note":"这个词有多个读音，当前读音尚未完成英语词义整理。请输入完整词组；不自动套用其他读音的释义。","source":"词伴 · 多读音保护","license":"GPL-3.0-or-later","review":"待按读音整理","blocked":true}
亹#men	{"word":"亹","pinyin":"men","short":[],"senses":[],"note":"这个词有多个读音，当前读音尚未完成英语词义整理。请输入完整词组；不自动套用其他读音的释义。","source":"词伴 · 多读音保护","license":"GPL-3.0-or-later","review":"待按读音整理","blocked":true}
亹#wei	{"word":"亹","pinyin":"wei","short":[],"senses":[],"note":"这个词有多个读音，当前读音尚未完成英语词义整理。请输入完整词组；不自动套用其他读音的释义。","source":"词伴 · 多读音保护","license":"GPL-3.0-or-later","review":"待按读音整理","blocked":true}
人#ren	{"word":"人","pinyin":"ren","short":["person","people"],"senses":[{"text":"person","pos":"名词","lemma":"person"},{"text":"people","pos":"名词","lemma":"person"}],"countability":"person 可数；people 常为复数","forms":"通常复数 people；特定语境 persons","note":"people 常表示多人；a people 可指一个民族，属于另一义项。","example":"There are three people here.","source":"词伴 · AI 英语学习整理","license":"GPL-3.0-or-later","review":"未独立英语编辑校审"}
什#shen	{"word":"什","pinyin":"shen","short":[],"senses":[],"note":"这个词有多个读音，当前读音尚未完成英语词义整理。请输入完整词组；不自动套用其他读音的释义。","source":"词伴 · 多读音保护","license":"GPL-3.0-or-later","review":"待按读音整理","blocked":true}
什#shi	{"word":"什","pinyin":"shi","short":[],"senses":[],"note":"这个词有多个读音，当前读音尚未完成英语词义整理。请输入完整词组；不自动套用其他读音的释义。","source":"词伴 · 多读音保护","license":"GPL-3.0-or-later","review":"待按读音整理","blocked":true}
仇#chou	{"word":"仇","pinyin":"chou","short":[],"senses":[],"note":"这个词有多个读音，当前读音尚未完成英语词义整理。请输入完整词组；不自动套用其他读音的释义。","source":"词伴 · 多读音保护","license":"GPL-3.0-or-later","review":"待按读音整理","blocked":true}
仇#qiu	{"word":"仇","pinyin":"qiu","short":[],"senses":[],"note":"这个词有多个读音，当前读音尚未完成英语词义整理。请输入完整词组；不自动套用其他读音的释义。","source":"词伴 · 多读音保护","license":"GPL-3.0-or-later","review":"待按读音整理","blocked":true}
今天#jin tian	{"word":"今天","pinyin":"jin tian","short":["today"],"senses":[{"text":"today","pos":"副词"}],"countability":"","forms":"","note":"谈当天；一般不说 on today。","example":"I'm busy today.","source":"词伴 · AI 英语学习整理","license":"GPL-3.0-or-later","review":"未独立英语编辑校审"}
仔#zai	{"word":"仔","pinyin":"zai","short":[],"senses":[],"note":"这个词有多个读音，当前读音尚未完成英语词义整理。请输入完整词组；不自动套用其他读音的释义。","source":"词伴 · 多读音保护","license":"GPL-3.0-or-later","review":"待按读音整理","blocked":true}
仔#zi	{"word":"仔","pinyin":"zi","short":[],"senses":[],"note":"这个词有多个读音，当前读音尚未完成英语词义整理。请输入完整词组；不自动套用其他读音的释义。","source":"词伴 · 多读音保护","license":"GPL-3.0-or-later","review":"待按读音整理","blocked":true}
仡#ge	{"word":"仡","pinyin":"ge","short":[],"senses":[],"note":"这个词有多个读音，当前读音尚未完成英语词义整理。请输入完整词组；不自动套用其他读音的释义。","source":"词伴 · 多读音保护","license":"GPL-3.0-or-later","review":"待按读音整理","blocked":true}
仡#yi	{"word":"仡","pinyin":"yi","short":[],"senses":[],"note":"这个词有多个读音，当前读音尚未完成英语词义整理。请输入完整词组；不自动套用其他读音的释义。","source":"词伴 · 多读音保护","license":"GPL-3.0-or-later","review":"待按读音整理","blocked":true}
价#jia	{"word":"价","pinyin":"jia","short":[],"senses":[],"note":"这个词有多个读音，当前读音尚未完成英语词义整理。请输入完整词组；不自动套用其他读音的释义。","source":"词伴 · 多读音保护","license":"GPL-3.0-or-later","review":"待按读音整理","blocked":true}
价#jie	{"word":"价","pinyin":"jie","short":[],"senses":[],"note":"这个词有多个读音，当前读音尚未完成英语词义整理。请输入完整词组；不自动套用其他读音的释义。","source":"词伴 · 多读音保护","license":"GPL-3.0-or-later","review":"待按读音整理","blocked":true}
会#hui	{"word":"会","pinyin":"hui","short":["can","meeting"],"senses":[{"text":"can","pos":"动词 / 动词短语","lemma":"can"},{"text":"meeting","pos":"名词","lemma":"meeting"}],"note":"能力与会议含义不同；将来和可能性也需语境。","source":"词伴 · AI 英语学习整理","license":"GPL-3.0-or-later","review":"未独立英语编辑校审"}
会#kuai	{"word":"会","pinyin":"kuai","short":["accounting"],"senses":[{"text":"accounting","pos":"名词","lemma":"accounting"}],"note":"如会计；通常按完整词组学习。","source":"词伴 · AI 英语学习整理","license":"GPL-3.0-or-later","review":"未独立英语编辑校审"}
会长#hui chang	{"word":"会长","pinyin":"hui chang","short":[],"senses":[],"note":"这个词有多个读音，当前读音尚未完成英语词义整理。请输入完整词组；不自动套用其他读音的释义。","source":"词伴 · 多读音保护","license":"GPL-3.0-or-later","review":"待按读音整理","blocked":true}
会长#hui zhang	{"word":"会长","pinyin":"hui zhang","short":[],"senses":[],"note":"这个词有多个读音，当前读音尚未完成英语词义整理。请输入完整词组；不自动套用其他读音的释义。","source":"词伴 · 多读音保护","license":"GPL-3.0-or-later","review":"待按读音整理","blocked":true}
传#chuan	{"word":"传","pinyin":"chuan","short":[],"senses":[],"note":"这个词有多个读音，当前读音尚未完成英语词义整理。请输入完整词组；不自动套用其他读音的释义。","source":"词伴 · 多读音保护","license":"GPL-3.0-or-later","review":"待按读音整理","blocked":true}
传#zhuan	{"word":"传","pinyin":"zhuan","short":[],"senses":[],"note":"这个词有多个读音，当前读音尚未完成英语词义整理。请输入完整词组；不自动套用其他读音的释义。","source":"词伴 · 多读音保护","license":"GPL-3.0-or-later","review":"待按读音整理","blocked":true}
伧#cang	{"word":"伧","pinyin":"cang","short":[],"senses":[],"note":"这个词有多个读音，当前读音尚未完成英语词义整理。请输入完整词组；不自动套用其他读音的释义。","source":"词伴 · 多读音保护","license":"GPL-3.0-or-later","review":"待按读音整理","blocked":true}
伧#chen	{"word":"伧","pinyin":"chen","short":[],"senses":[],"note":"这个词有多个读音，当前读音尚未完成英语词义整理。请输入完整词组；不自动套用其他读音的释义。","source":"词伴 · 多读音保护","license":"GPL-3.0-or-later","review":"待按读音整理","blocked":true}
伯#bai	{"word":"伯","pinyin":"bai","short":[],"senses":[],"note":"这个词有多个读音，当前读音尚未完成英语词义整理。请输入完整词组；不自动套用其他读音的释义。","source":"词伴 · 多读音保护","license":"GPL-3.0-or-later","review":"待按读音整理","blocked":true}
伯#bo	{"word":"伯","pinyin":"bo","short":[],"senses":[],"note":"这个词有多个读音，当前读音尚未完成英语词义整理。请输入完整词组；不自动套用其他读音的释义。","source":"词伴 · 多读音保护","license":"GPL-3.0-or-later","review":"待按读音整理","blocked":true}
伺#ci	{"word":"伺","pinyin":"ci","short":[],"senses":[],"note":"这个词有多个读音，当前读音尚未完成英语词义整理。请输入完整词组；不自动套用其他读音的释义。","source":"词伴 · 多读音保护","license":"GPL-3.0-or-later","review":"待按读音整理","blocked":true}
伺#si	{"word":"伺","pinyin":"si","short":[],"senses":[],"note":"这个词有多个读音，当前读音尚未完成英语词义整理。请输入完整词组；不自动套用其他读音的释义。","source":"词伴 · 多读音保护","license":"GPL-3.0-or-later","review":"待按读音整理","blocked":true}
伺弄#ci nong	{"word":"伺弄","pinyin":"ci nong","short":[],"senses":[],"note":"这个词有多个读音，当前读音尚未完成英语词义整理。请输入完整词组；不自动套用其他读音的释义。","source":"词伴 · 多读音保护","license":"GPL-3.0-or-later","review":"待按读音整理","blocked":true}
伺弄#si nong	{"word":"伺弄","pinyin":"si nong","short":[],"senses":[],"note":"这个词有多个读音，当前读音尚未完成英语词义整理。请输入完整词组；不自动套用其他读音的释义。","source":"词伴 · 多读音保护","license":"GPL-3.0-or-later","review":"待按读音整理","blocked":true}
似#shi	{"word":"似","pinyin":"shi","short":[],"senses":[],"note":"这个词有多个读音，当前读音尚未完成英语词义整理。请输入完整词组；不自动套用其他读音的释义。","source":"词伴 · 多读音保护","license":"GPL-3.0-or-later","review":"待按读音整理","blocked":true}
似#si	{"word":"似","pinyin":"si","short":[],"senses":[],"note":"这个词有多个读音，当前读音尚未完成英语词义整理。请输入完整词组；不自动套用其他读音的释义。","source":"词伴 · 多读音保护","license":"GPL-3.0-or-later","review":"待按读音整理","blocked":true}
伽#ga	{"word":"伽","pinyin":"ga","short":[],"senses":[],"note":"这个词有多个读音，当前读音尚未完成英语词义整理。请输入完整词组；不自动套用其他读音的释义。","source":"词伴 · 多读音保护","license":"GPL-3.0-or-later","review":"待按读音整理","blocked":true}
伽#jia	{"word":"伽","pinyin":"jia","short":[],"senses":[],"note":"这个词有多个读音，当前读音尚未完成英语词义整理。请输入完整词组；不自动套用其他读音的释义。","source":"词伴 · 多读音保护","license":"GPL-3.0-or-later","review":"待按读音整理","blocked":true}
伽#qie	{"word":"伽","pinyin":"qie","short":[],"senses":[],"note":"这个词有多个读音，当前读音尚未完成英语词义整理。请输入完整词组；不自动套用其他读音的释义。","source":"词伴 · 多读音保护","license":"GPL-3.0-or-later","review":"待按读音整理","blocked":true}
伽马刀#ga ma dao	{"word":"伽马刀","pinyin":"ga ma dao","short":[],"senses":[],"note":"这个词有多个读音，当前读音尚未完成英语词义整理。请输入完整词组；不自动套用其他读音的释义。","source":"词伴 · 多读音保护","license":"GPL-3.0-or-later","review":"待按读音整理","blocked":true}
伽马刀#jia ma dao	{"word":"伽马刀","pinyin":"jia ma dao","short":[],"senses":[],"note":"这个词有多个读音，当前读音尚未完成英语词义整理。请输入完整词组；不自动套用其他读音的释义。","source":"词伴 · 多读音保护","license":"GPL-3.0-or-later","review":"待按读音整理","blocked":true}
伽马射线#ga ma she xian	{"word":"伽马射线","pinyin":"ga ma she xian","short":[],"senses":[],"note":"这个词有多个读音，当前读音尚未完成英语词义整理。请输入完整词组；不自动套用其他读音的释义。","source":"词伴 · 多读音保护","license":"GPL-3.0-or-later","review":"待按读音整理","blocked":true}
伽马射线#jia ma she xian	{"word":"伽马射线","pinyin":"jia ma she xian","short":[],"senses":[],"note":"这个词有多个读音，当前读音尚未完成英语词义整理。请输入完整词组；不自动套用其他读音的释义。","source":"词伴 · 多读音保护","license":"GPL-3.0-or-later","review":"待按读音整理","blocked":true}
佃#dian	{"word":"佃","pinyin":"dian","short":[],"senses":[],"note":"这个词有多个读音，当前读音尚未完成英语词义整理。请输入完整词组；不自动套用其他读音的释义。","source":"词伴 · 多读音保护","license":"GPL-3.0-or-later","review":"待按读音整理","blocked":true}
佃#tian	{"word":"佃","pinyin":"tian","short":[],"senses":[],"note":"这个词有多个读音，当前读音尚未完成英语词义整理。请输入完整词组；不自动套用其他读音的释义。","source":"词伴 · 多读音保护","license":"GPL-3.0-or-later","review":"待按读音整理","blocked":true}
佛#fo	{"word":"佛","pinyin":"fo","short":[],"senses":[],"note":"这个词有多个读音，当前读音尚未完成英语词义整理。请输入完整词组；不自动套用其他读音的释义。","source":"词伴 · 多读音保护","license":"GPL-3.0-or-later","review":"待按读音整理","blocked":true}
佛#fu	{"word":"佛","pinyin":"fu","short":[],"senses":[],"note":"这个词有多个读音，当前读音尚未完成英语词义整理。请输入完整词组；不自动套用其他读音的释义。","source":"词伴 · 多读音保护","license":"GPL-3.0-or-later","review":"待按读音整理","blocked":true}
作乐#zuo le	{"word":"作乐","pinyin":"zuo le","short":[],"senses":[],"note":"这个词有多个读音，当前读音尚未完成英语词义整理。请输入完整词组；不自动套用其他读音的释义。","source":"词伴 · 多读音保护","license":"GPL-3.0-or-later","review":"待按读音整理","blocked":true}
作乐#zuo yue	{"word":"作乐","pinyin":"zuo yue","short":[],"senses":[],"note":"这个词有多个读音，当前读音尚未完成英语词义整理。请输入完整词组；不自动套用其他读音的释义。","source":"词伴 · 多读音保护","license":"GPL-3.0-or-later","review":"待按读音整理","blocked":true}
你不是#ni bu shi	{"word":"你不是","pinyin":"ni bu shi","short":["you aren't…"],"senses":[{"text":"you aren't…","pos":"会话表达 / 短语"}],"note":"后接补语；表达其他动作否定需要助动词。","example":"You aren't alone.","source":"词伴 · AI 英语学习整理","license":"GPL-3.0-or-later","review":"未独立英语编辑校审"}
你去#ni qu	{"word":"你去","pinyin":"ni qu","short":["you go…"],"senses":[{"text":"you go…","pos":"会话表达 / 短语"}],"note":"问目的地时注意问句结构。","example":"Where are you going?","source":"词伴 · AI 英语学习整理","license":"GPL-3.0-or-later","review":"未独立英语编辑校审"}
你可以#ni ke yi	{"word":"你可以","pinyin":"ni ke yi","short":["you can…"],"senses":[{"text":"you can…","pos":"会话表达 / 短语"}],"note":"can 后接动词原形。","example":"You can sit here.","source":"词伴 · AI 英语学习整理","license":"GPL-3.0-or-later","review":"未独立英语编辑校审"}
你在#ni zai	{"word":"你在","pinyin":"ni zai","short":["you are at…"],"senses":[{"text":"you are at…","pos":"会话表达 / 短语"}],"note":"表示地点；问正在做什么用 What are you doing?","example":"Are you at home?","source":"词伴 · AI 英语学习整理","license":"GPL-3.0-or-later","review":"未独立英语编辑校审"}
你好#ni hao	{"word":"你好","pinyin":"ni hao","short":["hello"],"senses":[{"text":"hello","pos":"叹词 / 礼貌表达"}],"countability":"","forms":"","note":"日常问候。","example":"Hello! How are you?","source":"词伴 · AI 英语学习整理","license":"GPL-3.0-or-later","review":"未独立英语编辑校审"}
你好吗#ni hao ma	{"word":"你好吗","pinyin":"ni hao ma","short":["how are you?"],"senses":[{"text":"how are you?","pos":"会话表达 / 短语"}],"note":"常见问候。","example":"How are you?","source":"词伴 · AI 英语学习整理","license":"GPL-3.0-or-later","review":"未独立英语编辑校审"}
你家#ni jia	{"word":"你家","pinyin":"ni jia","short":["your home","your house"],"senses":[{"text":"your home","pos":"会话表达 / 短语"},{"text":"your house","pos":"会话表达 / 短语"}],"note":"home 强调家，house 强调房屋。","example":"Is this your house?","source":"词伴 · AI 英语学习整理","license":"GPL-3.0-or-later","review":"未独立英语编辑校审"}
你怎么#ni zen me	{"word":"你怎么","pinyin":"ni zen me","short":["how do you…?"],"senses":[{"text":"how do you…?","pos":"会话表达 / 短语"}],"note":"“你怎么了”通常用 What's wrong?，不能机械逐字翻译。","example":"How do you get to work?","source":"词伴 · AI 英语学习整理","license":"GPL-3.0-or-later","review":"未独立英语编辑校审"}
你想#ni xiang	{"word":"你想","pinyin":"ni xiang","short":["you want…","you think…"],"senses":[{"text":"you want…","pos":"会话表达 / 短语"},{"text":"you think…","pos":"会话表达 / 短语"}],"note":"愿望和看法采用不同动词。","example":"What do you think?","source":"词伴 · AI 英语学习整理","license":"GPL-3.0-or-later","review":"未独立英语编辑校审"}
你是#ni shi	{"word":"你是","pinyin":"ni shi","short":["you are…"],"senses":[{"text":"you are…","pos":"会话表达 / 短语"}],"note":"后接身份、状态等补语。","example":"You are my friend.","source":"词伴 · AI 英语学习整理","license":"GPL-3.0-or-later","review":"未独立英语编辑校审"}
你要#ni yao	{"word":"你要","pinyin":"ni yao","short":["you want…","you need to…"],"senses":[{"text":"you want…","pos":"会话表达 / 短语"},{"text":"you need to…","pos":"会话表达 / 短语"}],"note":"意愿与必要性不能混用。","example":"Do you want some water?","source":"词伴 · AI 英语学习整理","license":"GPL-3.0-or-later","review":"未独立英语编辑校审"}
佴#er	{"word":"佴","pinyin":"er","short":[],"senses":[],"note":"这个词有多个读音，当前读音尚未完成英语词义整理。请输入完整词组；不自动套用其他读音的释义。","source":"词伴 · 多读音保护","license":"GPL-3.0-or-later","review":"待按读音整理","blocked":true}
佴#nai	{"word":"佴","pinyin":"nai","short":[],"senses":[],"note":"这个词有多个读音，当前读音尚未完成英语词义整理。请输入完整词组；不自动套用其他读音的释义。","source":"词伴 · 多读音保护","license":"GPL-3.0-or-later","review":"待按读音整理","blocked":true}
侗#dong	{"word":"侗","pinyin":"dong","short":[],"senses":[],"note":"这个词有多个读音，当前读音尚未完成英语词义整理。请输入完整词组；不自动套用其他读音的释义。","source":"词伴 · 多读音保护","license":"GPL-3.0-or-later","review":"待按读音整理","blocked":true}
侗#tong	{"word":"侗","pinyin":"tong","short":[],"senses":[],"note":"这个词有多个读音，当前读音尚未完成英语词义整理。请输入完整词组；不自动套用其他读音的释义。","source":"词伴 · 多读音保护","license":"GPL-3.0-or-later","review":"待按读音整理","blocked":true}
侥#jiao	{"word":"侥","pinyin":"jiao","short":[],"senses":[],"note":"这个词有多个读音，当前读音尚未完成英语词义整理。请输入完整词组；不自动套用其他读音的释义。","source":"词伴 · 多读音保护","license":"GPL-3.0-or-later","review":"待按读音整理","blocked":true}
侥#yao	{"word":"侥","pinyin":"yao","short":[],"senses":[],"note":"这个词有多个读音，当前读音尚未完成英语词义整理。请输入完整词组；不自动套用其他读音的释义。","source":"词伴 · 多读音保护","license":"GPL-3.0-or-later","review":"待按读音整理","blocked":true}
侧#ce	{"word":"侧","pinyin":"ce","short":[],"senses":[],"note":"这个词有多个读音，当前读音尚未完成英语词义整理。请输入完整词组；不自动套用其他读音的释义。","source":"词伴 · 多读音保护","license":"GPL-3.0-or-later","review":"待按读音整理","blocked":true}
侧#ze	{"word":"侧","pinyin":"ze","short":[],"senses":[],"note":"这个词有多个读音，当前读音尚未完成英语词义整理。请输入完整词组；不自动套用其他读音的释义。","source":"词伴 · 多读音保护","license":"GPL-3.0-or-later","review":"待按读音整理","blocked":true}
侧#zhai	{"word":"侧","pinyin":"zhai","short":[],"senses":[],"note":"这个词有多个读音，当前读音尚未完成英语词义整理。请输入完整词组；不自动套用其他读音的释义。","source":"词伴 · 多读音保护","license":"GPL-3.0-or-later","review":"待按读音整理","blocked":true}
便#bian	{"word":"便","pinyin":"bian","short":["convenient","then"],"senses":[{"text":"convenient","pos":"形容词"},{"text":"then","pos":"副词"}],"note":"方便或承接语；上下文决定含义。","source":"词伴 · AI 英语学习整理","license":"GPL-3.0-or-later","review":"未独立英语编辑校审"}
便#pian	{"word":"便","pinyin":"pian","short":["cheap"],"senses":[{"text":"cheap","pos":"形容词"}],"note":"便宜的读音；建议输入完整词组。","source":"词伴 · AI 英语学习整理","license":"GPL-3.0-or-later","review":"未独立英语编辑校审"}
便宜一点#pian yi yi dian	{"word":"便宜一点","pinyin":"pian yi yi dian","short":["a little cheaper"],"senses":[{"text":"a little cheaper","pos":"会话表达 / 短语"}],"note":"议价片段，完整礼貌表达需要问句。","example":"Could you make it a little cheaper?","source":"词伴 · AI 英语学习整理","license":"GPL-3.0-or-later","review":"未独立英语编辑校审"}
便秘#bian bi	{"word":"便秘","pinyin":"bian bi","short":[],"senses":[],"note":"这个词有多个读音，当前读音尚未完成英语词义整理。请输入完整词组；不自动套用其他读音的释义。","source":"词伴 · 多读音保护","license":"GPL-3.0-or-later","review":"待按读音整理","blocked":true}
便秘#bian mi	{"word":"便秘","pinyin":"bian mi","short":[],"senses":[],"note":"这个词有多个读音，当前读音尚未完成英语词义整理。请输入完整词组；不自动套用其他读音的释义。","source":"词伴 · 多读音保护","license":"GPL-3.0-or-later","review":"待按读音整理","blocked":true}
便血#bian xie	{"word":"便血","pinyin":"bian xie","short":[],"senses":[],"note":"这个词有多个读音，当前读音尚未完成英语词义整理。请输入完整词组；不自动套用其他读音的释义。","source":"词伴 · 多读音保护","license":"GPL-3.0-or-later","review":"待按读音整理","blocked":true}
便血#bian xue	{"word":"便血","pinyin":"bian xue","short":[],"senses":[],"note":"这个词有多个读音，当前读音尚未完成英语词义整理。请输入完整词组；不自动套用其他读音的释义。","source":"词伴 · 多读音保护","license":"GPL-3.0-or-later","review":"待按读音整理","blocked":true}
俞#shu	{"word":"俞","pinyin":"shu","short":[],"senses":[],"note":"这个词有多个读音，当前读音尚未完成英语词义整理。请输入完整词组；不自动套用其他读音的释义。","source":"词伴 · 多读音保护","license":"GPL-3.0-or-later","review":"待按读音整理","blocked":true}
俞#yu	{"word":"俞","pinyin":"yu","short":[],"senses":[],"note":"这个词有多个读音，当前读音尚未完成英语词义整理。请输入完整词组；不自动套用其他读音的释义。","source":"词伴 · 多读音保护","license":"GPL-3.0-or-later","review":"待按读音整理","blocked":true}
俟#qi	{"word":"俟","pinyin":"qi","short":[],"senses":[],"note":"这个词有多个读音，当前读音尚未完成英语词义整理。请输入完整词组；不自动套用其他读音的释义。","source":"词伴 · 多读音保护","license":"GPL-3.0-or-later","review":"待按读音整理","blocked":true}
俟#si	{"word":"俟","pinyin":"si","short":[],"senses":[],"note":"这个词有多个读音，当前读音尚未完成英语词义整理。请输入完整词组；不自动套用其他读音的释义。","source":"词伴 · 多读音保护","license":"GPL-3.0-or-later","review":"待按读音整理","blocked":true}
信息#xin xi	{"word":"信息","pinyin":"xin xi","short":["information"],"senses":[{"text":"information","pos":"名词","lemma":"information"}],"countability":"不可数名词","forms":"","note":"一条信息 a piece of information；不说 an information。","example":"I need more information.","source":"词伴 · AI 英语学习整理","license":"GPL-3.0-or-later","review":"未独立英语编辑校审"}
俩#lia	{"word":"俩","pinyin":"lia","short":["two","both"],"senses":[{"text":"two","pos":"数词"},{"text":"both","pos":"代词"}],"note":"口语“两个人”；后面一般不再加“个”。","source":"词伴 · AI 英语学习整理","license":"GPL-3.0-or-later","review":"未独立英语编辑校审"}
俩#liang	{"word":"俩","pinyin":"liang","short":[],"senses":[],"note":"这个词有多个读音，当前读音尚未完成英语词义整理。请输入完整词组；不自动套用其他读音的释义。","source":"词伴 · 多读音保护","license":"GPL-3.0-or-later","review":"待按读音整理","blocked":true}
俶#chu	{"word":"俶","pinyin":"chu","short":[],"senses":[],"note":"这个词有多个读音，当前读音尚未完成英语词义整理。请输入完整词组；不自动套用其他读音的释义。","source":"词伴 · 多读音保护","license":"GPL-3.0-or-later","review":"待按读音整理","blocked":true}
俶#ti	{"word":"俶","pinyin":"ti","short":[],"senses":[],"note":"这个词有多个读音，当前读音尚未完成英语词义整理。请输入完整词组；不自动套用其他读音的释义。","source":"词伴 · 多读音保护","license":"GPL-3.0-or-later","review":"待按读音整理","blocked":true}
倘#chang	{"word":"倘","pinyin":"chang","short":[],"senses":[],"note":"这个词有多个读音，当前读音尚未完成英语词义整理。请输入完整词组；不自动套用其他读音的释义。","source":"词伴 · 多读音保护","license":"GPL-3.0-or-later","review":"待按读音整理","blocked":true}
倘#tang	{"word":"倘","pinyin":"tang","short":[],"senses":[],"note":"这个词有多个读音，当前读音尚未完成英语词义整理。请输入完整词组；不自动套用其他读音的释义。","source":"词伴 · 多读音保护","license":"GPL-3.0-or-later","review":"待按读音整理","blocked":true}
倞#jing	{"word":"倞","pinyin":"jing","short":[],"senses":[],"note":"这个词有多个读音，当前读音尚未完成英语词义整理。请输入完整词组；不自动套用其他读音的释义。","source":"词伴 · 多读音保护","license":"GPL-3.0-or-later","review":"待按读音整理","blocked":true}
倞#liang	{"word":"倞","pinyin":"liang","short":[],"senses":[],"note":"这个词有多个读音，当前读音尚未完成英语词义整理。请输入完整词组；不自动套用其他读音的释义。","source":"词伴 · 多读音保护","license":"GPL-3.0-or-later","review":"待按读音整理","blocked":true}
偈#ji	{"word":"偈","pinyin":"ji","short":[],"senses":[],"note":"这个词有多个读音，当前读音尚未完成英语词义整理。请输入完整词组；不自动套用其他读音的释义。","source":"词伴 · 多读音保护","license":"GPL-3.0-or-later","review":"待按读音整理","blocked":true}
偈#jie	{"word":"偈","pinyin":"jie","short":[],"senses":[],"note":"这个词有多个读音，当前读音尚未完成英语词义整理。请输入完整词组；不自动套用其他读音的释义。","source":"词伴 · 多读音保护","license":"GPL-3.0-or-later","review":"待按读音整理","blocked":true}
做#zuo	{"word":"做","pinyin":"zuo","short":["do","make"],"senses":[{"text":"do","pos":"动词 / 动词短语","lemma":"do"},{"text":"make","pos":"动词 / 动词短语","lemma":"make"}],"countability":"","forms":"do–did–done；make–made–made","note":"do 常指活动，make 常指制作或产生；固定搭配需分别学习。","example":"I do my homework every day.","source":"词伴 · AI 英语学习整理","license":"GPL-3.0-or-later","review":"未独立英语编辑校审"}
偲#cai	{"word":"偲","pinyin":"cai","short":[],"senses":[],"note":"这个词有多个读音，当前读音尚未完成英语词义整理。请输入完整词组；不自动套用其他读音的释义。","source":"词伴 · 多读音保护","license":"GPL-3.0-or-later","review":"待按读音整理","blocked":true}
偲#si	{"word":"偲","pinyin":"si","short":[],"senses":[],"note":"这个词有多个读音，当前读音尚未完成英语词义整理。请输入完整词组；不自动套用其他读音的释义。","source":"词伴 · 多读音保护","license":"GPL-3.0-or-later","review":"待按读音整理","blocked":true}
偻#lou	{"word":"偻","pinyin":"lou","short":[],"senses":[],"note":"这个词有多个读音，当前读音尚未完成英语词义整理。请输入完整词组；不自动套用其他读音的释义。","source":"词伴 · 多读音保护","license":"GPL-3.0-or-later","review":"待按读音整理","blocked":true}
偻#lv	{"word":"偻","pinyin":"lv","short":[],"senses":[],"note":"这个词有多个读音，当前读音尚未完成英语词义整理。请输入完整词组；不自动套用其他读音的释义。","source":"词伴 · 多读音保护","license":"GPL-3.0-or-later","review":"待按读音整理","blocked":true}
傀#gui	{"word":"傀","pinyin":"gui","short":[],"senses":[],"note":"这个词有多个读音，当前读音尚未完成英语词义整理。请输入完整词组；不自动套用其他读音的释义。","source":"词伴 · 多读音保护","license":"GPL-3.0-or-later","review":"待按读音整理","blocked":true}
傀#kui	{"word":"傀","pinyin":"kui","short":[],"senses":[],"note":"这个词有多个读音，当前读音尚未完成英语词义整理。请输入完整词组；不自动套用其他读音的释义。","source":"词伴 · 多读音保护","license":"GPL-3.0-or-later","review":"待按读音整理","blocked":true}
僮#tong	{"word":"僮","pinyin":"tong","short":[],"senses":[],"note":"这个词有多个读音，当前读音尚未完成英语词义整理。请输入完整词组；不自动套用其他读音的释义。","source":"词伴 · 多读音保护","license":"GPL-3.0-or-later","review":"待按读音整理","blocked":true}
僮#zhuang	{"word":"僮","pinyin":"zhuang","short":[],"senses":[],"note":"这个词有多个读音，当前读音尚未完成英语词义整理。请输入完整词组；不自动套用其他读音的释义。","source":"词伴 · 多读音保护","license":"GPL-3.0-or-later","review":"待按读音整理","blocked":true}
全武行#quan wu hang	{"word":"全武行","pinyin":"quan wu hang","short":[],"senses":[],"note":"这个词有多个读音，当前读音尚未完成英语词义整理。请输入完整词组；不自动套用其他读音的释义。","source":"词伴 · 多读音保护","license":"GPL-3.0-or-later","review":"待按读音整理","blocked":true}
全武行#quan wu xing	{"word":"全武行","pinyin":"quan wu xing","short":[],"senses":[],"note":"这个词有多个读音，当前读音尚未完成英语词义整理。请输入完整词组；不自动套用其他读音的释义。","source":"词伴 · 多读音保护","license":"GPL-3.0-or-later","review":"待按读音整理","blocked":true}
公了#gong le	{"word":"公了","pinyin":"gong le","short":[],"senses":[],"note":"这个词有多个读音，当前读音尚未完成英语词义整理。请输入完整词组；不自动套用其他读音的释义。","source":"词伴 · 多读音保护","license":"GPL-3.0-or-later","review":"待按读音整理","blocked":true}
公了#gong liao	{"word":"公了","pinyin":"gong liao","short":[],"senses":[],"note":"这个词有多个读音，当前读音尚未完成英语词义整理。请输入完整词组；不自动套用其他读音的释义。","source":"词伴 · 多读音保护","license":"GPL-3.0-or-later","review":"待按读音整理","blocked":true}
六#liu	{"word":"六","pinyin":"liu","short":["six"],"senses":[{"text":"six","pos":"数词"}],"note":"数词；特定地名的读音可能不同。","source":"词伴 · AI 英语学习整理","license":"GPL-3.0-or-later","review":"未独立英语编辑校审"}
六#lu	{"word":"六","pinyin":"lu","short":[],"senses":[],"note":"这个词有多个读音，当前读音尚未完成英语词义整理。请输入完整词组；不自动套用其他读音的释义。","source":"词伴 · 多读音保护","license":"GPL-3.0-or-later","review":"待按读音整理","blocked":true}
其#ji	{"word":"其","pinyin":"ji","short":[],"senses":[],"note":"这个词有多个读音，当前读音尚未完成英语词义整理。请输入完整词组；不自动套用其他读音的释义。","source":"词伴 · 多读音保护","license":"GPL-3.0-or-later","review":"待按读音整理","blocked":true}
其#qi	{"word":"其","pinyin":"qi","short":["its","their"],"senses":[{"text":"its","pos":"代词"},{"text":"their","pos":"代词"}],"note":"偏书面；所指对象、人称和数需完整上下文。","source":"词伴 · AI 英语学习整理","license":"GPL-3.0-or-later","review":"未独立英语编辑校审"}
兹#ci	{"word":"兹","pinyin":"ci","short":[],"senses":[],"note":"这个词有多个读音，当前读音尚未完成英语词义整理。请输入完整词组；不自动套用其他读音的释义。","source":"词伴 · 多读音保护","license":"GPL-3.0-or-later","review":"待按读音整理","blocked":true}
兹#zi	{"word":"兹","pinyin":"zi","short":[],"senses":[],"note":"这个词有多个读音，当前读音尚未完成英语词义整理。请输入完整词组；不自动套用其他读音的释义。","source":"词伴 · 多读音保护","license":"GPL-3.0-or-later","review":"待按读音整理","blocked":true}
再见#zai jian	{"word":"再见","pinyin":"zai jian","short":["goodbye"],"senses":[{"text":"goodbye","pos":"叹词 / 礼貌表达"}],"countability":"","forms":"","note":"较口语也可说 bye。","example":"Goodbye. See you tomorrow.","source":"词伴 · AI 英语学习整理","license":"GPL-3.0-or-later","review":"未独立英语编辑校审"}
冒#mao	{"word":"冒","pinyin":"mao","short":[],"senses":[],"note":"这个词有多个读音，当前读音尚未完成英语词义整理。请输入完整词组；不自动套用其他读音的释义。","source":"词伴 · 多读音保护","license":"GPL-3.0-or-later","review":"待按读音整理","blocked":true}
冒#mo	{"word":"冒","pinyin":"mo","short":[],"senses":[],"note":"这个词有多个读音，当前读音尚未完成英语词义整理。请输入完整词组；不自动套用其他读音的释义。","source":"词伴 · 多读音保护","license":"GPL-3.0-or-later","review":"待按读音整理","blocked":true}
写#xie	{"word":"写","pinyin":"xie","short":["write"],"senses":[{"text":"write","pos":"动词 / 动词短语","lemma":"write"}],"countability":"","forms":"write–wrote–written","note":"write to someone 给某人写信。","example":"Please write your name here.","source":"词伴 · AI 英语学习整理","license":"GPL-3.0-or-later","review":"未独立英语编辑校审"}
军地#jun de	{"word":"军地","pinyin":"jun de","short":[],"senses":[],"note":"这个词有多个读音，当前读音尚未完成英语词义整理。请输入完整词组；不自动套用其他读音的释义。","source":"词伴 · 多读音保护","license":"GPL-3.0-or-later","review":"待按读音整理","blocked":true}
军地#jun di	{"word":"军地","pinyin":"jun di","short":[],"senses":[],"note":"这个词有多个读音，当前读音尚未完成英语词义整理。请输入完整词组；不自动套用其他读音的释义。","source":"词伴 · 多读音保护","license":"GPL-3.0-or-later","review":"待按读音整理","blocked":true}
冯#feng	{"word":"冯","pinyin":"feng","short":[],"senses":[],"note":"这个词有多个读音，当前读音尚未完成英语词义整理。请输入完整词组；不自动套用其他读音的释义。","source":"词伴 · 多读音保护","license":"GPL-3.0-or-later","review":"待按读音整理","blocked":true}
冯#ping	{"word":"冯","pinyin":"ping","short":[],"senses":[],"note":"这个词有多个读音，当前读音尚未完成英语词义整理。请输入完整词组；不自动套用其他读音的释义。","source":"词伴 · 多读音保护","license":"GPL-3.0-or-later","review":"待按读音整理","blocked":true}
冷轧#leng ya	{"word":"冷轧","pinyin":"leng ya","short":[],"senses":[],"note":"这个词有多个读音，当前读音尚未完成英语词义整理。请输入完整词组；不自动套用其他读音的释义。","source":"词伴 · 多读音保护","license":"GPL-3.0-or-later","review":"待按读音整理","blocked":true}
冷轧#leng zha	{"word":"冷轧","pinyin":"leng zha","short":[],"senses":[],"note":"这个词有多个读音，当前读音尚未完成英语词义整理。请输入完整词组；不自动套用其他读音的释义。","source":"词伴 · 多读音保护","license":"GPL-3.0-or-later","review":"待按读音整理","blocked":true}
凹#ao	{"word":"凹","pinyin":"ao","short":[],"senses":[],"note":"这个词有多个读音，当前读音尚未完成英语词义整理。请输入完整词组；不自动套用其他读音的释义。","source":"词伴 · 多读音保护","license":"GPL-3.0-or-later","review":"待按读音整理","blocked":true}
凹#wa	{"word":"凹","pinyin":"wa","short":[],"senses":[],"note":"这个词有多个读音，当前读音尚未完成英语词义整理。请输入完整词组；不自动套用其他读音的释义。","source":"词伴 · 多读音保护","license":"GPL-3.0-or-later","review":"待按读音整理","blocked":true}
出圈#chu juan	{"word":"出圈","pinyin":"chu juan","short":[],"senses":[],"note":"这个词有多个读音，当前读音尚未完成英语词义整理。请输入完整词组；不自动套用其他读音的释义。","source":"词伴 · 多读音保护","license":"GPL-3.0-or-later","review":"待按读音整理","blocked":true}
出圈#chu quan	{"word":"出圈","pinyin":"chu quan","short":[],"senses":[],"note":"这个词有多个读音，当前读音尚未完成英语词义整理。请输入完整词组；不自动套用其他读音的释义。","source":"词伴 · 多读音保护","license":"GPL-3.0-or-later","review":"待按读音整理","blocked":true}
出头露面#chu tou lou mian	{"word":"出头露面","pinyin":"chu tou lou mian","short":[],"senses":[],"note":"这个词有多个读音，当前读音尚未完成英语词义整理。请输入完整词组；不自动套用其他读音的释义。","source":"词伴 · 多读音保护","license":"GPL-3.0-or-later","review":"待按读音整理","blocked":true}
出头露面#chu tou lu mian	{"word":"出头露面","pinyin":"chu tou lu mian","short":[],"senses":[],"note":"这个词有多个读音，当前读音尚未完成英语词义整理。请输入完整词组；不自动套用其他读音的释义。","source":"词伴 · 多读音保护","license":"GPL-3.0-or-later","review":"待按读音整理","blocked":true}
出血#chu xie	{"word":"出血","pinyin":"chu xie","short":[],"senses":[],"note":"这个词有多个读音，当前读音尚未完成英语词义整理。请输入完整词组；不自动套用其他读音的释义。","source":"词伴 · 多读音保护","license":"GPL-3.0-or-later","review":"待按读音整理","blocked":true}
出血#chu xue	{"word":"出血","pinyin":"chu xue","short":[],"senses":[],"note":"这个词有多个读音，当前读音尚未完成英语词义整理。请输入完整词组；不自动套用其他读音的释义。","source":"词伴 · 多读音保护","license":"GPL-3.0-or-later","review":"待按读音整理","blocked":true}
凿#zao	{"word":"凿","pinyin":"zao","short":[],"senses":[],"note":"这个词有多个读音，当前读音尚未完成英语词义整理。请输入完整词组；不自动套用其他读音的释义。","source":"词伴 · 多读音保护","license":"GPL-3.0-or-later","review":"待按读音整理","blocked":true}
凿#zuo	{"word":"凿","pinyin":"zuo","short":[],"senses":[],"note":"这个词有多个读音，当前读音尚未完成英语词义整理。请输入完整词组；不自动套用其他读音的释义。","source":"词伴 · 多读音保护","license":"GPL-3.0-or-later","review":"待按读音整理","blocked":true}
分行#fen hang	{"word":"分行","pinyin":"fen hang","short":[],"senses":[],"note":"这个词有多个读音，当前读音尚未完成英语词义整理。请输入完整词组；不自动套用其他读音的释义。","source":"词伴 · 多读音保护","license":"GPL-3.0-or-later","review":"待按读音整理","blocked":true}
分行#fen xing	{"word":"分行","pinyin":"fen xing","short":[],"senses":[],"note":"这个词有多个读音，当前读音尚未完成英语词义整理。请输入完整词组；不自动套用其他读音的释义。","source":"词伴 · 多读音保护","license":"GPL-3.0-or-later","review":"待按读音整理","blocked":true}
划#hua	{"word":"划","pinyin":"hua","short":[],"senses":[],"note":"这个词有多个读音，当前读音尚未完成英语词义整理。请输入完整词组；不自动套用其他读音的释义。","source":"词伴 · 多读音保护","license":"GPL-3.0-or-later","review":"待按读音整理","blocked":true}
划#huai	{"word":"划","pinyin":"huai","short":[],"senses":[],"note":"这个词有多个读音，当前读音尚未完成英语词义整理。请输入完整词组；不自动套用其他读音的释义。","source":"词伴 · 多读音保护","license":"GPL-3.0-or-later","review":"待按读音整理","blocked":true}
刨#bao	{"word":"刨","pinyin":"bao","short":[],"senses":[],"note":"这个词有多个读音，当前读音尚未完成英语词义整理。请输入完整词组；不自动套用其他读音的释义。","source":"词伴 · 多读音保护","license":"GPL-3.0-or-later","review":"待按读音整理","blocked":true}
刨#pao	{"word":"刨","pinyin":"pao","short":[],"senses":[],"note":"这个词有多个读音，当前读音尚未完成英语词义整理。请输入完整词组；不自动套用其他读音的释义。","source":"词伴 · 多读音保护","license":"GPL-3.0-or-later","review":"待按读音整理","blocked":true}
刨食#bao shi	{"word":"刨食","pinyin":"bao shi","short":[],"senses":[],"note":"这个词有多个读音，当前读音尚未完成英语词义整理。请输入完整词组；不自动套用其他读音的释义。","source":"词伴 · 多读音保护","license":"GPL-3.0-or-later","review":"待按读音整理","blocked":true}
刨食#pao shi	{"word":"刨食","pinyin":"pao shi","short":[],"senses":[],"note":"这个词有多个读音，当前读音尚未完成英语词义整理。请输入完整词组；不自动套用其他读音的释义。","source":"词伴 · 多读音保护","license":"GPL-3.0-or-later","review":"待按读音整理","blocked":true}
别无长物#bie wu chang wu	{"word":"别无长物","pinyin":"bie wu chang wu","short":[],"senses":[],"note":"这个词有多个读音，当前读音尚未完成英语词义整理。请输入完整词组；不自动套用其他读音的释义。","source":"词伴 · 多读音保护","license":"GPL-3.0-or-later","review":"待按读音整理","blocked":true}
别无长物#bie wu zhang wu	{"word":"别无长物","pinyin":"bie wu zhang wu","short":[],"senses":[],"note":"这个词有多个读音，当前读音尚未完成英语词义整理。请输入完整词组；不自动套用其他读音的释义。","source":"词伴 · 多读音保护","license":"GPL-3.0-or-later","review":"待按读音整理","blocked":true}
别着急#bie zhao ji	{"word":"别着急","pinyin":"bie zhao ji","short":["don't worry","don't rush"],"senses":[{"text":"don't worry","pos":"会话表达 / 短语"},{"text":"don't rush","pos":"会话表达 / 短语"}],"note":"担心和赶时间是不同语境。","example":"Don't rush. We have time.","source":"词伴 · AI 英语学习整理","license":"GPL-3.0-or-later","review":"未独立英语编辑校审"}
刮削#gua xiao	{"word":"刮削","pinyin":"gua xiao","short":[],"senses":[],"note":"这个词有多个读音，当前读音尚未完成英语词义整理。请输入完整词组；不自动套用其他读音的释义。","source":"词伴 · 多读音保护","license":"GPL-3.0-or-later","review":"待按读音整理","blocked":true}
刮削#gua xue	{"word":"刮削","pinyin":"gua xue","short":[],"senses":[],"note":"这个词有多个读音，当前读音尚未完成英语词义整理。请输入完整词组；不自动套用其他读音的释义。","source":"词伴 · 多读音保护","license":"GPL-3.0-or-later","review":"待按读音整理","blocked":true}
刷卡#shua ka	{"word":"刷卡","pinyin":"shua ka","short":["pay by card"],"senses":[{"text":"pay by card","pos":"会话表达 / 短语"}],"note":"使用银行卡付款。","example":"Can I pay by card?","source":"词伴 · AI 英语学习整理","license":"GPL-3.0-or-later","review":"未独立英语编辑校审"}
券#quan	{"word":"券","pinyin":"quan","short":[],"senses":[],"note":"这个词有多个读音，当前读音尚未完成英语词义整理。请输入完整词组；不自动套用其他读音的释义。","source":"词伴 · 多读音保护","license":"GPL-3.0-or-later","review":"待按读音整理","blocked":true}
券#xuan	{"word":"券","pinyin":"xuan","short":[],"senses":[],"note":"这个词有多个读音，当前读音尚未完成英语词义整理。请输入完整词组；不自动套用其他读音的释义。","source":"词伴 · 多读音保护","license":"GPL-3.0-or-later","review":"待按读音整理","blocked":true}
刹#cha	{"word":"刹","pinyin":"cha","short":[],"senses":[],"note":"这个词有多个读音，当前读音尚未完成英语词义整理。请输入完整词组；不自动套用其他读音的释义。","source":"词伴 · 多读音保护","license":"GPL-3.0-or-later","review":"待按读音整理","blocked":true}
刹#sha	{"word":"刹","pinyin":"sha","short":[],"senses":[],"note":"这个词有多个读音，当前读音尚未完成英语词义整理。请输入完整词组；不自动套用其他读音的释义。","source":"词伴 · 多读音保护","license":"GPL-3.0-or-later","review":"待按读音整理","blocked":true}
刺参#ci can	{"word":"刺参","pinyin":"ci can","short":[],"senses":[],"note":"这个词有多个读音，当前读音尚未完成英语词义整理。请输入完整词组；不自动套用其他读音的释义。","source":"词伴 · 多读音保护","license":"GPL-3.0-or-later","review":"待按读音整理","blocked":true}
刺参#ci shen	{"word":"刺参","pinyin":"ci shen","short":[],"senses":[],"note":"这个词有多个读音，当前读音尚未完成英语词义整理。请输入完整词组；不自动套用其他读音的释义。","source":"词伴 · 多读音保护","license":"GPL-3.0-or-later","review":"待按读音整理","blocked":true}
削#xiao	{"word":"削","pinyin":"xiao","short":[],"senses":[],"note":"这个词有多个读音，当前读音尚未完成英语词义整理。请输入完整词组；不自动套用其他读音的释义。","source":"词伴 · 多读音保护","license":"GPL-3.0-or-later","review":"待按读音整理","blocked":true}
削#xue	{"word":"削","pinyin":"xue","short":[],"senses":[],"note":"这个词有多个读音，当前读音尚未完成英语词义整理。请输入完整词组；不自动套用其他读音的释义。","source":"词伴 · 多读音保护","license":"GPL-3.0-or-later","review":"待按读音整理","blocked":true}
削球#xiao qiu	{"word":"削球","pinyin":"xiao qiu","short":[],"senses":[],"note":"这个词有多个读音，当前读音尚未完成英语词义整理。请输入完整词组；不自动套用其他读音的释义。","source":"词伴 · 多读音保护","license":"GPL-3.0-or-later","review":"待按读音整理","blocked":true}
削球#xue qiu	{"word":"削球","pinyin":"xue qiu","short":[],"senses":[],"note":"这个词有多个读音，当前读音尚未完成英语词义整理。请输入完整词组；不自动套用其他读音的释义。","source":"词伴 · 多读音保护","license":"GPL-3.0-or-later","review":"待按读音整理","blocked":true}
剋#ke	{"word":"剋","pinyin":"ke","short":[],"senses":[],"note":"这个词有多个读音，当前读音尚未完成英语词义整理。请输入完整词组；不自动套用其他读音的释义。","source":"词伴 · 多读音保护","license":"GPL-3.0-or-later","review":"待按读音整理","blocked":true}
剋#kei	{"word":"剋","pinyin":"kei","short":[],"senses":[],"note":"这个词有多个读音，当前读音尚未完成英语词义整理。请输入完整词组；不自动套用其他读音的释义。","source":"词伴 · 多读音保护","license":"GPL-3.0-or-later","review":"待按读音整理","blocked":true}
剡#shan	{"word":"剡","pinyin":"shan","short":[],"senses":[],"note":"这个词有多个读音，当前读音尚未完成英语词义整理。请输入完整词组；不自动套用其他读音的释义。","source":"词伴 · 多读音保护","license":"GPL-3.0-or-later","review":"待按读音整理","blocked":true}
剡#yan	{"word":"剡","pinyin":"yan","short":[],"senses":[],"note":"这个词有多个读音，当前读音尚未完成英语词义整理。请输入完整词组；不自动套用其他读音的释义。","source":"词伴 · 多读音保护","license":"GPL-3.0-or-later","review":"待按读音整理","blocked":true}
剥#bao	{"word":"剥","pinyin":"bao","short":[],"senses":[],"note":"这个词有多个读音，当前读音尚未完成英语词义整理。请输入完整词组；不自动套用其他读音的释义。","source":"词伴 · 多读音保护","license":"GPL-3.0-or-later","review":"待按读音整理","blocked":true}
剥#bo	{"word":"剥","pinyin":"bo","short":[],"senses":[],"note":"这个词有多个读音，当前读音尚未完成英语词义整理。请输入完整词组；不自动套用其他读音的释义。","source":"词伴 · 多读音保护","license":"GPL-3.0-or-later","review":"待按读音整理","blocked":true}
剿#chao	{"word":"剿","pinyin":"chao","short":[],"senses":[],"note":"这个词有多个读音，当前读音尚未完成英语词义整理。请输入完整词组；不自动套用其他读音的释义。","source":"词伴 · 多读音保护","license":"GPL-3.0-or-later","review":"待按读音整理","blocked":true}
剿#jiao	{"word":"剿","pinyin":"jiao","short":[],"senses":[],"note":"这个词有多个读音，当前读音尚未完成英语词义整理。请输入完整词组；不自动套用其他读音的释义。","source":"词伴 · 多读音保护","license":"GPL-3.0-or-later","review":"待按读音整理","blocked":true}
功不可没#gong bu ke mei	{"word":"功不可没","pinyin":"gong bu ke mei","short":[],"senses":[],"note":"这个词有多个读音，当前读音尚未完成英语词义整理。请输入完整词组；不自动套用其他读音的释义。","source":"词伴 · 多读音保护","license":"GPL-3.0-or-later","review":"待按读音整理","blocked":true}
功不可没#gong bu ke mo	{"word":"功不可没","pinyin":"gong bu ke mo","short":[],"senses":[],"note":"这个词有多个读音，当前读音尚未完成英语词义整理。请输入完整词组；不自动套用其他读音的释义。","source":"词伴 · 多读音保护","license":"GPL-3.0-or-later","review":"待按读音整理","blocked":true}
加德满都#jia de man dou	{"word":"加德满都","pinyin":"jia de man dou","short":[],"senses":[],"note":"这个词有多个读音，当前读音尚未完成英语词义整理。请输入完整词组；不自动套用其他读音的释义。","source":"词伴 · 多读音保护","license":"GPL-3.0-or-later","review":"待按读音整理","blocked":true}
加德满都#jia de man du	{"word":"加德满都","pinyin":"jia de man du","short":[],"senses":[],"note":"这个词有多个读音，当前读音尚未完成英语词义整理。请输入完整词组；不自动套用其他读音的释义。","source":"词伴 · 多读音保护","license":"GPL-3.0-or-later","review":"待按读音整理","blocked":true}
加油#jia you	{"word":"加油","pinyin":"jia you","short":["you can do it!","refuel"],"senses":[{"text":"you can do it!","pos":"会话表达 / 短语"},{"text":"refuel","pos":"会话表达 / 短语"}],"note":"鼓励与给车辆加油完全不同。","example":"You can do it!","source":"词伴 · AI 英语学习整理","license":"GPL-3.0-or-later","review":"未独立英语编辑校审"}
劲#jin	{"word":"劲","pinyin":"jin","short":[],"senses":[],"note":"这个词有多个读音，当前读音尚未完成英语词义整理。请输入完整词组；不自动套用其他读音的释义。","source":"词伴 · 多读音保护","license":"GPL-3.0-or-later","review":"待按读音整理","blocked":true}
劲#jing	{"word":"劲","pinyin":"jing","short":[],"senses":[],"note":"这个词有多个读音，当前读音尚未完成英语词义整理。请输入完整词组；不自动套用其他读音的释义。","source":"词伴 · 多读音保护","license":"GPL-3.0-or-later","review":"待按读音整理","blocked":true}
劲升#jin sheng	{"word":"劲升","pinyin":"jin sheng","short":[],"senses":[],"note":"这个词有多个读音，当前读音尚未完成英语词义整理。请输入完整词组；不自动套用其他读音的释义。","source":"词伴 · 多读音保护","license":"GPL-3.0-or-later","review":"待按读音整理","blocked":true}
劲升#jing sheng	{"word":"劲升","pinyin":"jing sheng","short":[],"senses":[],"note":"这个词有多个读音，当前读音尚未完成英语词义整理。请输入完整词组；不自动套用其他读音的释义。","source":"词伴 · 多读音保护","license":"GPL-3.0-or-later","review":"待按读音整理","blocked":true}
劲风#jin feng	{"word":"劲风","pinyin":"jin feng","short":[],"senses":[],"note":"这个词有多个读音，当前读音尚未完成英语词义整理。请输入完整词组；不自动套用其他读音的释义。","source":"词伴 · 多读音保护","license":"GPL-3.0-or-later","review":"待按读音整理","blocked":true}
劲风#jing feng	{"word":"劲风","pinyin":"jing feng","short":[],"senses":[],"note":"这个词有多个读音，当前读音尚未完成英语词义整理。请输入完整词组；不自动套用其他读音的释义。","source":"词伴 · 多读音保护","license":"GPL-3.0-or-later","review":"待按读音整理","blocked":true}
勒#le	{"word":"勒","pinyin":"le","short":["force","rein in"],"senses":[{"text":"force","pos":"动词 / 动词短语","lemma":"force"},{"text":"rein in","pos":"动词 / 动词短语"}],"note":"勒令、勒马等用法分别处理。","source":"词伴 · AI 英语学习整理","license":"GPL-3.0-or-later","review":"未独立英语编辑校审"}
勒#lei	{"word":"勒","pinyin":"lei","short":["tighten","strangle"],"senses":[{"text":"tighten","pos":"动词 / 动词短语","lemma":"tighten"},{"text":"strangle","pos":"动词 / 动词短语","lemma":"strangle"}],"note":"勒紧或勒住；与 le 的其他义项不同。","source":"词伴 · AI 英语学习整理","license":"GPL-3.0-or-later","review":"未独立英语编辑校审"}
勒紧裤带#le jin ku dai	{"word":"勒紧裤带","pinyin":"le jin ku dai","short":[],"senses":[],"note":"这个词有多个读音，当前读音尚未完成英语词义整理。请输入完整词组；不自动套用其他读音的释义。","source":"词伴 · 多读音保护","license":"GPL-3.0-or-later","review":"待按读音整理","blocked":true}
勒紧裤带#lei jin ku dai	{"word":"勒紧裤带","pinyin":"lei jin ku dai","short":[],"senses":[],"note":"这个词有多个读音，当前读音尚未完成英语词义整理。请输入完整词组；不自动套用其他读音的释义。","source":"词伴 · 多读音保护","license":"GPL-3.0-or-later","review":"待按读音整理","blocked":true}
匙#chi	{"word":"匙","pinyin":"chi","short":[],"senses":[],"note":"这个词有多个读音，当前读音尚未完成英语词义整理。请输入完整词组；不自动套用其他读音的释义。","source":"词伴 · 多读音保护","license":"GPL-3.0-or-later","review":"待按读音整理","blocked":true}
匙#shi	{"word":"匙","pinyin":"shi","short":[],"senses":[],"note":"这个词有多个读音，当前读音尚未完成英语词义整理。请输入完整词组；不自动套用其他读音的释义。","source":"词伴 · 多读音保护","license":"GPL-3.0-or-later","review":"待按读音整理","blocked":true}
区#ou	{"word":"区","pinyin":"ou","short":[],"senses":[],"note":"这个词有多个读音，当前读音尚未完成英语词义整理。请输入完整词组；不自动套用其他读音的释义。","source":"词伴 · 多读音保护","license":"GPL-3.0-or-later","review":"待按读音整理","blocked":true}
区#qu	{"word":"区","pinyin":"qu","short":["district","area"],"senses":[{"text":"district","pos":"名词","lemma":"district"},{"text":"area","pos":"名词","lemma":"area"}],"note":"行政区或区域；姓氏区另有读音。","source":"词伴 · AI 英语学习整理","license":"GPL-3.0-or-later","review":"未独立英语编辑校审"}
卒#cu	{"word":"卒","pinyin":"cu","short":[],"senses":[],"note":"这个词有多个读音，当前读音尚未完成英语词义整理。请输入完整词组；不自动套用其他读音的释义。","source":"词伴 · 多读音保护","license":"GPL-3.0-or-later","review":"待按读音整理","blocked":true}
卒#zu	{"word":"卒","pinyin":"zu","short":[],"senses":[],"note":"这个词有多个读音，当前读音尚未完成英语词义整理。请输入完整词组；不自动套用其他读音的释义。","source":"词伴 · 多读音保护","license":"GPL-3.0-or-later","review":"待按读音整理","blocked":true}
单#chan	{"word":"单","pinyin":"chan","short":[],"senses":[],"note":"这个词有多个读音，当前读音尚未完成英语词义整理。请输入完整词组；不自动套用其他读音的释义。","source":"词伴 · 多读音保护","license":"GPL-3.0-or-later","review":"待按读音整理","blocked":true}
单#dan	{"word":"单","pinyin":"dan","short":[],"senses":[],"note":"这个词有多个读音，当前读音尚未完成英语词义整理。请输入完整词组；不自动套用其他读音的释义。","source":"词伴 · 多读音保护","license":"GPL-3.0-or-later","review":"待按读音整理","blocked":true}
单#shan	{"word":"单","pinyin":"shan","short":[],"senses":[],"note":"这个词有多个读音，当前读音尚未完成英语词义整理。请输入完整词组；不自动套用其他读音的释义。","source":"词伴 · 多读音保护","license":"GPL-3.0-or-later","review":"待按读音整理","blocked":true}
南#na	{"word":"南","pinyin":"na","short":[],"senses":[],"note":"这个词有多个读音，当前读音尚未完成英语词义整理。请输入完整词组；不自动套用其他读音的释义。","source":"词伴 · 多读音保护","license":"GPL-3.0-or-later","review":"待按读音整理","blocked":true}
南#nan	{"word":"南","pinyin":"nan","short":["south"],"senses":[{"text":"south","pos":"名词","lemma":"south"}],"note":"方向；具体作名词、形容词或副词需结合句子。","source":"词伴 · AI 英语学习整理","license":"GPL-3.0-or-later","review":"未独立英语编辑校审"}
卜#bo	{"word":"卜","pinyin":"bo","short":[],"senses":[],"note":"这个词有多个读音，当前读音尚未完成英语词义整理。请输入完整词组；不自动套用其他读音的释义。","source":"词伴 · 多读音保护","license":"GPL-3.0-or-later","review":"待按读音整理","blocked":true}
卜#bu	{"word":"卜","pinyin":"bu","short":[],"senses":[],"note":"这个词有多个读音，当前读音尚未完成英语词义整理。请输入完整词组；不自动套用其他读音的释义。","source":"词伴 · 多读音保护","license":"GPL-3.0-or-later","review":"待按读音整理","blocked":true}
卡#ka	{"word":"卡","pinyin":"ka","short":["card"],"senses":[{"text":"card","pos":"名词","lemma":"card"}],"note":"卡片、银行卡；卡住的卡也可能读 qia。","source":"词伴 · AI 英语学习整理","license":"GPL-3.0-or-later","review":"未独立英语编辑校审"}
卡#qia	{"word":"卡","pinyin":"qia","short":["get stuck","block"],"senses":[{"text":"get stuck","pos":"动词 / 动词短语"},{"text":"block","pos":"动词 / 动词短语","lemma":"block"}],"note":"卡住、卡口等词组；卡片 card 通常读 ka。","source":"词伴 · AI 英语学习整理","license":"GPL-3.0-or-later","review":"未独立英语编辑校审"}
卡壳#ka ke	{"word":"卡壳","pinyin":"ka ke","short":[],"senses":[],"note":"这个词有多个读音，当前读音尚未完成英语词义整理。请输入完整词组；不自动套用其他读音的释义。","source":"词伴 · 多读音保护","license":"GPL-3.0-or-later","review":"待按读音整理","blocked":true}
卡壳#qia ke	{"word":"卡壳","pinyin":"qia ke","short":[],"senses":[],"note":"这个词有多个读音，当前读音尚未完成英语词义整理。请输入完整词组；不自动套用其他读音的释义。","source":"词伴 · 多读音保护","license":"GPL-3.0-or-later","review":"待按读音整理","blocked":true}
卡子#ka zi	{"word":"卡子","pinyin":"ka zi","short":[],"senses":[],"note":"这个词有多个读音，当前读音尚未完成英语词义整理。请输入完整词组；不自动套用其他读音的释义。","source":"词伴 · 多读音保护","license":"GPL-3.0-or-later","review":"待按读音整理","blocked":true}
卡子#qia zi	{"word":"卡子","pinyin":"qia zi","short":[],"senses":[],"note":"这个词有多个读音，当前读音尚未完成英语词义整理。请输入完整词组；不自动套用其他读音的释义。","source":"词伴 · 多读音保护","license":"GPL-3.0-or-later","review":"待按读音整理","blocked":true}
卡脖子#ka bo zi	{"word":"卡脖子","pinyin":"ka bo zi","short":[],"senses":[],"note":"这个词有多个读音，当前读音尚未完成英语词义整理。请输入完整词组；不自动套用其他读音的释义。","source":"词伴 · 多读音保护","license":"GPL-3.0-or-later","review":"待按读音整理","blocked":true}
卡脖子#qia bo zi	{"word":"卡脖子","pinyin":"qia bo zi","short":[],"senses":[],"note":"这个词有多个读音，当前读音尚未完成英语词义整理。请输入完整词组；不自动套用其他读音的释义。","source":"词伴 · 多读音保护","license":"GPL-3.0-or-later","review":"待按读音整理","blocked":true}
厂#an	{"word":"厂","pinyin":"an","short":[],"senses":[],"note":"这个词有多个读音，当前读音尚未完成英语词义整理。请输入完整词组；不自动套用其他读音的释义。","source":"词伴 · 多读音保护","license":"GPL-3.0-or-later","review":"待按读音整理","blocked":true}
厂#chang	{"word":"厂","pinyin":"chang","short":[],"senses":[],"note":"这个词有多个读音，当前读音尚未完成英语词义整理。请输入完整词组；不自动套用其他读音的释义。","source":"词伴 · 多读音保护","license":"GPL-3.0-or-later","review":"待按读音整理","blocked":true}
厕#ce	{"word":"厕","pinyin":"ce","short":[],"senses":[],"note":"这个词有多个读音，当前读音尚未完成英语词义整理。请输入完整词组；不自动套用其他读音的释义。","source":"词伴 · 多读音保护","license":"GPL-3.0-or-later","review":"待按读音整理","blocked":true}
厕#si	{"word":"厕","pinyin":"si","short":[],"senses":[],"note":"这个词有多个读音，当前读音尚未完成英语词义整理。请输入完整词组；不自动套用其他读音的释义。","source":"词伴 · 多读音保护","license":"GPL-3.0-or-later","review":"待按读音整理","blocked":true}
厖#mang	{"word":"厖","pinyin":"mang","short":[],"senses":[],"note":"这个词有多个读音，当前读音尚未完成英语词义整理。请输入完整词组；不自动套用其他读音的释义。","source":"词伴 · 多读音保护","license":"GPL-3.0-or-later","review":"待按读音整理","blocked":true}
厖#pang	{"word":"厖","pinyin":"pang","short":[],"senses":[],"note":"这个词有多个读音，当前读音尚未完成英语词义整理。请输入完整词组；不自动套用其他读音的释义。","source":"词伴 · 多读音保护","license":"GPL-3.0-or-later","review":"待按读音整理","blocked":true}
厦#sha	{"word":"厦","pinyin":"sha","short":[],"senses":[],"note":"这个词有多个读音，当前读音尚未完成英语词义整理。请输入完整词组；不自动套用其他读音的释义。","source":"词伴 · 多读音保护","license":"GPL-3.0-or-later","review":"待按读音整理","blocked":true}
厦#xia	{"word":"厦","pinyin":"xia","short":[],"senses":[],"note":"这个词有多个读音，当前读音尚未完成英语词义整理。请输入完整词组；不自动套用其他读音的释义。","source":"词伴 · 多读音保护","license":"GPL-3.0-or-later","review":"待按读音整理","blocked":true}
去#qu	{"word":"去","pinyin":"qu","short":["go"],"senses":[{"text":"go","pos":"动词 / 动词短语","lemma":"go"}],"countability":"","forms":"go–went–gone","note":"去地点用 go to；回家用 go home，不加 to。","example":"I go to work by bus.","source":"词伴 · AI 英语学习整理","license":"GPL-3.0-or-later","review":"未独立英语编辑校审"}
去了#qu le	{"word":"去了","pinyin":"qu le","short":["went"],"senses":[{"text":"went","pos":"会话表达 / 短语"}],"note":"已经发生的动作常用 go 的过去式 went。","example":"I went to Paris last year.","source":"词伴 · AI 英语学习整理","license":"GPL-3.0-or-later","review":"未独立英语编辑校审"}
去机场#qu ji chang	{"word":"去机场","pinyin":"qu ji chang","short":["go to the airport"],"senses":[{"text":"go to the airport","pos":"会话表达 / 短语"}],"note":"机场前通常带 the。","example":"I'd like to go to the airport.","source":"词伴 · AI 英语学习整理","license":"GPL-3.0-or-later","review":"未独立英语编辑校审"}
去看#qu kan	{"word":"去看","pinyin":"qu kan","short":["go and see"],"senses":[{"text":"go and see","pos":"会话表达 / 短语"}],"note":"看朋友可用 see；看病用 see a doctor。","example":"Let's go and see her.","source":"词伴 · AI 英语学习整理","license":"GPL-3.0-or-later","review":"未独立英语编辑校审"}
去车站#qu che zhan	{"word":"去车站","pinyin":"qu che zhan","short":["go to the station"],"senses":[{"text":"go to the station","pos":"会话表达 / 短语"}],"note":"车站类型需进一步说明。","example":"How do I get to the station?","source":"词伴 · AI 英语学习整理","license":"GPL-3.0-or-later","review":"未独立英语编辑校审"}
县长#xian chang	{"word":"县长","pinyin":"xian chang","short":[],"senses":[],"note":"这个词有多个读音，当前读音尚未完成英语词义整理。请输入完整词组；不自动套用其他读音的释义。","source":"词伴 · 多读音保护","license":"GPL-3.0-or-later","review":"待按读音整理","blocked":true}
县长#xian zhang	{"word":"县长","pinyin":"xian zhang","short":[],"senses":[],"note":"这个词有多个读音，当前读音尚未完成英语词义整理。请输入完整词组；不自动套用其他读音的释义。","source":"词伴 · 多读音保护","license":"GPL-3.0-or-later","review":"待按读音整理","blocked":true}
参#can	{"word":"参","pinyin":"can","short":[],"senses":[],"note":"这个词有多个读音，当前读音尚未完成英语词义整理。请输入完整词组；不自动套用其他读音的释义。","source":"词伴 · 多读音保护","license":"GPL-3.0-or-later","review":"待按读音整理","blocked":true}
参#cen	{"word":"参","pinyin":"cen","short":[],"senses":[],"note":"这个词有多个读音，当前读音尚未完成英语词义整理。请输入完整词组；不自动套用其他读音的释义。","source":"词伴 · 多读音保护","license":"GPL-3.0-or-later","review":"待按读音整理","blocked":true}
参#shen	{"word":"参","pinyin":"shen","short":[],"senses":[],"note":"这个词有多个读音，当前读音尚未完成英语词义整理。请输入完整词组；不自动套用其他读音的释义。","source":"词伴 · 多读音保护","license":"GPL-3.0-or-later","review":"待按读音整理","blocked":true}
参谋长#can mou chang	{"word":"参谋长","pinyin":"can mou chang","short":[],"senses":[],"note":"这个词有多个读音，当前读音尚未完成英语词义整理。请输入完整词组；不自动套用其他读音的释义。","source":"词伴 · 多读音保护","license":"GPL-3.0-or-later","review":"待按读音整理","blocked":true}
参谋长#can mou zhang	{"word":"参谋长","pinyin":"can mou zhang","short":[],"senses":[],"note":"这个词有多个读音，当前读音尚未完成英语词义整理。请输入完整词组；不自动套用其他读音的释义。","source":"词伴 · 多读音保护","license":"GPL-3.0-or-later","review":"待按读音整理","blocked":true}
反扒#fan ba	{"word":"反扒","pinyin":"fan ba","short":[],"senses":[],"note":"这个词有多个读音，当前读音尚未完成英语词义整理。请输入完整词组；不自动套用其他读音的释义。","source":"词伴 · 多读音保护","license":"GPL-3.0-or-later","review":"待按读音整理","blocked":true}
反扒#fan pa	{"word":"反扒","pinyin":"fan pa","short":[],"senses":[],"note":"这个词有多个读音，当前读音尚未完成英语词义整理。请输入完整词组；不自动套用其他读音的释义。","source":"词伴 · 多读音保护","license":"GPL-3.0-or-later","review":"待按读音整理","blocked":true}
发卡#fa ka	{"word":"发卡","pinyin":"fa ka","short":[],"senses":[],"note":"这个词有多个读音，当前读音尚未完成英语词义整理。请输入完整词组；不自动套用其他读音的释义。","source":"词伴 · 多读音保护","license":"GPL-3.0-or-later","review":"待按读音整理","blocked":true}
发卡#fa qia	{"word":"发卡","pinyin":"fa qia","short":[],"senses":[],"note":"这个词有多个读音，当前读音尚未完成英语词义整理。请输入完整词组；不自动套用其他读音的释义。","source":"词伴 · 多读音保护","license":"GPL-3.0-or-later","review":"待按读音整理","blocked":true}
发疟子#fa nve zi	{"word":"发疟子","pinyin":"fa nve zi","short":[],"senses":[],"note":"这个词有多个读音，当前读音尚未完成英语词义整理。请输入完整词组；不自动套用其他读音的释义。","source":"词伴 · 多读音保护","license":"GPL-3.0-or-later","review":"待按读音整理","blocked":true}
发疟子#fa yao zi	{"word":"发疟子","pinyin":"fa yao zi","short":[],"senses":[],"note":"这个词有多个读音，当前读音尚未完成英语词义整理。请输入完整词组；不自动套用其他读音的释义。","source":"词伴 · 多读音保护","license":"GPL-3.0-or-later","review":"待按读音整理","blocked":true}
发邮件#fa you jian	{"word":"发邮件","pinyin":"fa you jian","short":["send an email"],"senses":[{"text":"send an email","pos":"会话表达 / 短语"}],"note":"email 是可数名词，发一封带 an。","example":"I'll send you an email.","source":"词伴 · AI 英语学习整理","license":"GPL-3.0-or-later","review":"未独立英语编辑校审"}
变色#bian se	{"word":"变色","pinyin":"bian se","short":[],"senses":[],"note":"这个词有多个读音，当前读音尚未完成英语词义整理。请输入完整词组；不自动套用其他读音的释义。","source":"词伴 · 多读音保护","license":"GPL-3.0-or-later","review":"待按读音整理","blocked":true}
变色#bian shai	{"word":"变色","pinyin":"bian shai","short":[],"senses":[],"note":"这个词有多个读音，当前读音尚未完成英语词义整理。请输入完整词组；不自动套用其他读音的释义。","source":"词伴 · 多读音保护","license":"GPL-3.0-or-later","review":"待按读音整理","blocked":true}
口角#kou jiao	{"word":"口角","pinyin":"kou jiao","short":[],"senses":[],"note":"这个词有多个读音，当前读音尚未完成英语词义整理。请输入完整词组；不自动套用其他读音的释义。","source":"词伴 · 多读音保护","license":"GPL-3.0-or-later","review":"待按读音整理","blocked":true}
口角#kou jue	{"word":"口角","pinyin":"kou jue","short":[],"senses":[],"note":"这个词有多个读音，当前读音尚未完成英语词义整理。请输入完整词组；不自动套用其他读音的释义。","source":"词伴 · 多读音保护","license":"GPL-3.0-or-later","review":"待按读音整理","blocked":true}
古刹#gu cha	{"word":"古刹","pinyin":"gu cha","short":[],"senses":[],"note":"这个词有多个读音，当前读音尚未完成英语词义整理。请输入完整词组；不自动套用其他读音的释义。","source":"词伴 · 多读音保护","license":"GPL-3.0-or-later","review":"待按读音整理","blocked":true}
古刹#gu sha	{"word":"古刹","pinyin":"gu sha","short":[],"senses":[],"note":"这个词有多个读音，当前读音尚未完成英语词义整理。请输入完整词组；不自动套用其他读音的释义。","source":"词伴 · 多读音保护","license":"GPL-3.0-or-later","review":"待按读音整理","blocked":true}
句#gou	{"word":"句","pinyin":"gou","short":[],"senses":[],"note":"这个词有多个读音，当前读音尚未完成英语词义整理。请输入完整词组；不自动套用其他读音的释义。","source":"词伴 · 多读音保护","license":"GPL-3.0-or-later","review":"待按读音整理","blocked":true}
句#ju	{"word":"句","pinyin":"ju","short":[],"senses":[],"note":"这个词有多个读音，当前读音尚未完成英语词义整理。请输入完整词组；不自动套用其他读音的释义。","source":"词伴 · 多读音保护","license":"GPL-3.0-or-later","review":"待按读音整理","blocked":true}
叨#dao	{"word":"叨","pinyin":"dao","short":[],"senses":[],"note":"这个词有多个读音，当前读音尚未完成英语词义整理。请输入完整词组；不自动套用其他读音的释义。","source":"词伴 · 多读音保护","license":"GPL-3.0-or-later","review":"待按读音整理","blocked":true}
叨#tao	{"word":"叨","pinyin":"tao","short":[],"senses":[],"note":"这个词有多个读音，当前读音尚未完成英语词义整理。请输入完整词组；不自动套用其他读音的释义。","source":"词伴 · 多读音保护","license":"GPL-3.0-or-later","review":"待按读音整理","blocked":true}
召#shao	{"word":"召","pinyin":"shao","short":[],"senses":[],"note":"这个词有多个读音，当前读音尚未完成英语词义整理。请输入完整词组；不自动套用其他读音的释义。","source":"词伴 · 多读音保护","license":"GPL-3.0-or-later","review":"待按读音整理","blocked":true}
召#zhao	{"word":"召","pinyin":"zhao","short":[],"senses":[],"note":"这个词有多个读音，当前读音尚未完成英语词义整理。请输入完整词组；不自动套用其他读音的释义。","source":"词伴 · 多读音保护","license":"GPL-3.0-or-later","review":"待按读音整理","blocked":true}
可能#ke neng	{"word":"可能","pinyin":"ke neng","short":["maybe","possible"],"senses":[{"text":"maybe","pos":"会话表达 / 短语"},{"text":"possible","pos":"会话表达 / 短语"}],"note":"句子副词 maybe，修饰名词或作表语用 possible。","example":"Maybe it will rain.","source":"词伴 · AI 英语学习整理","license":"GPL-3.0-or-later","review":"未独立英语编辑校审"}
叶#xie	{"word":"叶","pinyin":"xie","short":[],"senses":[],"note":"这个词有多个读音，当前读音尚未完成英语词义整理。请输入完整词组；不自动套用其他读音的释义。","source":"词伴 · 多读音保护","license":"GPL-3.0-or-later","review":"待按读音整理","blocked":true}
叶#ye	{"word":"叶","pinyin":"ye","short":[],"senses":[],"note":"这个词有多个读音，当前读音尚未完成英语词义整理。请输入完整词组；不自动套用其他读音的释义。","source":"词伴 · 多读音保护","license":"GPL-3.0-or-later","review":"待按读音整理","blocked":true}
叶韵#xie yun	{"word":"叶韵","pinyin":"xie yun","short":[],"senses":[],"note":"这个词有多个读音，当前读音尚未完成英语词义整理。请输入完整词组；不自动套用其他读音的释义。","source":"词伴 · 多读音保护","license":"GPL-3.0-or-later","review":"待按读音整理","blocked":true}
叶韵#ye yun	{"word":"叶韵","pinyin":"ye yun","short":[],"senses":[],"note":"这个词有多个读音，当前读音尚未完成英语词义整理。请输入完整词组；不自动套用其他读音的释义。","source":"词伴 · 多读音保护","license":"GPL-3.0-or-later","review":"待按读音整理","blocked":true}
吁#xu	{"word":"吁","pinyin":"xu","short":[],"senses":[],"note":"这个词有多个读音，当前读音尚未完成英语词义整理。请输入完整词组；不自动套用其他读音的释义。","source":"词伴 · 多读音保护","license":"GPL-3.0-or-later","review":"待按读音整理","blocked":true}
吁#yu	{"word":"吁","pinyin":"yu","short":[],"senses":[],"note":"这个词有多个读音，当前读音尚未完成英语词义整理。请输入完整词组；不自动套用其他读音的释义。","source":"词伴 · 多读音保护","license":"GPL-3.0-or-later","review":"待按读音整理","blocked":true}
吃#chi	{"word":"吃","pinyin":"chi","short":["eat"],"senses":[{"text":"eat","pos":"动词 / 动词短语","lemma":"eat"}],"countability":"","forms":"eat–ate–eaten","note":"进餐也常用 have a meal。","example":"Have you eaten?","source":"词伴 · AI 英语学习整理","license":"GPL-3.0-or-later","review":"未独立英语编辑校审"}
吃的#chi de	{"word":"吃的","pinyin":"chi de","short":["something to eat"],"senses":[{"text":"something to eat","pos":"会话表达 / 短语"}],"note":"表示食物；其他句法含义需要语境。","example":"Would you like something to eat?","source":"词伴 · AI 英语学习整理","license":"GPL-3.0-or-later","review":"未独立英语编辑校审"}
吃饭#chi fan	{"word":"吃饭","pinyin":"chi fan","short":["have a meal","eat"],"senses":[{"text":"have a meal","pos":"会话表达 / 短语"},{"text":"eat","pos":"会话表达 / 短语"}],"note":"用于进餐，不限于吃米饭。","example":"Let's have a meal together.","source":"词伴 · AI 英语学习整理","license":"GPL-3.0-or-later","review":"未独立英语编辑校审"}
各行各业#ge hang ge ye	{"word":"各行各业","pinyin":"ge hang ge ye","short":[],"senses":[],"note":"这个词有多个读音，当前读音尚未完成英语词义整理。请输入完整词组；不自动套用其他读音的释义。","source":"词伴 · 多读音保护","license":"GPL-3.0-or-later","review":"待按读音整理","blocked":true}
各行各业#ge xing ge ye	{"word":"各行各业","pinyin":"ge xing ge ye","short":[],"senses":[],"note":"这个词有多个读音，当前读音尚未完成英语词义整理。请输入完整词组；不自动套用其他读音的释义。","source":"词伴 · 多读音保护","license":"GPL-3.0-or-later","review":"待按读音整理","blocked":true}
合#ge	{"word":"合","pinyin":"ge","short":[],"senses":[],"note":"这个词有多个读音，当前读音尚未完成英语词义整理。请输入完整词组；不自动套用其他读音的释义。","source":"词伴 · 多读音保护","license":"GPL-3.0-or-later","review":"待按读音整理","blocked":true}
合#he	{"word":"合","pinyin":"he","short":[],"senses":[],"note":"这个词有多个读音，当前读音尚未完成英语词义整理。请输入完整词组；不自动套用其他读音的释义。","source":"词伴 · 多读音保护","license":"GPL-3.0-or-later","review":"待按读音整理","blocked":true}
同行#tong hang	{"word":"同行","pinyin":"tong hang","short":[],"senses":[],"note":"这个词有多个读音，当前读音尚未完成英语词义整理。请输入完整词组；不自动套用其他读音的释义。","source":"词伴 · 多读音保护","license":"GPL-3.0-or-later","review":"待按读音整理","blocked":true}
同行#tong xing	{"word":"同行","pinyin":"tong xing","short":[],"senses":[],"note":"这个词有多个读音，当前读音尚未完成英语词义整理。请输入完整词组；不自动套用其他读音的释义。","source":"词伴 · 多读音保护","license":"GPL-3.0-or-later","review":"待按读音整理","blocked":true}
后尾儿#hou wei er	{"word":"后尾儿","pinyin":"hou wei er","short":[],"senses":[],"note":"这个词有多个读音，当前读音尚未完成英语词义整理。请输入完整词组；不自动套用其他读音的释义。","source":"词伴 · 多读音保护","license":"GPL-3.0-or-later","review":"待按读音整理","blocked":true}
后尾儿#hou yi er	{"word":"后尾儿","pinyin":"hou yi er","short":[],"senses":[],"note":"这个词有多个读音，当前读音尚未完成英语词义整理。请输入完整词组；不自动套用其他读音的释义。","source":"词伴 · 多读音保护","license":"GPL-3.0-or-later","review":"待按读音整理","blocked":true}
吓#he	{"word":"吓","pinyin":"he","short":[],"senses":[],"note":"这个词有多个读音，当前读音尚未完成英语词义整理。请输入完整词组；不自动套用其他读音的释义。","source":"词伴 · 多读音保护","license":"GPL-3.0-or-later","review":"待按读音整理","blocked":true}
吓#xia	{"word":"吓","pinyin":"xia","short":[],"senses":[],"note":"这个词有多个读音，当前读音尚未完成英语词义整理。请输入完整词组；不自动套用其他读音的释义。","source":"词伴 · 多读音保护","license":"GPL-3.0-or-later","review":"待按读音整理","blocked":true}
吡#bi	{"word":"吡","pinyin":"bi","short":[],"senses":[],"note":"这个词有多个读音，当前读音尚未完成英语词义整理。请输入完整词组；不自动套用其他读音的释义。","source":"词伴 · 多读音保护","license":"GPL-3.0-or-later","review":"待按读音整理","blocked":true}
吡#pi	{"word":"吡","pinyin":"pi","short":[],"senses":[],"note":"这个词有多个读音，当前读音尚未完成英语词义整理。请输入完整词组；不自动套用其他读音的释义。","source":"词伴 · 多读音保护","license":"GPL-3.0-or-later","review":"待按读音整理","blocked":true}
否#fou	{"word":"否","pinyin":"fou","short":[],"senses":[],"note":"这个词有多个读音，当前读音尚未完成英语词义整理。请输入完整词组；不自动套用其他读音的释义。","source":"词伴 · 多读音保护","license":"GPL-3.0-or-later","review":"待按读音整理","blocked":true}
否#pi	{"word":"否","pinyin":"pi","short":[],"senses":[],"note":"这个词有多个读音，当前读音尚未完成英语词义整理。请输入完整词组；不自动套用其他读音的释义。","source":"词伴 · 多读音保护","license":"GPL-3.0-or-later","review":"待按读音整理","blocked":true}
含情脉脉#han qing mai mai	{"word":"含情脉脉","pinyin":"han qing mai mai","short":[],"senses":[],"note":"这个词有多个读音，当前读音尚未完成英语词义整理。请输入完整词组；不自动套用其他读音的释义。","source":"词伴 · 多读音保护","license":"GPL-3.0-or-later","review":"待按读音整理","blocked":true}
含情脉脉#han qing mo mo	{"word":"含情脉脉","pinyin":"han qing mo mo","short":[],"senses":[],"note":"这个词有多个读音，当前读音尚未完成英语词义整理。请输入完整词组；不自动套用其他读音的释义。","source":"词伴 · 多读音保护","license":"GPL-3.0-or-later","review":"待按读音整理","blocked":true}
吭#hang	{"word":"吭","pinyin":"hang","short":[],"senses":[],"note":"这个词有多个读音，当前读音尚未完成英语词义整理。请输入完整词组；不自动套用其他读音的释义。","source":"词伴 · 多读音保护","license":"GPL-3.0-or-later","review":"待按读音整理","blocked":true}
吭#keng	{"word":"吭","pinyin":"keng","short":[],"senses":[],"note":"这个词有多个读音，当前读音尚未完成英语词义整理。请输入完整词组；不自动套用其他读音的释义。","source":"词伴 · 多读音保护","license":"GPL-3.0-or-later","review":"待按读音整理","blocked":true}
吱#zhi	{"word":"吱","pinyin":"zhi","short":[],"senses":[],"note":"这个词有多个读音，当前读音尚未完成英语词义整理。请输入完整词组；不自动套用其他读音的释义。","source":"词伴 · 多读音保护","license":"GPL-3.0-or-later","review":"待按读音整理","blocked":true}
吱#zi	{"word":"吱","pinyin":"zi","short":[],"senses":[],"note":"这个词有多个读音，当前读音尚未完成英语词义整理。请输入完整词组；不自动套用其他读音的释义。","source":"词伴 · 多读音保护","license":"GPL-3.0-or-later","review":"待按读音整理","blocked":true}
吱吱喳喳#zhi zhi cha cha	{"word":"吱吱喳喳","pinyin":"zhi zhi cha cha","short":[],"senses":[],"note":"这个词有多个读音，当前读音尚未完成英语词义整理。请输入完整词组；不自动套用其他读音的释义。","source":"词伴 · 多读音保护","license":"GPL-3.0-or-later","review":"待按读音整理","blocked":true}
吱吱喳喳#zhi zhi zha zha	{"word":"吱吱喳喳","pinyin":"zhi zhi zha zha","short":[],"senses":[],"note":"这个词有多个读音，当前读音尚未完成英语词义整理。请输入完整词组；不自动套用其他读音的释义。","source":"词伴 · 多读音保护","license":"GPL-3.0-or-later","review":"待按读音整理","blocked":true}
吱声#zhi sheng	{"word":"吱声","pinyin":"zhi sheng","short":[],"senses":[],"note":"这个词有多个读音，当前读音尚未完成英语词义整理。请输入完整词组；不自动套用其他读音的释义。","source":"词伴 · 多读音保护","license":"GPL-3.0-or-later","review":"待按读音整理","blocked":true}
吱声#zi sheng	{"word":"吱声","pinyin":"zi sheng","short":[],"senses":[],"note":"这个词有多个读音，当前读音尚未完成英语词义整理。请输入完整词组；不自动套用其他读音的释义。","source":"词伴 · 多读音保护","license":"GPL-3.0-or-later","review":"待按读音整理","blocked":true}
呆#ai	{"word":"呆","pinyin":"ai","short":[],"senses":[],"note":"这个词有多个读音，当前读音尚未完成英语词义整理。请输入完整词组；不自动套用其他读音的释义。","source":"词伴 · 多读音保护","license":"GPL-3.0-or-later","review":"待按读音整理","blocked":true}
呆#dai	{"word":"呆","pinyin":"dai","short":[],"senses":[],"note":"这个词有多个读音，当前读音尚未完成英语词义整理。请输入完整词组；不自动套用其他读音的释义。","source":"词伴 · 多读音保护","license":"GPL-3.0-or-later","review":"待按读音整理","blocked":true}
告诉#gao su	{"word":"告诉","pinyin":"gao su","short":["tell"],"senses":[{"text":"tell","pos":"动词 / 动词短语","lemma":"tell"}],"countability":"","forms":"tell–told–told","note":"tell someone something；通常需要接对象。","example":"Please tell me the truth.","source":"词伴 · AI 英语学习整理","license":"GPL-3.0-or-later","review":"未独立英语编辑校审"}
告诉我#gao su wo	{"word":"告诉我","pinyin":"gao su wo","short":["tell me"],"senses":[{"text":"tell me","pos":"会话表达 / 短语"}],"note":"tell me 后可接事情或从句。","example":"Please tell me your name.","source":"词伴 · AI 英语学习整理","license":"GPL-3.0-or-later","review":"未独立英语编辑校审"}
呐#na	{"word":"呐","pinyin":"na","short":[],"senses":[],"note":"这个词有多个读音，当前读音尚未完成英语词义整理。请输入完整词组；不自动套用其他读音的释义。","source":"词伴 · 多读音保护","license":"GPL-3.0-or-later","review":"待按读音整理","blocked":true}
呐#ne	{"word":"呐","pinyin":"ne","short":[],"senses":[],"note":"这个词有多个读音，当前读音尚未完成英语词义整理。请输入完整词组；不自动套用其他读音的释义。","source":"词伴 · 多读音保护","license":"GPL-3.0-or-later","review":"待按读音整理","blocked":true}
呔#dai	{"word":"呔","pinyin":"dai","short":[],"senses":[],"note":"这个词有多个读音，当前读音尚未完成英语词义整理。请输入完整词组；不自动套用其他读音的释义。","source":"词伴 · 多读音保护","license":"GPL-3.0-or-later","review":"待按读音整理","blocked":true}
呔#tai	{"word":"呔","pinyin":"tai","short":[],"senses":[],"note":"这个词有多个读音，当前读音尚未完成英语词义整理。请输入完整词组；不自动套用其他读音的释义。","source":"词伴 · 多读音保护","license":"GPL-3.0-or-later","review":"待按读音整理","blocked":true}
呗#bai	{"word":"呗","pinyin":"bai","short":[],"senses":[],"note":"这个词有多个读音，当前读音尚未完成英语词义整理。请输入完整词组；不自动套用其他读音的释义。","source":"词伴 · 多读音保护","license":"GPL-3.0-or-later","review":"待按读音整理","blocked":true}
呗#bei	{"word":"呗","pinyin":"bei","short":["final particle"],"senses":[{"text":"final particle","pos":"助词 / 语法说明"}],"note":"句末助词表达语气，不能固定逐字翻译。","source":"词伴 · AI 英语学习整理","license":"GPL-3.0-or-later","review":"未独立英语编辑校审"}
员#yuan	{"word":"员","pinyin":"yuan","short":[],"senses":[],"note":"这个词有多个读音，当前读音尚未完成英语词义整理。请输入完整词组；不自动套用其他读音的释义。","source":"词伴 · 多读音保护","license":"GPL-3.0-or-later","review":"待按读音整理","blocked":true}
员#yun	{"word":"员","pinyin":"yun","short":[],"senses":[],"note":"这个词有多个读音，当前读音尚未完成英语词义整理。请输入完整词组；不自动套用其他读音的释义。","source":"词伴 · 多读音保护","license":"GPL-3.0-or-later","review":"待按读音整理","blocked":true}
呢#ne	{"word":"呢","pinyin":"ne","short":["question / discourse particle"],"senses":[{"text":"question / discourse particle","pos":"助词 / 语法说明"}],"note":"问句或话语助词；不能固定逐字翻译。","source":"词伴 · AI 英语学习整理","license":"GPL-3.0-or-later","review":"未独立英语编辑校审"}
呢#ni	{"word":"呢","pinyin":"ni","short":["woollen cloth"],"senses":[{"text":"woollen cloth","pos":"名词"}],"note":"如毛呢；与问句助词 ne 不同。","source":"词伴 · AI 英语学习整理","license":"GPL-3.0-or-later","review":"未独立英语编辑校审"}
呢料#ne liao	{"word":"呢料","pinyin":"ne liao","short":[],"senses":[],"note":"这个词有多个读音，当前读音尚未完成英语词义整理。请输入完整词组；不自动套用其他读音的释义。","source":"词伴 · 多读音保护","license":"GPL-3.0-or-later","review":"待按读音整理","blocked":true}
呢料#ni liao	{"word":"呢料","pinyin":"ni liao","short":[],"senses":[],"note":"这个词有多个读音，当前读音尚未完成英语词义整理。请输入完整词组；不自动套用其他读音的释义。","source":"词伴 · 多读音保护","license":"GPL-3.0-or-later","review":"待按读音整理","blocked":true}
呱#gu	{"word":"呱","pinyin":"gu","short":[],"senses":[],"note":"这个词有多个读音，当前读音尚未完成英语词义整理。请输入完整词组；不自动套用其他读音的释义。","source":"词伴 · 多读音保护","license":"GPL-3.0-or-later","review":"待按读音整理","blocked":true}
呱#gua	{"word":"呱","pinyin":"gua","short":[],"senses":[],"note":"这个词有多个读音，当前读音尚未完成英语词义整理。请输入完整词组；不自动套用其他读音的释义。","source":"词伴 · 多读音保护","license":"GPL-3.0-or-later","review":"待按读音整理","blocked":true}
呱呱落地#gu gu luo de	{"word":"呱呱落地","pinyin":"gu gu luo de","short":[],"senses":[],"note":"这个词有多个读音，当前读音尚未完成英语词义整理。请输入完整词组；不自动套用其他读音的释义。","source":"词伴 · 多读音保护","license":"GPL-3.0-or-later","review":"待按读音整理","blocked":true}
呱呱落地#gu gu luo di	{"word":"呱呱落地","pinyin":"gu gu luo di","short":[],"senses":[],"note":"这个词有多个读音，当前读音尚未完成英语词义整理。请输入完整词组；不自动套用其他读音的释义。","source":"词伴 · 多读音保护","license":"GPL-3.0-or-later","review":"待按读音整理","blocked":true}
呲#ci	{"word":"呲","pinyin":"ci","short":[],"senses":[],"note":"这个词有多个读音，当前读音尚未完成英语词义整理。请输入完整词组；不自动套用其他读音的释义。","source":"词伴 · 多读音保护","license":"GPL-3.0-or-later","review":"待按读音整理","blocked":true}
呲#zi	{"word":"呲","pinyin":"zi","short":[],"senses":[],"note":"这个词有多个读音，当前读音尚未完成英语词义整理。请输入完整词组；不自动套用其他读音的释义。","source":"词伴 · 多读音保护","license":"GPL-3.0-or-later","review":"待按读音整理","blocked":true}
呵#a	{"word":"呵","pinyin":"a","short":[],"senses":[],"note":"这个词有多个读音，当前读音尚未完成英语词义整理。请输入完整词组；不自动套用其他读音的释义。","source":"词伴 · 多读音保护","license":"GPL-3.0-or-later","review":"待按读音整理","blocked":true}
呵#he	{"word":"呵","pinyin":"he","short":["oh","breathe out"],"senses":[{"text":"oh","pos":"叹词 / 礼貌表达"},{"text":"breathe out","pos":"动词 / 动词短语"}],"note":"感叹与呵气等动词义不同；具体词组分别处理。","source":"词伴 · AI 英语学习整理","license":"GPL-3.0-or-later","review":"未独立英语编辑校审"}
呵#ke	{"word":"呵","pinyin":"ke","short":[],"senses":[],"note":"这个词有多个读音，当前读音尚未完成英语词义整理。请输入完整词组；不自动套用其他读音的释义。","source":"词伴 · 多读音保护","license":"GPL-3.0-or-later","review":"待按读音整理","blocked":true}
呶#nao	{"word":"呶","pinyin":"nao","short":[],"senses":[],"note":"这个词有多个读音，当前读音尚未完成英语词义整理。请输入完整词组；不自动套用其他读音的释义。","source":"词伴 · 多读音保护","license":"GPL-3.0-or-later","review":"待按读音整理","blocked":true}
呶#nu	{"word":"呶","pinyin":"nu","short":[],"senses":[],"note":"这个词有多个读音，当前读音尚未完成英语词义整理。请输入完整词组；不自动套用其他读音的释义。","source":"词伴 · 多读音保护","license":"GPL-3.0-or-later","review":"待按读音整理","blocked":true}
呷#ga	{"word":"呷","pinyin":"ga","short":[],"senses":[],"note":"这个词有多个读音，当前读音尚未完成英语词义整理。请输入完整词组；不自动套用其他读音的释义。","source":"词伴 · 多读音保护","license":"GPL-3.0-or-later","review":"待按读音整理","blocked":true}
呷#xia	{"word":"呷","pinyin":"xia","short":[],"senses":[],"note":"这个词有多个读音，当前读音尚未完成英语词义整理。请输入完整词组；不自动套用其他读音的释义。","source":"词伴 · 多读音保护","license":"GPL-3.0-or-later","review":"待按读音整理","blocked":true}
咀#ju	{"word":"咀","pinyin":"ju","short":[],"senses":[],"note":"这个词有多个读音，当前读音尚未完成英语词义整理。请输入完整词组；不自动套用其他读音的释义。","source":"词伴 · 多读音保护","license":"GPL-3.0-or-later","review":"待按读音整理","blocked":true}
咀#zui	{"word":"咀","pinyin":"zui","short":[],"senses":[],"note":"这个词有多个读音，当前读音尚未完成英语词义整理。请输入完整词组；不自动套用其他读音的释义。","source":"词伴 · 多读音保护","license":"GPL-3.0-or-later","review":"待按读音整理","blocked":true}
咋#za	{"word":"咋","pinyin":"za","short":["how"],"senses":[{"text":"how","pos":"副词"}],"note":"口语“怎么”；咋舌等有不同读音和含义。","source":"词伴 · AI 英语学习整理","license":"GPL-3.0-or-later","review":"未独立英语编辑校审"}
咋#ze	{"word":"咋","pinyin":"ze","short":[],"senses":[],"note":"这个词有多个读音，当前读音尚未完成英语词义整理。请输入完整词组；不自动套用其他读音的释义。","source":"词伴 · 多读音保护","license":"GPL-3.0-or-later","review":"待按读音整理","blocked":true}
咋#zha	{"word":"咋","pinyin":"zha","short":[],"senses":[],"note":"这个词有多个读音，当前读音尚未完成英语词义整理。请输入完整词组；不自动套用其他读音的释义。","source":"词伴 · 多读音保护","license":"GPL-3.0-or-later","review":"待按读音整理","blocked":true}
咋办#za ban	{"word":"咋办","pinyin":"za ban","short":[],"senses":[],"note":"这个词有多个读音，当前读音尚未完成英语词义整理。请输入完整词组；不自动套用其他读音的释义。","source":"词伴 · 多读音保护","license":"GPL-3.0-or-later","review":"待按读音整理","blocked":true}
咋办#ze ban	{"word":"咋办","pinyin":"ze ban","short":[],"senses":[],"note":"这个词有多个读音，当前读音尚未完成英语词义整理。请输入完整词组；不自动套用其他读音的释义。","source":"词伴 · 多读音保护","license":"GPL-3.0-or-later","review":"待按读音整理","blocked":true}
和#he	{"word":"和","pinyin":"he","short":["and","with"],"senses":[{"text":"and","pos":"连词"},{"text":"with","pos":"介词"}],"note":"连接或伴随；“和谐”需按词组确定含义。","source":"词伴 · AI 英语学习整理","license":"GPL-3.0-or-later","review":"未独立英语编辑校审"}
和#hu	{"word":"和","pinyin":"hu","short":["win at mahjong"],"senses":[{"text":"win at mahjong","pos":"动词 / 动词短语"}],"note":"麻将用语。","source":"词伴 · AI 英语学习整理","license":"GPL-3.0-or-later","review":"未独立英语编辑校审"}
和#huo	{"word":"和","pinyin":"huo","short":["mix"],"senses":[{"text":"mix","pos":"动词 / 动词短语","lemma":"mix"}],"note":"如和面；同拼音不同声调仍需语境。","source":"词伴 · AI 英语学习整理","license":"GPL-3.0-or-later","review":"未独立英语编辑校审"}
和你#he ni	{"word":"和你","pinyin":"he ni","short":["with you"],"senses":[{"text":"with you","pos":"会话表达 / 短语"}],"note":"介词选择仍取决于动词搭配。","example":"I'd like to talk with you.","source":"词伴 · AI 英语学习整理","license":"GPL-3.0-or-later","review":"未独立英语编辑校审"}
和我#he wo	{"word":"和我","pinyin":"he wo","short":["with me"],"senses":[{"text":"with me","pos":"会话表达 / 短语"}],"note":"动词可能需要其他介词。","example":"Come with me.","source":"词伴 · AI 英语学习整理","license":"GPL-3.0-or-later","review":"未独立英语编辑校审"}
咖#ga	{"word":"咖","pinyin":"ga","short":[],"senses":[],"note":"这个词有多个读音，当前读音尚未完成英语词义整理。请输入完整词组；不自动套用其他读音的释义。","source":"词伴 · 多读音保护","license":"GPL-3.0-or-later","review":"待按读音整理","blocked":true}
咖#ka	{"word":"咖","pinyin":"ka","short":[],"senses":[],"note":"这个词有多个读音，当前读音尚未完成英语词义整理。请输入完整词组；不自动套用其他读音的释义。","source":"词伴 · 多读音保护","license":"GPL-3.0-or-later","review":"待按读音整理","blocked":true}
咖啡#ka fei	{"word":"咖啡","pinyin":"ka fei","short":["coffee"],"senses":[{"text":"coffee","pos":"名词","lemma":"coffee"}],"countability":"饮品通常不可数；杯/份可数","forms":"两杯 coffees；种类 coffees","note":"一些咖啡 some coffee；点一杯可以说 a coffee。","example":"I'd like a coffee, please.","source":"词伴 · AI 英语学习整理","license":"GPL-3.0-or-later","review":"未独立英语编辑校审"}
咯#ge	{"word":"咯","pinyin":"ge","short":["cackle"],"senses":[{"text":"cackle","pos":"动词 / 动词短语","lemma":"cackle"}],"note":"如咯咯笑；句末口语助词读音不同。","source":"词伴 · AI 英语学习整理","license":"GPL-3.0-or-later","review":"未独立英语编辑校审"}
咯#ka	{"word":"咯","pinyin":"ka","short":[],"senses":[],"note":"这个词有多个读音，当前读音尚未完成英语词义整理。请输入完整词组；不自动套用其他读音的释义。","source":"词伴 · 多读音保护","license":"GPL-3.0-or-later","review":"待按读音整理","blocked":true}
咯#lo	{"word":"咯","pinyin":"lo","short":["final particle"],"senses":[{"text":"final particle","pos":"助词 / 语法说明"}],"note":"口语句末助词，语气随完整句子变化；不作固定逐字译法。","source":"词伴 · AI 英语学习整理","license":"GPL-3.0-or-later","review":"未独立英语编辑校审"}
咯#luo	{"word":"咯","pinyin":"luo","short":[],"senses":[],"note":"这个词有多个读音，当前读音尚未完成英语词义整理。请输入完整词组；不自动套用其他读音的释义。","source":"词伴 · 多读音保护","license":"GPL-3.0-or-later","review":"待按读音整理","blocked":true}
咯血#ka xie	{"word":"咯血","pinyin":"ka xie","short":[],"senses":[],"note":"这个词有多个读音，当前读音尚未完成英语词义整理。请输入完整词组；不自动套用其他读音的释义。","source":"词伴 · 多读音保护","license":"GPL-3.0-or-later","review":"待按读音整理","blocked":true}
咯血#ka xue	{"word":"咯血","pinyin":"ka xue","short":[],"senses":[],"note":"这个词有多个读音，当前读音尚未完成英语词义整理。请输入完整词组；不自动套用其他读音的释义。","source":"词伴 · 多读音保护","license":"GPL-3.0-or-later","review":"待按读音整理","blocked":true}
咱#za	{"word":"咱","pinyin":"za","short":[],"senses":[],"note":"这个词有多个读音，当前读音尚未完成英语词义整理。请输入完整词组；不自动套用其他读音的释义。","source":"词伴 · 多读音保护","license":"GPL-3.0-or-later","review":"待按读音整理","blocked":true}
咱#zan	{"word":"咱","pinyin":"zan","short":[],"senses":[],"note":"这个词有多个读音，当前读音尚未完成英语词义整理。请输入完整词组；不自动套用其他读音的释义。","source":"词伴 · 多读音保护","license":"GPL-3.0-or-later","review":"待按读音整理","blocked":true}
咱家#za jia	{"word":"咱家","pinyin":"za jia","short":[],"senses":[],"note":"这个词有多个读音，当前读音尚未完成英语词义整理。请输入完整词组；不自动套用其他读音的释义。","source":"词伴 · 多读音保护","license":"GPL-3.0-or-later","review":"待按读音整理","blocked":true}
咱家#zan jia	{"word":"咱家","pinyin":"zan jia","short":[],"senses":[],"note":"这个词有多个读音，当前读音尚未完成英语词义整理。请输入完整词组；不自动套用其他读音的释义。","source":"词伴 · 多读音保护","license":"GPL-3.0-or-later","review":"待按读音整理","blocked":true}
咳#hai	{"word":"咳","pinyin":"hai","short":[],"senses":[],"note":"这个词有多个读音，当前读音尚未完成英语词义整理。请输入完整词组；不自动套用其他读音的释义。","source":"词伴 · 多读音保护","license":"GPL-3.0-or-later","review":"待按读音整理","blocked":true}
咳#ke	{"word":"咳","pinyin":"ke","short":[],"senses":[],"note":"这个词有多个读音，当前读音尚未完成英语词义整理。请输入完整词组；不自动套用其他读音的释义。","source":"词伴 · 多读音保护","license":"GPL-3.0-or-later","review":"待按读音整理","blocked":true}
咽#yan	{"word":"咽","pinyin":"yan","short":[],"senses":[],"note":"这个词有多个读音，当前读音尚未完成英语词义整理。请输入完整词组；不自动套用其他读音的释义。","source":"词伴 · 多读音保护","license":"GPL-3.0-or-later","review":"待按读音整理","blocked":true}
咽#ye	{"word":"咽","pinyin":"ye","short":[],"senses":[],"note":"这个词有多个读音，当前读音尚未完成英语词义整理。请输入完整词组；不自动套用其他读音的释义。","source":"词伴 · 多读音保护","license":"GPL-3.0-or-later","review":"待按读音整理","blocked":true}
咽炎#yan yan	{"word":"咽炎","pinyin":"yan yan","short":[],"senses":[],"note":"这个词有多个读音，当前读音尚未完成英语词义整理。请输入完整词组；不自动套用其他读音的释义。","source":"词伴 · 多读音保护","license":"GPL-3.0-or-later","review":"待按读音整理","blocked":true}
咽炎#ye yan	{"word":"咽炎","pinyin":"ye yan","short":[],"senses":[],"note":"这个词有多个读音，当前读音尚未完成英语词义整理。请输入完整词组；不自动套用其他读音的释义。","source":"词伴 · 多读音保护","license":"GPL-3.0-or-later","review":"待按读音整理","blocked":true}
哕#hui	{"word":"哕","pinyin":"hui","short":[],"senses":[],"note":"这个词有多个读音，当前读音尚未完成英语词义整理。请输入完整词组；不自动套用其他读音的释义。","source":"词伴 · 多读音保护","license":"GPL-3.0-or-later","review":"待按读音整理","blocked":true}
哕#yue	{"word":"哕","pinyin":"yue","short":[],"senses":[],"note":"这个词有多个读音，当前读音尚未完成英语词义整理。请输入完整词组；不自动套用其他读音的释义。","source":"词伴 · 多读音保护","license":"GPL-3.0-or-later","review":"待按读音整理","blocked":true}
哦#e	{"word":"哦","pinyin":"e","short":[],"senses":[],"note":"这个词有多个读音，当前读音尚未完成英语词义整理。请输入完整词组；不自动套用其他读音的释义。","source":"词伴 · 多读音保护","license":"GPL-3.0-or-later","review":"待按读音整理","blocked":true}
哦#o	{"word":"哦","pinyin":"o","short":["oh"],"senses":[{"text":"oh","pos":"叹词 / 礼貌表达"}],"note":"回应或感叹；语气因声调、语境变化。","source":"词伴 · AI 英语学习整理","license":"GPL-3.0-or-later","review":"未独立英语编辑校审"}
哩#li	{"word":"哩","pinyin":"li","short":[],"senses":[],"note":"这个词有多个读音，当前读音尚未完成英语词义整理。请输入完整词组；不自动套用其他读音的释义。","source":"词伴 · 多读音保护","license":"GPL-3.0-or-later","review":"待按读音整理","blocked":true}
哩#ying	{"word":"哩","pinyin":"ying","short":[],"senses":[],"note":"这个词有多个读音，当前读音尚未完成英语词义整理。请输入完整词组；不自动套用其他读音的释义。","source":"词伴 · 多读音保护","license":"GPL-3.0-or-later","review":"待按读音整理","blocked":true}
哪#na	{"word":"哪","pinyin":"na","short":["which","where"],"senses":[{"text":"which","pos":"代词"},{"text":"where","pos":"副词"}],"note":"询问哪一个、哪里；依完整词组判断。","source":"词伴 · AI 英语学习整理","license":"GPL-3.0-or-later","review":"未独立英语编辑校审"}
哪#nai	{"word":"哪","pinyin":"nai","short":[],"senses":[],"note":"这个词有多个读音，当前读音尚未完成英语词义整理。请输入完整词组；不自动套用其他读音的释义。","source":"词伴 · 多读音保护","license":"GPL-3.0-or-later","review":"待按读音整理","blocked":true}
哪#ne	{"word":"哪","pinyin":"ne","short":[],"senses":[],"note":"这个词有多个读音，当前读音尚未完成英语词义整理。请输入完整词组；不自动套用其他读音的释义。","source":"词伴 · 多读音保护","license":"GPL-3.0-or-later","review":"待按读音整理","blocked":true}
哪#nei	{"word":"哪","pinyin":"nei","short":[],"senses":[],"note":"这个词有多个读音，当前读音尚未完成英语词义整理。请输入完整词组；不自动套用其他读音的释义。","source":"词伴 · 多读音保护","license":"GPL-3.0-or-later","review":"待按读音整理","blocked":true}
唝#gong	{"word":"唝","pinyin":"gong","short":[],"senses":[],"note":"这个词有多个读音，当前读音尚未完成英语词义整理。请输入完整词组；不自动套用其他读音的释义。","source":"词伴 · 多读音保护","license":"GPL-3.0-or-later","review":"待按读音整理","blocked":true}
唝#hong	{"word":"唝","pinyin":"hong","short":[],"senses":[],"note":"这个词有多个读音，当前读音尚未完成英语词义整理。请输入完整词组；不自动套用其他读音的释义。","source":"词伴 · 多读音保护","license":"GPL-3.0-or-later","review":"待按读音整理","blocked":true}
唬#hu	{"word":"唬","pinyin":"hu","short":[],"senses":[],"note":"这个词有多个读音，当前读音尚未完成英语词义整理。请输入完整词组；不自动套用其他读音的释义。","source":"词伴 · 多读音保护","license":"GPL-3.0-or-later","review":"待按读音整理","blocked":true}
唬#xia	{"word":"唬","pinyin":"xia","short":[],"senses":[],"note":"这个词有多个读音，当前读音尚未完成英语词义整理。请输入完整词组；不自动套用其他读音的释义。","source":"词伴 · 多读音保护","license":"GPL-3.0-or-later","review":"待按读音整理","blocked":true}
啁#zhao	{"word":"啁","pinyin":"zhao","short":[],"senses":[],"note":"这个词有多个读音，当前读音尚未完成英语词义整理。请输入完整词组；不自动套用其他读音的释义。","source":"词伴 · 多读音保护","license":"GPL-3.0-or-later","review":"待按读音整理","blocked":true}
啁#zhou	{"word":"啁","pinyin":"zhou","short":[],"senses":[],"note":"这个词有多个读音，当前读音尚未完成英语词义整理。请输入完整词组；不自动套用其他读音的释义。","source":"词伴 · 多读音保护","license":"GPL-3.0-or-later","review":"待按读音整理","blocked":true}
啜#chuai	{"word":"啜","pinyin":"chuai","short":[],"senses":[],"note":"这个词有多个读音，当前读音尚未完成英语词义整理。请输入完整词组；不自动套用其他读音的释义。","source":"词伴 · 多读音保护","license":"GPL-3.0-or-later","review":"待按读音整理","blocked":true}
啜#chuo	{"word":"啜","pinyin":"chuo","short":[],"senses":[],"note":"这个词有多个读音，当前读音尚未完成英语词义整理。请输入完整词组；不自动套用其他读音的释义。","source":"词伴 · 多读音保护","license":"GPL-3.0-or-later","review":"待按读音整理","blocked":true}
啥时候#sha shi hou	{"word":"啥时候","pinyin":"sha shi hou","short":["when?"],"senses":[{"text":"when?","pos":"会话表达 / 短语"}],"note":"口语“什么时候”。","example":"When will you arrive?","source":"词伴 · AI 英语学习整理","license":"GPL-3.0-or-later","review":"未独立英语编辑校审"}
啪嚓#pa ca	{"word":"啪嚓","pinyin":"pa ca","short":[],"senses":[],"note":"这个词有多个读音，当前读音尚未完成英语词义整理。请输入完整词组；不自动套用其他读音的释义。","source":"词伴 · 多读音保护","license":"GPL-3.0-or-later","review":"待按读音整理","blocked":true}
啪嚓#pa cha	{"word":"啪嚓","pinyin":"pa cha","short":[],"senses":[],"note":"这个词有多个读音，当前读音尚未完成英语词义整理。请输入完整词组；不自动套用其他读音的释义。","source":"词伴 · 多读音保护","license":"GPL-3.0-or-later","review":"待按读音整理","blocked":true}
啴#chan	{"word":"啴","pinyin":"chan","short":[],"senses":[],"note":"这个词有多个读音，当前读音尚未完成英语词义整理。请输入完整词组；不自动套用其他读音的释义。","source":"词伴 · 多读音保护","license":"GPL-3.0-or-later","review":"待按读音整理","blocked":true}
啴#tan	{"word":"啴","pinyin":"tan","short":[],"senses":[],"note":"这个词有多个读音，当前读音尚未完成英语词义整理。请输入完整词组；不自动套用其他读音的释义。","source":"词伴 · 多读音保护","license":"GPL-3.0-or-later","review":"待按读音整理","blocked":true}
喋#die	{"word":"喋","pinyin":"die","short":[],"senses":[],"note":"这个词有多个读音，当前读音尚未完成英语词义整理。请输入完整词组；不自动套用其他读音的释义。","source":"词伴 · 多读音保护","license":"GPL-3.0-or-later","review":"待按读音整理","blocked":true}
喋#zha	{"word":"喋","pinyin":"zha","short":[],"senses":[],"note":"这个词有多个读音，当前读音尚未完成英语词义整理。请输入完整词组；不自动套用其他读音的释义。","source":"词伴 · 多读音保护","license":"GPL-3.0-or-later","review":"待按读音整理","blocked":true}
喏#nuo	{"word":"喏","pinyin":"nuo","short":[],"senses":[],"note":"这个词有多个读音，当前读音尚未完成英语词义整理。请输入完整词组；不自动套用其他读音的释义。","source":"词伴 · 多读音保护","license":"GPL-3.0-or-later","review":"待按读音整理","blocked":true}
喏#re	{"word":"喏","pinyin":"re","short":[],"senses":[],"note":"这个词有多个读音，当前读音尚未完成英语词义整理。请输入完整词组；不自动套用其他读音的释义。","source":"词伴 · 多读音保护","license":"GPL-3.0-or-later","review":"待按读音整理","blocked":true}
喔#o	{"word":"喔","pinyin":"o","short":[],"senses":[],"note":"这个词有多个读音，当前读音尚未完成英语词义整理。请输入完整词组；不自动套用其他读音的释义。","source":"词伴 · 多读音保护","license":"GPL-3.0-or-later","review":"待按读音整理","blocked":true}
喔#wo	{"word":"喔","pinyin":"wo","short":[],"senses":[],"note":"这个词有多个读音，当前读音尚未完成英语词义整理。请输入完整词组；不自动套用其他读音的释义。","source":"词伴 · 多读音保护","license":"GPL-3.0-or-later","review":"待按读音整理","blocked":true}
喜欢#xi huan	{"word":"喜欢","pinyin":"xi huan","short":["like"],"senses":[{"text":"like","pos":"动词 / 动词短语","lemma":"like"}],"countability":"","forms":"like–liked–liked","note":"like 后可接名词或动词 ing。","example":"I like reading.","source":"词伴 · AI 英语学习整理","license":"GPL-3.0-or-later","review":"未独立英语编辑校审"}
喜欢你#xi huan ni	{"word":"喜欢你","pinyin":"xi huan ni","short":["I like you"],"senses":[{"text":"I like you","pos":"会话表达 / 短语"}],"note":"喜欢与 I love you 的爱意程度不同。","example":"I like you.","source":"词伴 · AI 英语学习整理","license":"GPL-3.0-or-later","review":"未独立英语编辑校审"}
喝#he	{"word":"喝","pinyin":"he","short":["drink"],"senses":[{"text":"drink","pos":"动词 / 动词短语","lemma":"drink"}],"countability":"","forms":"drink–drank–drunk","note":"后接饮品。","example":"I drink tea every day.","source":"词伴 · AI 英语学习整理","license":"GPL-3.0-or-later","review":"未独立英语编辑校审"}
喳#cha	{"word":"喳","pinyin":"cha","short":[],"senses":[],"note":"这个词有多个读音，当前读音尚未完成英语词义整理。请输入完整词组；不自动套用其他读音的释义。","source":"词伴 · 多读音保护","license":"GPL-3.0-or-later","review":"待按读音整理","blocked":true}
喳#zha	{"word":"喳","pinyin":"zha","short":[],"senses":[],"note":"这个词有多个读音，当前读音尚未完成英语词义整理。请输入完整词组；不自动套用其他读音的释义。","source":"词伴 · 多读音保护","license":"GPL-3.0-or-later","review":"待按读音整理","blocked":true}
喳喳#cha cha	{"word":"喳喳","pinyin":"cha cha","short":[],"senses":[],"note":"这个词有多个读音，当前读音尚未完成英语词义整理。请输入完整词组；不自动套用其他读音的释义。","source":"词伴 · 多读音保护","license":"GPL-3.0-or-later","review":"待按读音整理","blocked":true}
喳喳#zha zha	{"word":"喳喳","pinyin":"zha zha","short":[],"senses":[],"note":"这个词有多个读音，当前读音尚未完成英语词义整理。请输入完整词组；不自动套用其他读音的释义。","source":"词伴 · 多读音保护","license":"GPL-3.0-or-later","review":"待按读音整理","blocked":true}
嗄#a	{"word":"嗄","pinyin":"a","short":[],"senses":[],"note":"这个词有多个读音，当前读音尚未完成英语词义整理。请输入完整词组；不自动套用其他读音的释义。","source":"词伴 · 多读音保护","license":"GPL-3.0-or-later","review":"待按读音整理","blocked":true}
嗄#sha	{"word":"嗄","pinyin":"sha","short":[],"senses":[],"note":"这个词有多个读音，当前读音尚未完成英语词义整理。请输入完整词组；不自动套用其他读音的释义。","source":"词伴 · 多读音保护","license":"GPL-3.0-or-later","review":"待按读音整理","blocked":true}
嗌#ai	{"word":"嗌","pinyin":"ai","short":[],"senses":[],"note":"这个词有多个读音，当前读音尚未完成英语词义整理。请输入完整词组；不自动套用其他读音的释义。","source":"词伴 · 多读音保护","license":"GPL-3.0-or-later","review":"待按读音整理","blocked":true}
嗌#yi	{"word":"嗌","pinyin":"yi","short":[],"senses":[],"note":"这个词有多个读音，当前读音尚未完成英语词义整理。请输入完整词组；不自动套用其他读音的释义。","source":"词伴 · 多读音保护","license":"GPL-3.0-or-later","review":"待按读音整理","blocked":true}
嗒#da	{"word":"嗒","pinyin":"da","short":[],"senses":[],"note":"这个词有多个读音，当前读音尚未完成英语词义整理。请输入完整词组；不自动套用其他读音的释义。","source":"词伴 · 多读音保护","license":"GPL-3.0-or-later","review":"待按读音整理","blocked":true}
嗒#ta	{"word":"嗒","pinyin":"ta","short":[],"senses":[],"note":"这个词有多个读音，当前读音尚未完成英语词义整理。请输入完整词组；不自动套用其他读音的释义。","source":"词伴 · 多读音保护","license":"GPL-3.0-or-later","review":"待按读音整理","blocked":true}
嗟#jie	{"word":"嗟","pinyin":"jie","short":[],"senses":[],"note":"这个词有多个读音，当前读音尚未完成英语词义整理。请输入完整词组；不自动套用其他读音的释义。","source":"词伴 · 多读音保护","license":"GPL-3.0-or-later","review":"待按读音整理","blocked":true}
嗟#jue	{"word":"嗟","pinyin":"jue","short":[],"senses":[],"note":"这个词有多个读音，当前读音尚未完成英语词义整理。请输入完整词组；不自动套用其他读音的释义。","source":"词伴 · 多读音保护","license":"GPL-3.0-or-later","review":"待按读音整理","blocked":true}
嗨#hai	{"word":"嗨","pinyin":"hai","short":[],"senses":[],"note":"这个词有多个读音，当前读音尚未完成英语词义整理。请输入完整词组；不自动套用其他读音的释义。","source":"词伴 · 多读音保护","license":"GPL-3.0-or-later","review":"待按读音整理","blocked":true}
嗨#hei	{"word":"嗨","pinyin":"hei","short":[],"senses":[],"note":"这个词有多个读音，当前读音尚未完成英语词义整理。请输入完整词组；不自动套用其他读音的释义。","source":"词伴 · 多读音保护","license":"GPL-3.0-or-later","review":"待按读音整理","blocked":true}
嘏#gu	{"word":"嘏","pinyin":"gu","short":[],"senses":[],"note":"这个词有多个读音，当前读音尚未完成英语词义整理。请输入完整词组；不自动套用其他读音的释义。","source":"词伴 · 多读音保护","license":"GPL-3.0-or-later","review":"待按读音整理","blocked":true}
嘏#jia	{"word":"嘏","pinyin":"jia","short":[],"senses":[],"note":"这个词有多个读音，当前读音尚未完成英语词义整理。请输入完整词组；不自动套用其他读音的释义。","source":"词伴 · 多读音保护","license":"GPL-3.0-or-later","review":"待按读音整理","blocked":true}
嘘#shi	{"word":"嘘","pinyin":"shi","short":[],"senses":[],"note":"这个词有多个读音，当前读音尚未完成英语词义整理。请输入完整词组；不自动套用其他读音的释义。","source":"词伴 · 多读音保护","license":"GPL-3.0-or-later","review":"待按读音整理","blocked":true}
嘘#xu	{"word":"嘘","pinyin":"xu","short":[],"senses":[],"note":"这个词有多个读音，当前读音尚未完成英语词义整理。请输入完整词组；不自动套用其他读音的释义。","source":"词伴 · 多读音保护","license":"GPL-3.0-or-later","review":"待按读音整理","blocked":true}
嘚#de	{"word":"嘚","pinyin":"de","short":[],"senses":[],"note":"这个词有多个读音，当前读音尚未完成英语词义整理。请输入完整词组；不自动套用其他读音的释义。","source":"词伴 · 多读音保护","license":"GPL-3.0-or-later","review":"待按读音整理","blocked":true}
嘚#dei	{"word":"嘚","pinyin":"dei","short":[],"senses":[],"note":"这个词有多个读音，当前读音尚未完成英语词义整理。请输入完整词组；不自动套用其他读音的释义。","source":"词伴 · 多读音保护","license":"GPL-3.0-or-later","review":"待按读音整理","blocked":true}
嘬#chuai	{"word":"嘬","pinyin":"chuai","short":[],"senses":[],"note":"这个词有多个读音，当前读音尚未完成英语词义整理。请输入完整词组；不自动套用其他读音的释义。","source":"词伴 · 多读音保护","license":"GPL-3.0-or-later","review":"待按读音整理","blocked":true}
嘬#zuo	{"word":"嘬","pinyin":"zuo","short":[],"senses":[],"note":"这个词有多个读音，当前读音尚未完成英语词义整理。请输入完整词组；不自动套用其他读音的释义。","source":"词伴 · 多读音保护","license":"GPL-3.0-or-later","review":"待按读音整理","blocked":true}
嘲#chao	{"word":"嘲","pinyin":"chao","short":[],"senses":[],"note":"这个词有多个读音，当前读音尚未完成英语词义整理。请输入完整词组；不自动套用其他读音的释义。","source":"词伴 · 多读音保护","license":"GPL-3.0-or-later","review":"待按读音整理","blocked":true}
嘲#zhao	{"word":"嘲","pinyin":"zhao","short":[],"senses":[],"note":"这个词有多个读音，当前读音尚未完成英语词义整理。请输入完整词组；不自动套用其他读音的释义。","source":"词伴 · 多读音保护","license":"GPL-3.0-or-later","review":"待按读音整理","blocked":true}
嘿#hei	{"word":"嘿","pinyin":"hei","short":[],"senses":[],"note":"这个词有多个读音，当前读音尚未完成英语词义整理。请输入完整词组；不自动套用其他读音的释义。","source":"词伴 · 多读音保护","license":"GPL-3.0-or-later","review":"待按读音整理","blocked":true}
嘿#mo	{"word":"嘿","pinyin":"mo","short":[],"senses":[],"note":"这个词有多个读音，当前读音尚未完成英语词义整理。请输入完整词组；不自动套用其他读音的释义。","source":"词伴 · 多读音保护","license":"GPL-3.0-or-later","review":"待按读音整理","blocked":true}
噌#ceng	{"word":"噌","pinyin":"ceng","short":[],"senses":[],"note":"这个词有多个读音，当前读音尚未完成英语词义整理。请输入完整词组；不自动套用其他读音的释义。","source":"词伴 · 多读音保护","license":"GPL-3.0-or-later","review":"待按读音整理","blocked":true}
噌#cheng	{"word":"噌","pinyin":"cheng","short":[],"senses":[],"note":"这个词有多个读音，当前读音尚未完成英语词义整理。请输入完整词组；不自动套用其他读音的释义。","source":"词伴 · 多读音保护","license":"GPL-3.0-or-later","review":"待按读音整理","blocked":true}
噱#jue	{"word":"噱","pinyin":"jue","short":[],"senses":[],"note":"这个词有多个读音，当前读音尚未完成英语词义整理。请输入完整词组；不自动套用其他读音的释义。","source":"词伴 · 多读音保护","license":"GPL-3.0-or-later","review":"待按读音整理","blocked":true}
噱#xue	{"word":"噱","pinyin":"xue","short":[],"senses":[],"note":"这个词有多个读音，当前读音尚未完成英语词义整理。请输入完整词组；不自动套用其他读音的释义。","source":"词伴 · 多读音保护","license":"GPL-3.0-or-later","review":"待按读音整理","blocked":true}
嚄#huo	{"word":"嚄","pinyin":"huo","short":[],"senses":[],"note":"这个词有多个读音，当前读音尚未完成英语词义整理。请输入完整词组；不自动套用其他读音的释义。","source":"词伴 · 多读音保护","license":"GPL-3.0-or-later","review":"待按读音整理","blocked":true}
嚄#o	{"word":"嚄","pinyin":"o","short":[],"senses":[],"note":"这个词有多个读音，当前读音尚未完成英语词义整理。请输入完整词组；不自动套用其他读音的释义。","source":"词伴 · 多读音保护","license":"GPL-3.0-or-later","review":"待按读音整理","blocked":true}
嚓#ca	{"word":"嚓","pinyin":"ca","short":[],"senses":[],"note":"这个词有多个读音，当前读音尚未完成英语词义整理。请输入完整词组；不自动套用其他读音的释义。","source":"词伴 · 多读音保护","license":"GPL-3.0-or-later","review":"待按读音整理","blocked":true}
嚓#cha	{"word":"嚓","pinyin":"cha","short":[],"senses":[],"note":"这个词有多个读音，当前读音尚未完成英语词义整理。请输入完整词组；不自动套用其他读音的释义。","source":"词伴 · 多读音保护","license":"GPL-3.0-or-later","review":"待按读音整理","blocked":true}
嚣#ao	{"word":"嚣","pinyin":"ao","short":[],"senses":[],"note":"这个词有多个读音，当前读音尚未完成英语词义整理。请输入完整词组；不自动套用其他读音的释义。","source":"词伴 · 多读音保护","license":"GPL-3.0-or-later","review":"待按读音整理","blocked":true}
嚣#xiao	{"word":"嚣","pinyin":"xiao","short":[],"senses":[],"note":"这个词有多个读音，当前读音尚未完成英语词义整理。请输入完整词组；不自动套用其他读音的释义。","source":"词伴 · 多读音保护","license":"GPL-3.0-or-later","review":"待按读音整理","blocked":true}
嚼#jiao	{"word":"嚼","pinyin":"jiao","short":[],"senses":[],"note":"这个词有多个读音，当前读音尚未完成英语词义整理。请输入完整词组；不自动套用其他读音的释义。","source":"词伴 · 多读音保护","license":"GPL-3.0-or-later","review":"待按读音整理","blocked":true}
嚼#jue	{"word":"嚼","pinyin":"jue","short":[],"senses":[],"note":"这个词有多个读音，当前读音尚未完成英语词义整理。请输入完整词组；不自动套用其他读音的释义。","source":"词伴 · 多读音保护","license":"GPL-3.0-or-later","review":"待按读音整理","blocked":true}
回头见#hui tou jian	{"word":"回头见","pinyin":"hui tou jian","short":["see you later"],"senses":[{"text":"see you later","pos":"会话表达 / 短语"}],"note":"口语告别。","example":"See you later!","source":"词伴 · AI 英语学习整理","license":"GPL-3.0-or-later","review":"未独立英语编辑校审"}
回家#hui jia	{"word":"回家","pinyin":"hui jia","short":["go home"],"senses":[{"text":"go home","pos":"动词 / 动词短语","lemma":"go"}],"countability":"","forms":"go–went–gone","note":"home 作方向副词时不加 to。","example":"I'm going home.","source":"词伴 · AI 英语学习整理","license":"GPL-3.0-or-later","review":"未独立英语编辑校审"}
回家了#hui jia le	{"word":"回家了","pinyin":"hui jia le","short":["went home","is home"],"senses":[{"text":"went home","pos":"会话表达 / 短语"},{"text":"is home","pos":"会话表达 / 短语"}],"note":"已经回家的动作与在家状态不同。","example":"She's home now.","source":"词伴 · AI 英语学习整理","license":"GPL-3.0-or-later","review":"未独立英语编辑校审"}
回来了#hui lai le	{"word":"回来了","pinyin":"hui lai le","short":["came back","is back"],"senses":[{"text":"came back","pos":"会话表达 / 短语"},{"text":"is back","pos":"会话表达 / 短语"}],"note":"动作与当前已回来状态不同。","example":"She's back.","source":"词伴 · AI 英语学习整理","license":"GPL-3.0-or-later","review":"未独立英语编辑校审"}
囤#dun	{"word":"囤","pinyin":"dun","short":[],"senses":[],"note":"这个词有多个读音，当前读音尚未完成英语词义整理。请输入完整词组；不自动套用其他读音的释义。","source":"词伴 · 多读音保护","license":"GPL-3.0-or-later","review":"待按读音整理","blocked":true}
囤#tun	{"word":"囤","pinyin":"tun","short":[],"senses":[],"note":"这个词有多个读音，当前读音尚未完成英语词义整理。请输入完整词组；不自动套用其他读音的释义。","source":"词伴 · 多读音保护","license":"GPL-3.0-or-later","review":"待按读音整理","blocked":true}
圈#juan	{"word":"圈","pinyin":"juan","short":["pen","enclose"],"senses":[{"text":"pen","pos":"名词","lemma":"pen"},{"text":"enclose","pos":"动词 / 动词短语","lemma":"enclose"}],"note":"牲畜圈、圈养；juan1 等声调的其他义需词组。","source":"词伴 · AI 英语学习整理","license":"GPL-3.0-or-later","review":"未独立英语编辑校审"}
圈#quan	{"word":"圈","pinyin":"quan","short":["circle"],"senses":[{"text":"circle","pos":"名词","lemma":"circle"}],"note":"圆圈、圈子；围起来的动词义需完整词组。","source":"词伴 · AI 英语学习整理","license":"GPL-3.0-or-later","review":"未独立英语编辑校审"}
圌#chuan	{"word":"圌","pinyin":"chuan","short":[],"senses":[],"note":"这个词有多个读音，当前读音尚未完成英语词义整理。请输入完整词组；不自动套用其他读音的释义。","source":"词伴 · 多读音保护","license":"GPL-3.0-or-later","review":"待按读音整理","blocked":true}
圌#chui	{"word":"圌","pinyin":"chui","short":[],"senses":[],"note":"这个词有多个读音，当前读音尚未完成英语词义整理。请输入完整词组；不自动套用其他读音的释义。","source":"词伴 · 多读音保护","license":"GPL-3.0-or-later","review":"待按读音整理","blocked":true}
圜#huan	{"word":"圜","pinyin":"huan","short":[],"senses":[],"note":"这个词有多个读音，当前读音尚未完成英语词义整理。请输入完整词组；不自动套用其他读音的释义。","source":"词伴 · 多读音保护","license":"GPL-3.0-or-later","review":"待按读音整理","blocked":true}
圜#yuan	{"word":"圜","pinyin":"yuan","short":[],"senses":[],"note":"这个词有多个读音，当前读音尚未完成英语词义整理。请输入完整词组；不自动套用其他读音的释义。","source":"词伴 · 多读音保护","license":"GPL-3.0-or-later","review":"待按读音整理","blocked":true}
在一起#zai yi qi	{"word":"在一起","pinyin":"zai yi qi","short":["be together"],"senses":[{"text":"be together","pos":"会话表达 / 短语"}],"note":"恋爱关系和一起做事仍需语境。","example":"We're together.","source":"词伴 · AI 英语学习整理","license":"GPL-3.0-or-later","review":"未独立英语编辑校审"}
在哪#zai na	{"word":"在哪","pinyin":"zai na","short":["where?"],"senses":[{"text":"where?","pos":"会话表达 / 短语"}],"note":"完整地点问句通常包含 be。","example":"Where are you?","source":"词伴 · AI 英语学习整理","license":"GPL-3.0-or-later","review":"未独立英语编辑校审"}
在哪里#zai na li	{"word":"在哪里","pinyin":"zai na li","short":["where?"],"senses":[{"text":"where?","pos":"会话表达 / 短语"}],"note":"注意完整问句语序。","example":"Where is the station?","source":"词伴 · AI 英语学习整理","license":"GPL-3.0-or-later","review":"未独立英语编辑校审"}
圩#wei	{"word":"圩","pinyin":"wei","short":[],"senses":[],"note":"这个词有多个读音，当前读音尚未完成英语词义整理。请输入完整词组；不自动套用其他读音的释义。","source":"词伴 · 多读音保护","license":"GPL-3.0-or-later","review":"待按读音整理","blocked":true}
圩#xu	{"word":"圩","pinyin":"xu","short":[],"senses":[],"note":"这个词有多个读音，当前读音尚未完成英语词义整理。请输入完整词组；不自动套用其他读音的释义。","source":"词伴 · 多读音保护","license":"GPL-3.0-or-later","review":"待按读音整理","blocked":true}
地#de	{"word":"地","pinyin":"de","short":["adverbial particle"],"senses":[{"text":"adverbial particle","pos":"助词 / 语法说明"}],"note":"将修饰语连接到动作；英文可能转为副词，不译成地面 earth。","source":"词伴 · AI 英语学习整理","license":"GPL-3.0-or-later","review":"未独立英语编辑校审"}
地#di	{"word":"地","pinyin":"di","short":["ground","land"],"senses":[{"text":"ground","pos":"名词","lemma":"ground"},{"text":"land","pos":"名词","lemma":"land"}],"note":"地面、土地含义；状语助词读 de。","source":"词伴 · AI 英语学习整理","license":"GPL-3.0-or-later","review":"未独立英语编辑校审"}
圻#qi	{"word":"圻","pinyin":"qi","short":[],"senses":[],"note":"这个词有多个读音，当前读音尚未完成英语词义整理。请输入完整词组；不自动套用其他读音的释义。","source":"词伴 · 多读音保护","license":"GPL-3.0-or-later","review":"待按读音整理","blocked":true}
圻#yin	{"word":"圻","pinyin":"yin","short":[],"senses":[],"note":"这个词有多个读音，当前读音尚未完成英语词义整理。请输入完整词组；不自动套用其他读音的释义。","source":"词伴 · 多读音保护","license":"GPL-3.0-or-later","review":"待按读音整理","blocked":true}
坋#ben	{"word":"坋","pinyin":"ben","short":[],"senses":[],"note":"这个词有多个读音，当前读音尚未完成英语词义整理。请输入完整词组；不自动套用其他读音的释义。","source":"词伴 · 多读音保护","license":"GPL-3.0-or-later","review":"待按读音整理","blocked":true}
坋#fen	{"word":"坋","pinyin":"fen","short":[],"senses":[],"note":"这个词有多个读音，当前读音尚未完成英语词义整理。请输入完整词组；不自动套用其他读音的释义。","source":"词伴 · 多读音保护","license":"GPL-3.0-or-later","review":"待按读音整理","blocked":true}
坏#huai	{"word":"坏","pinyin":"huai","short":[],"senses":[],"note":"这个词有多个读音，当前读音尚未完成英语词义整理。请输入完整词组；不自动套用其他读音的释义。","source":"词伴 · 多读音保护","license":"GPL-3.0-or-later","review":"待按读音整理","blocked":true}
坏#pi	{"word":"坏","pinyin":"pi","short":[],"senses":[],"note":"这个词有多个读音，当前读音尚未完成英语词义整理。请输入完整词组；不自动套用其他读音的释义。","source":"词伴 · 多读音保护","license":"GPL-3.0-or-later","review":"待按读音整理","blocked":true}
坷#jiong	{"word":"坷","pinyin":"jiong","short":[],"senses":[],"note":"这个词有多个读音，当前读音尚未完成英语词义整理。请输入完整词组；不自动套用其他读音的释义。","source":"词伴 · 多读音保护","license":"GPL-3.0-or-later","review":"待按读音整理","blocked":true}
坷#ke	{"word":"坷","pinyin":"ke","short":[],"senses":[],"note":"这个词有多个读音，当前读音尚未完成英语词义整理。请输入完整词组；不自动套用其他读音的释义。","source":"词伴 · 多读音保护","license":"GPL-3.0-or-later","review":"待按读音整理","blocked":true}
坻#chi	{"word":"坻","pinyin":"chi","short":[],"senses":[],"note":"这个词有多个读音，当前读音尚未完成英语词义整理。请输入完整词组；不自动套用其他读音的释义。","source":"词伴 · 多读音保护","license":"GPL-3.0-or-later","review":"待按读音整理","blocked":true}
坻#di	{"word":"坻","pinyin":"di","short":[],"senses":[],"note":"这个词有多个读音，当前读音尚未完成英语词义整理。请输入完整词组；不自动套用其他读音的释义。","source":"词伴 · 多读音保护","license":"GPL-3.0-or-later","review":"待按读音整理","blocked":true}
垌#dong	{"word":"垌","pinyin":"dong","short":[],"senses":[],"note":"这个词有多个读音，当前读音尚未完成英语词义整理。请输入完整词组；不自动套用其他读音的释义。","source":"词伴 · 多读音保护","license":"GPL-3.0-or-later","review":"待按读音整理","blocked":true}
垌#tong	{"word":"垌","pinyin":"tong","short":[],"senses":[],"note":"这个词有多个读音，当前读音尚未完成英语词义整理。请输入完整词组；不自动套用其他读音的释义。","source":"词伴 · 多读音保护","license":"GPL-3.0-or-later","review":"待按读音整理","blocked":true}
埋#mai	{"word":"埋","pinyin":"mai","short":[],"senses":[],"note":"这个词有多个读音，当前读音尚未完成英语词义整理。请输入完整词组；不自动套用其他读音的释义。","source":"词伴 · 多读音保护","license":"GPL-3.0-or-later","review":"待按读音整理","blocked":true}
埋#man	{"word":"埋","pinyin":"man","short":[],"senses":[],"note":"这个词有多个读音，当前读音尚未完成英语词义整理。请输入完整词组；不自动套用其他读音的释义。","source":"词伴 · 多读音保护","license":"GPL-3.0-or-later","review":"待按读音整理","blocked":true}
埔#bu	{"word":"埔","pinyin":"bu","short":[],"senses":[],"note":"这个词有多个读音，当前读音尚未完成英语词义整理。请输入完整词组；不自动套用其他读音的释义。","source":"词伴 · 多读音保护","license":"GPL-3.0-or-later","review":"待按读音整理","blocked":true}
埔#pu	{"word":"埔","pinyin":"pu","short":[],"senses":[],"note":"这个词有多个读音，当前读音尚未完成英语词义整理。请输入完整词组；不自动套用其他读音的释义。","source":"词伴 · 多读音保护","license":"GPL-3.0-or-later","review":"待按读音整理","blocked":true}
堆#dui	{"word":"堆","pinyin":"dui","short":[],"senses":[],"note":"这个词有多个读音，当前读音尚未完成英语词义整理。请输入完整词组；不自动套用其他读音的释义。","source":"词伴 · 多读音保护","license":"GPL-3.0-or-later","review":"待按读音整理","blocked":true}
堆#zui	{"word":"堆","pinyin":"zui","short":[],"senses":[],"note":"这个词有多个读音，当前读音尚未完成英语词义整理。请输入完整词组；不自动套用其他读音的释义。","source":"词伴 · 多读音保护","license":"GPL-3.0-or-later","review":"待按读音整理","blocked":true}
堕#duo	{"word":"堕","pinyin":"duo","short":[],"senses":[],"note":"这个词有多个读音，当前读音尚未完成英语词义整理。请输入完整词组；不自动套用其他读音的释义。","source":"词伴 · 多读音保护","license":"GPL-3.0-or-later","review":"待按读音整理","blocked":true}
堕#hui	{"word":"堕","pinyin":"hui","short":[],"senses":[],"note":"这个词有多个读音，当前读音尚未完成英语词义整理。请输入完整词组；不自动套用其他读音的释义。","source":"词伴 · 多读音保护","license":"GPL-3.0-or-later","review":"待按读音整理","blocked":true}
堕地#duo de	{"word":"堕地","pinyin":"duo de","short":[],"senses":[],"note":"这个词有多个读音，当前读音尚未完成英语词义整理。请输入完整词组；不自动套用其他读音的释义。","source":"词伴 · 多读音保护","license":"GPL-3.0-or-later","review":"待按读音整理","blocked":true}
堕地#duo di	{"word":"堕地","pinyin":"duo di","short":[],"senses":[],"note":"这个词有多个读音，当前读音尚未完成英语词义整理。请输入完整词组；不自动套用其他读音的释义。","source":"词伴 · 多读音保护","license":"GPL-3.0-or-later","review":"待按读音整理","blocked":true}
堡#bao	{"word":"堡","pinyin":"bao","short":[],"senses":[],"note":"这个词有多个读音，当前读音尚未完成英语词义整理。请输入完整词组；不自动套用其他读音的释义。","source":"词伴 · 多读音保护","license":"GPL-3.0-or-later","review":"待按读音整理","blocked":true}
堡#bu	{"word":"堡","pinyin":"bu","short":[],"senses":[],"note":"这个词有多个读音，当前读音尚未完成英语词义整理。请输入完整词组；不自动套用其他读音的释义。","source":"词伴 · 多读音保护","license":"GPL-3.0-or-later","review":"待按读音整理","blocked":true}
堡#pu	{"word":"堡","pinyin":"pu","short":[],"senses":[],"note":"这个词有多个读音，当前读音尚未完成英语词义整理。请输入完整词组；不自动套用其他读音的释义。","source":"词伴 · 多读音保护","license":"GPL-3.0-or-later","review":"待按读音整理","blocked":true}
塔#da	{"word":"塔","pinyin":"da","short":[],"senses":[],"note":"这个词有多个读音，当前读音尚未完成英语词义整理。请输入完整词组；不自动套用其他读音的释义。","source":"词伴 · 多读音保护","license":"GPL-3.0-or-later","review":"待按读音整理","blocked":true}
塔#ta	{"word":"塔","pinyin":"ta","short":["tower","pagoda"],"senses":[{"text":"tower","pos":"名词","lemma":"tower"},{"text":"pagoda","pos":"名词","lemma":"pagoda"}],"note":"塔的类型需要上下文。","source":"词伴 · AI 英语学习整理","license":"GPL-3.0-or-later","review":"未独立英语编辑校审"}
塞#sai	{"word":"塞","pinyin":"sai","short":[],"senses":[],"note":"这个词有多个读音，当前读音尚未完成英语词义整理。请输入完整词组；不自动套用其他读音的释义。","source":"词伴 · 多读音保护","license":"GPL-3.0-or-later","review":"待按读音整理","blocked":true}
塞#se	{"word":"塞","pinyin":"se","short":[],"senses":[],"note":"这个词有多个读音，当前读音尚未完成英语词义整理。请输入完整词组；不自动套用其他读音的释义。","source":"词伴 · 多读音保护","license":"GPL-3.0-or-later","review":"待按读音整理","blocked":true}
壳#ke	{"word":"壳","pinyin":"ke","short":[],"senses":[],"note":"这个词有多个读音，当前读音尚未完成英语词义整理。请输入完整词组；不自动套用其他读音的释义。","source":"词伴 · 多读音保护","license":"GPL-3.0-or-later","review":"待按读音整理","blocked":true}
壳#qiao	{"word":"壳","pinyin":"qiao","short":[],"senses":[],"note":"这个词有多个读音，当前读音尚未完成英语词义整理。请输入完整词组；不自动套用其他读音的释义。","source":"词伴 · 多读音保护","license":"GPL-3.0-or-later","review":"待按读音整理","blocked":true}
处长#chu chang	{"word":"处长","pinyin":"chu chang","short":[],"senses":[],"note":"这个词有多个读音，当前读音尚未完成英语词义整理。请输入完整词组；不自动套用其他读音的释义。","source":"词伴 · 多读音保护","license":"GPL-3.0-or-later","review":"待按读音整理","blocked":true}
处长#chu zhang	{"word":"处长","pinyin":"chu zhang","short":[],"senses":[],"note":"这个词有多个读音，当前读音尚未完成英语词义整理。请输入完整词组；不自动套用其他读音的释义。","source":"词伴 · 多读音保护","license":"GPL-3.0-or-later","review":"待按读音整理","blocked":true}
外传#wai chuan	{"word":"外传","pinyin":"wai chuan","short":[],"senses":[],"note":"这个词有多个读音，当前读音尚未完成英语词义整理。请输入完整词组；不自动套用其他读音的释义。","source":"词伴 · 多读音保护","license":"GPL-3.0-or-later","review":"待按读音整理","blocked":true}
外传#wai zhuan	{"word":"外传","pinyin":"wai zhuan","short":[],"senses":[],"note":"这个词有多个读音，当前读音尚未完成英语词义整理。请输入完整词组；不自动套用其他读音的释义。","source":"词伴 · 多读音保护","license":"GPL-3.0-or-later","review":"待按读音整理","blocked":true}
多少钱#duo shao qian	{"word":"多少钱","pinyin":"duo shao qian","short":["how much does it cost?"],"senses":[{"text":"how much does it cost?","pos":"会话表达 / 短语"}],"note":"询问价格。","example":"How much does it cost?","source":"词伴 · AI 英语学习整理","license":"GPL-3.0-or-later","review":"未独立英语编辑校审"}
够不着#gou bu zhao	{"word":"够不着","pinyin":"gou bu zhao","short":[],"senses":[],"note":"这个词有多个读音，当前读音尚未完成英语词义整理。请输入完整词组；不自动套用其他读音的释义。","source":"词伴 · 多读音保护","license":"GPL-3.0-or-later","review":"待按读音整理","blocked":true}
够不着#gou bu zhe	{"word":"够不着","pinyin":"gou bu zhe","short":[],"senses":[],"note":"这个词有多个读音，当前读音尚未完成英语词义整理。请输入完整词组；不自动套用其他读音的释义。","source":"词伴 · 多读音保护","license":"GPL-3.0-or-later","review":"待按读音整理","blocked":true}
够得着#gou de zhao	{"word":"够得着","pinyin":"gou de zhao","short":[],"senses":[],"note":"这个词有多个读音，当前读音尚未完成英语词义整理。请输入完整词组；不自动套用其他读音的释义。","source":"词伴 · 多读音保护","license":"GPL-3.0-or-later","review":"待按读音整理","blocked":true}
够得着#gou de zhe	{"word":"够得着","pinyin":"gou de zhe","short":[],"senses":[],"note":"这个词有多个读音，当前读音尚未完成英语词义整理。请输入完整词组；不自动套用其他读音的释义。","source":"词伴 · 多读音保护","license":"GPL-3.0-or-later","review":"待按读音整理","blocked":true}
大#da	{"word":"大","pinyin":"da","short":["big","large"],"senses":[{"text":"big","pos":"形容词"},{"text":"large","pos":"形容词"}],"countability":"","forms":"","note":"具体搭配不总可互换。","example":"This is a big city.","source":"词伴 · AI 英语学习整理","license":"GPL-3.0-or-later","review":"未独立英语编辑校审"}
大#dai	{"word":"大","pinyin":"dai","short":[],"senses":[],"note":"这个词有多个读音，当前读音尚未完成英语词义整理。请输入完整词组；不自动套用其他读音的释义。","source":"词伴 · 多读音保护","license":"GPL-3.0-or-later","review":"待按读音整理","blocked":true}
大夫#da fu	{"word":"大夫","pinyin":"da fu","short":[],"senses":[],"note":"这个词有多个读音，当前读音尚未完成英语词义整理。请输入完整词组；不自动套用其他读音的释义。","source":"词伴 · 多读音保护","license":"GPL-3.0-or-later","review":"待按读音整理","blocked":true}
大夫#dai fu	{"word":"大夫","pinyin":"dai fu","short":[],"senses":[],"note":"这个词有多个读音，当前读音尚未完成英语词义整理。请输入完整词组；不自动套用其他读音的释义。","source":"词伴 · 多读音保护","license":"GPL-3.0-or-later","review":"待按读音整理","blocked":true}
大换血#da huan xie	{"word":"大换血","pinyin":"da huan xie","short":[],"senses":[],"note":"这个词有多个读音，当前读音尚未完成英语词义整理。请输入完整词组；不自动套用其他读音的释义。","source":"词伴 · 多读音保护","license":"GPL-3.0-or-later","review":"待按读音整理","blocked":true}
大换血#da huan xue	{"word":"大换血","pinyin":"da huan xue","short":[],"senses":[],"note":"这个词有多个读音，当前读音尚未完成英语词义整理。请输入完整词组；不自动套用其他读音的释义。","source":"词伴 · 多读音保护","license":"GPL-3.0-or-later","review":"待按读音整理","blocked":true}
天气#tian qi	{"word":"天气","pinyin":"tian qi","short":["weather"],"senses":[{"text":"weather","pos":"名词","lemma":"weather"}],"countability":"通常不可数","forms":"","note":"谈天气时常以 it 作主语。","example":"The weather is nice today.","source":"词伴 · AI 英语学习整理","license":"GPL-3.0-or-later","review":"未独立英语编辑校审"}
太子参#tai zi can	{"word":"太子参","pinyin":"tai zi can","short":[],"senses":[],"note":"这个词有多个读音，当前读音尚未完成英语词义整理。请输入完整词组；不自动套用其他读音的释义。","source":"词伴 · 多读音保护","license":"GPL-3.0-or-later","review":"待按读音整理","blocked":true}
太子参#tai zi shen	{"word":"太子参","pinyin":"tai zi shen","short":[],"senses":[],"note":"这个词有多个读音，当前读音尚未完成英语词义整理。请输入完整词组；不自动套用其他读音的释义。","source":"词伴 · 多读音保护","license":"GPL-3.0-or-later","review":"待按读音整理","blocked":true}
太贵了#tai gui le	{"word":"太贵了","pinyin":"tai gui le","short":["it's too expensive"],"senses":[{"text":"it's too expensive","pos":"会话表达 / 短语"}],"note":"too 表示超出可接受程度。","example":"It's too expensive.","source":"词伴 · AI 英语学习整理","license":"GPL-3.0-or-later","review":"未独立英语编辑校审"}
夯#ben	{"word":"夯","pinyin":"ben","short":[],"senses":[],"note":"这个词有多个读音，当前读音尚未完成英语词义整理。请输入完整词组；不自动套用其他读音的释义。","source":"词伴 · 多读音保护","license":"GPL-3.0-or-later","review":"待按读音整理","blocked":true}
夯#hang	{"word":"夯","pinyin":"hang","short":[],"senses":[],"note":"这个词有多个读音，当前读音尚未完成英语词义整理。请输入完整词组；不自动套用其他读音的释义。","source":"词伴 · 多读音保护","license":"GPL-3.0-or-later","review":"待按读音整理","blocked":true}
夷为平地#yi wei ping de	{"word":"夷为平地","pinyin":"yi wei ping de","short":[],"senses":[],"note":"这个词有多个读音，当前读音尚未完成英语词义整理。请输入完整词组；不自动套用其他读音的释义。","source":"词伴 · 多读音保护","license":"GPL-3.0-or-later","review":"待按读音整理","blocked":true}
夷为平地#yi wei ping di	{"word":"夷为平地","pinyin":"yi wei ping di","short":[],"senses":[],"note":"这个词有多个读音，当前读音尚未完成英语词义整理。请输入完整词组；不自动套用其他读音的释义。","source":"词伴 · 多读音保护","license":"GPL-3.0-or-later","review":"待按读音整理","blocked":true}
夹#ga	{"word":"夹","pinyin":"ga","short":[],"senses":[],"note":"这个词有多个读音，当前读音尚未完成英语词义整理。请输入完整词组；不自动套用其他读音的释义。","source":"词伴 · 多读音保护","license":"GPL-3.0-or-later","review":"待按读音整理","blocked":true}
夹#jia	{"word":"夹","pinyin":"jia","short":[],"senses":[],"note":"这个词有多个读音，当前读音尚未完成英语词义整理。请输入完整词组；不自动套用其他读音的释义。","source":"词伴 · 多读音保护","license":"GPL-3.0-or-later","review":"待按读音整理","blocked":true}
奇#ji	{"word":"奇","pinyin":"ji","short":[],"senses":[],"note":"这个词有多个读音，当前读音尚未完成英语词义整理。请输入完整词组；不自动套用其他读音的释义。","source":"词伴 · 多读音保护","license":"GPL-3.0-or-later","review":"待按读音整理","blocked":true}
奇#qi	{"word":"奇","pinyin":"qi","short":[],"senses":[],"note":"这个词有多个读音，当前读音尚未完成英语词义整理。请输入完整词组；不自动套用其他读音的释义。","source":"词伴 · 多读音保护","license":"GPL-3.0-or-later","review":"待按读音整理","blocked":true}
契#qi	{"word":"契","pinyin":"qi","short":[],"senses":[],"note":"这个词有多个读音，当前读音尚未完成英语词义整理。请输入完整词组；不自动套用其他读音的释义。","source":"词伴 · 多读音保护","license":"GPL-3.0-or-later","review":"待按读音整理","blocked":true}
契#xie	{"word":"契","pinyin":"xie","short":[],"senses":[],"note":"这个词有多个读音，当前读音尚未完成英语词义整理。请输入完整词组；不自动套用其他读音的释义。","source":"词伴 · 多读音保护","license":"GPL-3.0-or-later","review":"待按读音整理","blocked":true}
奘#zang	{"word":"奘","pinyin":"zang","short":[],"senses":[],"note":"这个词有多个读音，当前读音尚未完成英语词义整理。请输入完整词组；不自动套用其他读音的释义。","source":"词伴 · 多读音保护","license":"GPL-3.0-or-later","review":"待按读音整理","blocked":true}
奘#zhuang	{"word":"奘","pinyin":"zhuang","short":[],"senses":[],"note":"这个词有多个读音，当前读音尚未完成英语词义整理。请输入完整词组；不自动套用其他读音的释义。","source":"词伴 · 多读音保护","license":"GPL-3.0-or-later","review":"待按读音整理","blocked":true}
女人#nv ren	{"word":"女人","pinyin":"nv ren","short":["woman"],"senses":[{"text":"woman","pos":"名词","lemma":"woman"}],"countability":"可数名词","forms":"复数 women","note":"复数拼写和发音均变化。","example":"She's an interesting woman.","source":"词伴 · AI 英语学习整理","license":"GPL-3.0-or-later","review":"未独立英语编辑校审"}
女角#nv jiao	{"word":"女角","pinyin":"nv jiao","short":[],"senses":[],"note":"这个词有多个读音，当前读音尚未完成英语词义整理。请输入完整词组；不自动套用其他读音的释义。","source":"词伴 · 多读音保护","license":"GPL-3.0-or-later","review":"待按读音整理","blocked":true}
女角#nv jue	{"word":"女角","pinyin":"nv jue","short":[],"senses":[],"note":"这个词有多个读音，当前读音尚未完成英语词义整理。请输入完整词组；不自动套用其他读音的释义。","source":"词伴 · 多读音保护","license":"GPL-3.0-or-later","review":"待按读音整理","blocked":true}
好#hao	{"word":"好","pinyin":"hao","short":["good","like"],"senses":[{"text":"good","pos":"形容词"},{"text":"like","pos":"动词 / 动词短语","lemma":"like"}],"note":"hao3 形容好，hao4 表示喜好；无声调不能区分。","example":"This is a good idea.","source":"词伴 · AI 英语学习整理","license":"GPL-3.0-or-later","review":"未独立英语编辑校审"}
好的#hao de	{"word":"好的","pinyin":"hao de","short":["okay"],"senses":[{"text":"okay","pos":"会话表达 / 短语"}],"note":"回应同意；修饰事物时用 good。","example":"Okay, see you tomorrow.","source":"词伴 · AI 英语学习整理","license":"GPL-3.0-or-later","review":"未独立英语编辑校审"}
好的东西#hao de dong xi	{"word":"好的东西","pinyin":"hao de dong xi","short":["good things"],"senses":[{"text":"good things","pos":"名词","lemma":"thing"}],"countability":"可数名词","forms":"things","note":"good 在这里修饰名词，不是回应“好的”的 okay。","example":"Good things take time.","source":"词伴 · AI 英语学习整理","license":"GPL-3.0-or-later","review":"未独立英语编辑校审"}
姥#lao	{"word":"姥","pinyin":"lao","short":[],"senses":[],"note":"这个词有多个读音，当前读音尚未完成英语词义整理。请输入完整词组；不自动套用其他读音的释义。","source":"词伴 · 多读音保护","license":"GPL-3.0-or-later","review":"待按读音整理","blocked":true}
姥#mu	{"word":"姥","pinyin":"mu","short":[],"senses":[],"note":"这个词有多个读音，当前读音尚未完成英语词义整理。请输入完整词组；不自动套用其他读音的释义。","source":"词伴 · 多读音保护","license":"GPL-3.0-or-later","review":"待按读音整理","blocked":true}
娜#na	{"word":"娜","pinyin":"na","short":[],"senses":[],"note":"这个词有多个读音，当前读音尚未完成英语词义整理。请输入完整词组；不自动套用其他读音的释义。","source":"词伴 · 多读音保护","license":"GPL-3.0-or-later","review":"待按读音整理","blocked":true}
娜#nuo	{"word":"娜","pinyin":"nuo","short":[],"senses":[],"note":"这个词有多个读音，当前读音尚未完成英语词义整理。请输入完整词组；不自动套用其他读音的释义。","source":"词伴 · 多读音保护","license":"GPL-3.0-or-later","review":"待按读音整理","blocked":true}
娩#mian	{"word":"娩","pinyin":"mian","short":[],"senses":[],"note":"这个词有多个读音，当前读音尚未完成英语词义整理。请输入完整词组；不自动套用其他读音的释义。","source":"词伴 · 多读音保护","license":"GPL-3.0-or-later","review":"待按读音整理","blocked":true}
娩#wan	{"word":"娩","pinyin":"wan","short":[],"senses":[],"note":"这个词有多个读音，当前读音尚未完成英语词义整理。请输入完整词组；不自动套用其他读音的释义。","source":"词伴 · 多读音保护","license":"GPL-3.0-or-later","review":"待按读音整理","blocked":true}
婼#chuo	{"word":"婼","pinyin":"chuo","short":[],"senses":[],"note":"这个词有多个读音，当前读音尚未完成英语词义整理。请输入完整词组；不自动套用其他读音的释义。","source":"词伴 · 多读音保护","license":"GPL-3.0-or-later","review":"待按读音整理","blocked":true}
婼#ruo	{"word":"婼","pinyin":"ruo","short":[],"senses":[],"note":"这个词有多个读音，当前读音尚未完成英语词义整理。请输入完整词组；不自动套用其他读音的释义。","source":"词伴 · 多读音保护","license":"GPL-3.0-or-later","review":"待按读音整理","blocked":true}
嬷#ma	{"word":"嬷","pinyin":"ma","short":[],"senses":[],"note":"这个词有多个读音，当前读音尚未完成英语词义整理。请输入完整词组；不自动套用其他读音的释义。","source":"词伴 · 多读音保护","license":"GPL-3.0-or-later","review":"待按读音整理","blocked":true}
嬷#mo	{"word":"嬷","pinyin":"mo","short":[],"senses":[],"note":"这个词有多个读音，当前读音尚未完成英语词义整理。请输入完整词组；不自动套用其他读音的释义。","source":"词伴 · 多读音保护","license":"GPL-3.0-or-later","review":"待按读音整理","blocked":true}
孛#bei	{"word":"孛","pinyin":"bei","short":[],"senses":[],"note":"这个词有多个读音，当前读音尚未完成英语词义整理。请输入完整词组；不自动套用其他读音的释义。","source":"词伴 · 多读音保护","license":"GPL-3.0-or-later","review":"待按读音整理","blocked":true}
孛#bo	{"word":"孛","pinyin":"bo","short":[],"senses":[],"note":"这个词有多个读音，当前读音尚未完成英语词义整理。请输入完整词组；不自动套用其他读音的释义。","source":"词伴 · 多读音保护","license":"GPL-3.0-or-later","review":"待按读音整理","blocked":true}
学习#xue xi	{"word":"学习","pinyin":"xue xi","short":["learn","study"],"senses":[{"text":"learn","pos":"动词 / 动词短语","lemma":"learn"},{"text":"study","pos":"动词 / 动词短语","lemma":"study"}],"countability":"","forms":"learn–learned/learnt–learned/learnt；study–studied–studied","note":"learn 强调学会，study 强调学习活动。","example":"I'm learning English.","source":"词伴 · AI 英语学习整理","license":"GPL-3.0-or-later","review":"未独立英语编辑校审"}
学生#xue sheng	{"word":"学生","pinyin":"xue sheng","short":["student"],"senses":[{"text":"student","pos":"名词","lemma":"student"}],"countability":"可数名词","forms":"复数 students","note":"前面按需要使用 a/the。","example":"I'm a student.","source":"词伴 · AI 英语学习整理","license":"GPL-3.0-or-later","review":"未独立英语编辑校审"}
孩子#hai zi	{"word":"孩子","pinyin":"hai zi","short":["child"],"senses":[{"text":"child","pos":"名词","lemma":"child"}],"countability":"可数名词","forms":"复数 children","note":"不规则复数；不要写 childs。","example":"The children are playing.","source":"词伴 · AI 英语学习整理","license":"GPL-3.0-or-later","review":"未独立英语编辑校审"}
孱#can	{"word":"孱","pinyin":"can","short":[],"senses":[],"note":"这个词有多个读音，当前读音尚未完成英语词义整理。请输入完整词组；不自动套用其他读音的释义。","source":"词伴 · 多读音保护","license":"GPL-3.0-or-later","review":"待按读音整理","blocked":true}
孱#chan	{"word":"孱","pinyin":"chan","short":[],"senses":[],"note":"这个词有多个读音，当前读音尚未完成英语词义整理。请输入完整词组；不自动套用其他读音的释义。","source":"词伴 · 多读音保护","license":"GPL-3.0-or-later","review":"待按读音整理","blocked":true}
官了#guan le	{"word":"官了","pinyin":"guan le","short":[],"senses":[],"note":"这个词有多个读音，当前读音尚未完成英语词义整理。请输入完整词组；不自动套用其他读音的释义。","source":"词伴 · 多读音保护","license":"GPL-3.0-or-later","review":"待按读音整理","blocked":true}
官了#guan liao	{"word":"官了","pinyin":"guan liao","short":[],"senses":[],"note":"这个词有多个读音，当前读音尚未完成英语词义整理。请输入完整词组；不自动套用其他读音的释义。","source":"词伴 · 多读音保护","license":"GPL-3.0-or-later","review":"待按读音整理","blocked":true}
审判长#shen pan chang	{"word":"审判长","pinyin":"shen pan chang","short":[],"senses":[],"note":"这个词有多个读音，当前读音尚未完成英语词义整理。请输入完整词组；不自动套用其他读音的释义。","source":"词伴 · 多读音保护","license":"GPL-3.0-or-later","review":"待按读音整理","blocked":true}
审判长#shen pan zhang	{"word":"审判长","pinyin":"shen pan zhang","short":[],"senses":[],"note":"这个词有多个读音，当前读音尚未完成英语词义整理。请输入完整词组；不自动套用其他读音的释义。","source":"词伴 · 多读音保护","license":"GPL-3.0-or-later","review":"待按读音整理","blocked":true}
审度#shen du	{"word":"审度","pinyin":"shen du","short":[],"senses":[],"note":"这个词有多个读音，当前读音尚未完成英语词义整理。请输入完整词组；不自动套用其他读音的释义。","source":"词伴 · 多读音保护","license":"GPL-3.0-or-later","review":"待按读音整理","blocked":true}
审度#shen duo	{"word":"审度","pinyin":"shen duo","short":[],"senses":[],"note":"这个词有多个读音，当前读音尚未完成英语词义整理。请输入完整词组；不自动套用其他读音的释义。","source":"词伴 · 多读音保护","license":"GPL-3.0-or-later","review":"待按读音整理","blocked":true}
审校#shen jiao	{"word":"审校","pinyin":"shen jiao","short":[],"senses":[],"note":"这个词有多个读音，当前读音尚未完成英语词义整理。请输入完整词组；不自动套用其他读音的释义。","source":"词伴 · 多读音保护","license":"GPL-3.0-or-later","review":"待按读音整理","blocked":true}
审校#shen xiao	{"word":"审校","pinyin":"shen xiao","short":[],"senses":[],"note":"这个词有多个读音，当前读音尚未完成英语词义整理。请输入完整词组；不自动套用其他读音的释义。","source":"词伴 · 多读音保护","license":"GPL-3.0-or-later","review":"待按读音整理","blocked":true}
家#jia	{"word":"家","pinyin":"jia","short":["home","family"],"senses":[{"text":"home","pos":"名词","lemma":"home"},{"text":"family","pos":"名词","lemma":"family"}],"note":"家、家庭；house 指房屋。完整句子区分地点与家庭成员。","source":"词伴 · AI 英语学习整理","license":"GPL-3.0-or-later","review":"未独立英语编辑校审"}
家#jie	{"word":"家","pinyin":"jie","short":[],"senses":[],"note":"这个词有多个读音，当前读音尚未完成英语词义整理。请输入完整词组；不自动套用其他读音的释义。","source":"词伴 · 多读音保护","license":"GPL-3.0-or-later","review":"待按读音整理","blocked":true}
家长里短#jia chang li duan	{"word":"家长里短","pinyin":"jia chang li duan","short":[],"senses":[],"note":"这个词有多个读音，当前读音尚未完成英语词义整理。请输入完整词组；不自动套用其他读音的释义。","source":"词伴 · 多读音保护","license":"GPL-3.0-or-later","review":"待按读音整理","blocked":true}
家长里短#jia zhang li duan	{"word":"家长里短","pinyin":"jia zhang li duan","short":[],"senses":[],"note":"这个词有多个读音，当前读音尚未完成英语词义整理。请输入完整词组；不自动套用其他读音的释义。","source":"词伴 · 多读音保护","license":"GPL-3.0-or-later","review":"待按读音整理","blocked":true}
容易#rong yi	{"word":"容易","pinyin":"rong yi","short":["easy"],"senses":[{"text":"easy","pos":"形容词"}],"countability":"","forms":"","note":"常见结构 easy to do。","example":"It's easy to use.","source":"词伴 · AI 英语学习整理","license":"GPL-3.0-or-later","review":"未独立英语编辑校审"}
宿#su	{"word":"宿","pinyin":"su","short":[],"senses":[],"note":"这个词有多个读音，当前读音尚未完成英语词义整理。请输入完整词组；不自动套用其他读音的释义。","source":"词伴 · 多读音保护","license":"GPL-3.0-or-later","review":"待按读音整理","blocked":true}
宿#xiu	{"word":"宿","pinyin":"xiu","short":[],"senses":[],"note":"这个词有多个读音，当前读音尚未完成英语词义整理。请输入完整词组；不自动套用其他读音的释义。","source":"词伴 · 多读音保护","license":"GPL-3.0-or-later","review":"待按读音整理","blocked":true}
对不起#dui bu qi	{"word":"对不起","pinyin":"dui bu qi","short":["sorry"],"senses":[{"text":"sorry","pos":"叹词 / 礼貌表达"}],"countability":"","forms":"","note":"用于道歉；打扰陌生人常先说 excuse me。","example":"I'm sorry I'm late.","source":"词伴 · AI 英语学习整理","license":"GPL-3.0-or-later","review":"未独立英语编辑校审"}
对啊#dui a	{"word":"对啊","pinyin":"dui a","short":["that's right"],"senses":[{"text":"that's right","pos":"会话表达 / 短语"}],"note":"表示同意或确认。","example":"That's right.","source":"词伴 · AI 英语学习整理","license":"GPL-3.0-or-later","review":"未独立英语编辑校审"}
寻#xin	{"word":"寻","pinyin":"xin","short":[],"senses":[],"note":"这个词有多个读音，当前读音尚未完成英语词义整理。请输入完整词组；不自动套用其他读音的释义。","source":"词伴 · 多读音保护","license":"GPL-3.0-or-later","review":"待按读音整理","blocked":true}
寻#xun	{"word":"寻","pinyin":"xun","short":[],"senses":[],"note":"这个词有多个读音，当前读音尚未完成英语词义整理。请输入完整词组；不自动套用其他读音的释义。","source":"词伴 · 多读音保护","license":"GPL-3.0-or-later","review":"待按读音整理","blocked":true}
将#jiang	{"word":"将","pinyin":"jiang","short":["will","general"],"senses":[{"text":"will","pos":"动词 / 动词短语","lemma":"will"},{"text":"general","pos":"名词","lemma":"general"}],"note":"jiang1 可表示将来，jiang4 可指将领；无声调拼音需靠词组。","source":"词伴 · AI 英语学习整理","license":"GPL-3.0-or-later","review":"未独立英语编辑校审"}
将#qiang	{"word":"将","pinyin":"qiang","short":[],"senses":[],"note":"这个词有多个读音，当前读音尚未完成英语词义整理。请输入完整词组；不自动套用其他读音的释义。","source":"词伴 · 多读音保护","license":"GPL-3.0-or-later","review":"待按读音整理","blocked":true}
尉#wei	{"word":"尉","pinyin":"wei","short":[],"senses":[],"note":"这个词有多个读音，当前读音尚未完成英语词义整理。请输入完整词组；不自动套用其他读音的释义。","source":"词伴 · 多读音保护","license":"GPL-3.0-or-later","review":"待按读音整理","blocked":true}
尉#yu	{"word":"尉","pinyin":"yu","short":[],"senses":[],"note":"这个词有多个读音，当前读音尚未完成英语词义整理。请输入完整词组；不自动套用其他读音的释义。","source":"词伴 · 多读音保护","license":"GPL-3.0-or-later","review":"待按读音整理","blocked":true}
小#xiao	{"word":"小","pinyin":"xiao","short":["small"],"senses":[{"text":"small","pos":"形容词"}],"countability":"","forms":"","note":"与 little 的语气和搭配可能不同。","example":"It's a small room.","source":"词伴 · AI 英语学习整理","license":"GPL-3.0-or-later","review":"未独立英语编辑校审"}
小心#xiao xin	{"word":"小心","pinyin":"xiao xin","short":["be careful!","watch out!"],"senses":[{"text":"be careful!","pos":"会话表达 / 短语"},{"text":"watch out!","pos":"会话表达 / 短语"}],"note":"提醒一般注意或眼前危险。","example":"Watch out!","source":"词伴 · AI 英语学习整理","license":"GPL-3.0-or-later","review":"未独立英语编辑校审"}
少#shao	{"word":"少","pinyin":"shao","short":["little","few"],"senses":[{"text":"little","pos":"形容词"},{"text":"few","pos":"形容词"}],"countability":"","forms":"","note":"little 配不可数，few 配可数复数；加 a 语气不同。","example":"I have a little time.","source":"词伴 · AI 英语学习整理","license":"GPL-3.0-or-later","review":"未独立英语编辑校审"}
尢#wang	{"word":"尢","pinyin":"wang","short":[],"senses":[],"note":"这个词有多个读音，当前读音尚未完成英语词义整理。请输入完整词组；不自动套用其他读音的释义。","source":"词伴 · 多读音保护","license":"GPL-3.0-or-later","review":"待按读音整理","blocked":true}
尢#you	{"word":"尢","pinyin":"you","short":[],"senses":[],"note":"这个词有多个读音，当前读音尚未完成英语词义整理。请输入完整词组；不自动套用其他读音的释义。","source":"词伴 · 多读音保护","license":"GPL-3.0-or-later","review":"待按读音整理","blocked":true}
尨#mang	{"word":"尨","pinyin":"mang","short":[],"senses":[],"note":"这个词有多个读音，当前读音尚未完成英语词义整理。请输入完整词组；不自动套用其他读音的释义。","source":"词伴 · 多读音保护","license":"GPL-3.0-or-later","review":"待按读音整理","blocked":true}
尨#meng	{"word":"尨","pinyin":"meng","short":[],"senses":[],"note":"这个词有多个读音，当前读音尚未完成英语词义整理。请输入完整词组；不自动套用其他读音的释义。","source":"词伴 · 多读音保护","license":"GPL-3.0-or-later","review":"待按读音整理","blocked":true}
尺#che	{"word":"尺","pinyin":"che","short":[],"senses":[],"note":"这个词有多个读音，当前读音尚未完成英语词义整理。请输入完整词组；不自动套用其他读音的释义。","source":"词伴 · 多读音保护","license":"GPL-3.0-or-later","review":"待按读音整理","blocked":true}
尺#chi	{"word":"尺","pinyin":"chi","short":[],"senses":[],"note":"这个词有多个读音，当前读音尚未完成英语词义整理。请输入完整词组；不自动套用其他读音的释义。","source":"词伴 · 多读音保护","license":"GPL-3.0-or-later","review":"待按读音整理","blocked":true}
尾#wei	{"word":"尾","pinyin":"wei","short":[],"senses":[],"note":"这个词有多个读音，当前读音尚未完成英语词义整理。请输入完整词组；不自动套用其他读音的释义。","source":"词伴 · 多读音保护","license":"GPL-3.0-or-later","review":"待按读音整理","blocked":true}
尾#yi	{"word":"尾","pinyin":"yi","short":[],"senses":[],"note":"这个词有多个读音，当前读音尚未完成英语词义整理。请输入完整词组；不自动套用其他读音的释义。","source":"词伴 · 多读音保护","license":"GPL-3.0-or-later","review":"待按读音整理","blocked":true}
尿#niao	{"word":"尿","pinyin":"niao","short":[],"senses":[],"note":"这个词有多个读音，当前读音尚未完成英语词义整理。请输入完整词组；不自动套用其他读音的释义。","source":"词伴 · 多读音保护","license":"GPL-3.0-or-later","review":"待按读音整理","blocked":true}
尿#sui	{"word":"尿","pinyin":"sui","short":[],"senses":[],"note":"这个词有多个读音，当前读音尚未完成英语词义整理。请输入完整词组；不自动套用其他读音的释义。","source":"词伴 · 多读音保护","license":"GPL-3.0-or-later","review":"待按读音整理","blocked":true}
尿泡#niao pao	{"word":"尿泡","pinyin":"niao pao","short":[],"senses":[],"note":"这个词有多个读音，当前读音尚未完成英语词义整理。请输入完整词组；不自动套用其他读音的释义。","source":"词伴 · 多读音保护","license":"GPL-3.0-or-later","review":"待按读音整理","blocked":true}
尿泡#sui pao	{"word":"尿泡","pinyin":"sui pao","short":[],"senses":[],"note":"这个词有多个读音，当前读音尚未完成英语词义整理。请输入完整词组；不自动套用其他读音的释义。","source":"词伴 · 多读音保护","license":"GPL-3.0-or-later","review":"待按读音整理","blocked":true}
尿血#niao xie	{"word":"尿血","pinyin":"niao xie","short":[],"senses":[],"note":"这个词有多个读音，当前读音尚未完成英语词义整理。请输入完整词组；不自动套用其他读音的释义。","source":"词伴 · 多读音保护","license":"GPL-3.0-or-later","review":"待按读音整理","blocked":true}
尿血#niao xue	{"word":"尿血","pinyin":"niao xue","short":[],"senses":[],"note":"这个词有多个读音，当前读音尚未完成英语词义整理。请输入完整词组；不自动套用其他读音的释义。","source":"词伴 · 多读音保护","license":"GPL-3.0-or-later","review":"待按读音整理","blocked":true}
屏#bing	{"word":"屏","pinyin":"bing","short":[],"senses":[],"note":"这个词有多个读音，当前读音尚未完成英语词义整理。请输入完整词组；不自动套用其他读音的释义。","source":"词伴 · 多读音保护","license":"GPL-3.0-or-later","review":"待按读音整理","blocked":true}
屏#ping	{"word":"屏","pinyin":"ping","short":[],"senses":[],"note":"这个词有多个读音，当前读音尚未完成英语词义整理。请输入完整词组；不自动套用其他读音的释义。","source":"词伴 · 多读音保护","license":"GPL-3.0-or-later","review":"待按读音整理","blocked":true}
属#shu	{"word":"属","pinyin":"shu","short":[],"senses":[],"note":"这个词有多个读音，当前读音尚未完成英语词义整理。请输入完整词组；不自动套用其他读音的释义。","source":"词伴 · 多读音保护","license":"GPL-3.0-or-later","review":"待按读音整理","blocked":true}
属#zhu	{"word":"属","pinyin":"zhu","short":[],"senses":[],"note":"这个词有多个读音，当前读音尚未完成英语词义整理。请输入完整词组；不自动套用其他读音的释义。","source":"词伴 · 多读音保护","license":"GPL-3.0-or-later","review":"待按读音整理","blocked":true}
属意#shu yi	{"word":"属意","pinyin":"shu yi","short":[],"senses":[],"note":"这个词有多个读音，当前读音尚未完成英语词义整理。请输入完整词组；不自动套用其他读音的释义。","source":"词伴 · 多读音保护","license":"GPL-3.0-or-later","review":"待按读音整理","blocked":true}
属意#zhu yi	{"word":"属意","pinyin":"zhu yi","short":[],"senses":[],"note":"这个词有多个读音，当前读音尚未完成英语词义整理。请输入完整词组；不自动套用其他读音的释义。","source":"词伴 · 多读音保护","license":"GPL-3.0-or-later","review":"待按读音整理","blocked":true}
屯#tun	{"word":"屯","pinyin":"tun","short":[],"senses":[],"note":"这个词有多个读音，当前读音尚未完成英语词义整理。请输入完整词组；不自动套用其他读音的释义。","source":"词伴 · 多读音保护","license":"GPL-3.0-or-later","review":"待按读音整理","blocked":true}
屯#zhun	{"word":"屯","pinyin":"zhun","short":[],"senses":[],"note":"这个词有多个读音，当前读音尚未完成英语词义整理。请输入完整词组；不自动套用其他读音的释义。","source":"词伴 · 多读音保护","license":"GPL-3.0-or-later","review":"待按读音整理","blocked":true}
山大王#shan da wang	{"word":"山大王","pinyin":"shan da wang","short":[],"senses":[],"note":"这个词有多个读音，当前读音尚未完成英语词义整理。请输入完整词组；不自动套用其他读音的释义。","source":"词伴 · 多读音保护","license":"GPL-3.0-or-later","review":"待按读音整理","blocked":true}
山大王#shan dai wang	{"word":"山大王","pinyin":"shan dai wang","short":[],"senses":[],"note":"这个词有多个读音，当前读音尚未完成英语词义整理。请输入完整词组；不自动套用其他读音的释义。","source":"词伴 · 多读音保护","license":"GPL-3.0-or-later","review":"待按读音整理","blocked":true}
屹#ge	{"word":"屹","pinyin":"ge","short":[],"senses":[],"note":"这个词有多个读音，当前读音尚未完成英语词义整理。请输入完整词组；不自动套用其他读音的释义。","source":"词伴 · 多读音保护","license":"GPL-3.0-or-later","review":"待按读音整理","blocked":true}
屹#yi	{"word":"屹","pinyin":"yi","short":[],"senses":[],"note":"这个词有多个读音，当前读音尚未完成英语词义整理。请输入完整词组；不自动套用其他读音的释义。","source":"词伴 · 多读音保护","license":"GPL-3.0-or-later","review":"待按读音整理","blocked":true}
岁#sui	{"word":"岁","pinyin":"sui","short":["year old"],"senses":[{"text":"year old","pos":"会话表达 / 短语"}],"note":"年龄用 be；大于一用 years old。","example":"I'm twenty years old.","source":"词伴 · AI 英语学习整理","license":"GPL-3.0-or-later","review":"未独立英语编辑校审"}
峒#dong	{"word":"峒","pinyin":"dong","short":[],"senses":[],"note":"这个词有多个读音，当前读音尚未完成英语词义整理。请输入完整词组；不自动套用其他读音的释义。","source":"词伴 · 多读音保护","license":"GPL-3.0-or-later","review":"待按读音整理","blocked":true}
峒#tong	{"word":"峒","pinyin":"tong","short":[],"senses":[],"note":"这个词有多个读音，当前读音尚未完成英语词义整理。请输入完整词组；不自动套用其他读音的释义。","source":"词伴 · 多读音保护","license":"GPL-3.0-or-later","review":"待按读音整理","blocked":true}
峙#shi	{"word":"峙","pinyin":"shi","short":[],"senses":[],"note":"这个词有多个读音，当前读音尚未完成英语词义整理。请输入完整词组；不自动套用其他读音的释义。","source":"词伴 · 多读音保护","license":"GPL-3.0-or-later","review":"待按读音整理","blocked":true}
峙#zhi	{"word":"峙","pinyin":"zhi","short":[],"senses":[],"note":"这个词有多个读音，当前读音尚未完成英语词义整理。请输入完整词组；不自动套用其他读音的释义。","source":"词伴 · 多读音保护","license":"GPL-3.0-or-later","review":"待按读音整理","blocked":true}
峤#jiao	{"word":"峤","pinyin":"jiao","short":[],"senses":[],"note":"这个词有多个读音，当前读音尚未完成英语词义整理。请输入完整词组；不自动套用其他读音的释义。","source":"词伴 · 多读音保护","license":"GPL-3.0-or-later","review":"待按读音整理","blocked":true}
峤#qiao	{"word":"峤","pinyin":"qiao","short":[],"senses":[],"note":"这个词有多个读音，当前读音尚未完成英语词义整理。请输入完整词组；不自动套用其他读音的释义。","source":"词伴 · 多读音保护","license":"GPL-3.0-or-later","review":"待按读音整理","blocked":true}
崴#wai	{"word":"崴","pinyin":"wai","short":[],"senses":[],"note":"这个词有多个读音，当前读音尚未完成英语词义整理。请输入完整词组；不自动套用其他读音的释义。","source":"词伴 · 多读音保护","license":"GPL-3.0-or-later","review":"待按读音整理","blocked":true}
崴#wei	{"word":"崴","pinyin":"wei","short":[],"senses":[],"note":"这个词有多个读音，当前读音尚未完成英语词义整理。请输入完整词组；不自动套用其他读音的释义。","source":"词伴 · 多读音保护","license":"GPL-3.0-or-later","review":"待按读音整理","blocked":true}
嵌#kan	{"word":"嵌","pinyin":"kan","short":[],"senses":[],"note":"这个词有多个读音，当前读音尚未完成英语词义整理。请输入完整词组；不自动套用其他读音的释义。","source":"词伴 · 多读音保护","license":"GPL-3.0-or-later","review":"待按读音整理","blocked":true}
嵌#qian	{"word":"嵌","pinyin":"qian","short":[],"senses":[],"note":"这个词有多个读音，当前读音尚未完成英语词义整理。请输入完整词组；不自动套用其他读音的释义。","source":"词伴 · 多读音保护","license":"GPL-3.0-or-later","review":"待按读音整理","blocked":true}
州长#zhou chang	{"word":"州长","pinyin":"zhou chang","short":[],"senses":[],"note":"这个词有多个读音，当前读音尚未完成英语词义整理。请输入完整词组；不自动套用其他读音的释义。","source":"词伴 · 多读音保护","license":"GPL-3.0-or-later","review":"待按读音整理","blocked":true}
州长#zhou zhang	{"word":"州长","pinyin":"zhou zhang","short":[],"senses":[],"note":"这个词有多个读音，当前读音尚未完成英语词义整理。请输入完整词组；不自动套用其他读音的释义。","source":"词伴 · 多读音保护","license":"GPL-3.0-or-later","review":"待按读音整理","blocked":true}
工作#gong zuo	{"word":"工作","pinyin":"gong zuo","short":["work","job"],"senses":[{"text":"work","pos":"名词","lemma":"work"},{"text":"job","pos":"名词","lemma":"job"}],"countability":"work 通常不可数；job 可数","forms":"jobs","note":"工作活动用 work，职位用 job；工作作为动词也用 work。","example":"I have a new job.","source":"词伴 · AI 英语学习整理","license":"GPL-3.0-or-later","review":"未独立英语编辑校审"}
工作日#gong zuo ri	{"word":"工作日","pinyin":"gong zuo ri","short":["working day","weekday"],"senses":[{"text":"working day","pos":"会话表达 / 短语"},{"text":"weekday","pos":"会话表达 / 短语"}],"note":"weekday 指周一至周五；具体营业日需按实际情况判断。","example":"I'll call you on a weekday.","source":"词伴 · AI 英语学习整理","license":"GPL-3.0-or-later","review":"未独立英语编辑校审"}
工长#gong chang	{"word":"工长","pinyin":"gong chang","short":[],"senses":[],"note":"这个词有多个读音，当前读音尚未完成英语词义整理。请输入完整词组；不自动套用其他读音的释义。","source":"词伴 · 多读音保护","license":"GPL-3.0-or-later","review":"待按读音整理","blocked":true}
工长#gong zhang	{"word":"工长","pinyin":"gong zhang","short":[],"senses":[],"note":"这个词有多个读音，当前读音尚未完成英语词义整理。请输入完整词组；不自动套用其他读音的释义。","source":"词伴 · 多读音保护","license":"GPL-3.0-or-later","review":"待按读音整理","blocked":true}
差#cha	{"word":"差","pinyin":"cha","short":["difference","poor"],"senses":[{"text":"difference","pos":"名词","lemma":"difference"},{"text":"poor","pos":"形容词"}],"note":"cha1 差别，cha4 差/缺少；无声调拼音需词组。","source":"词伴 · AI 英语学习整理","license":"GPL-3.0-or-later","review":"未独立英语编辑校审"}
差#chai	{"word":"差","pinyin":"chai","short":["assignment","dispatch"],"senses":[{"text":"assignment","pos":"名词","lemma":"assignment"},{"text":"dispatch","pos":"动词 / 动词短语","lemma":"dispatch"}],"note":"出差、差遣等；不是差别 difference。","source":"词伴 · AI 英语学习整理","license":"GPL-3.0-or-later","review":"未独立英语编辑校审"}
差#ci	{"word":"差","pinyin":"ci","short":["uneven"],"senses":[{"text":"uneven","pos":"形容词"}],"note":"如参差；优先按完整词组学习。","source":"词伴 · AI 英语学习整理","license":"GPL-3.0-or-later","review":"未独立英语编辑校审"}
差派#cha pai	{"word":"差派","pinyin":"cha pai","short":[],"senses":[],"note":"这个词有多个读音，当前读音尚未完成英语词义整理。请输入完整词组；不自动套用其他读音的释义。","source":"词伴 · 多读音保护","license":"GPL-3.0-or-later","review":"待按读音整理","blocked":true}
差派#chai pai	{"word":"差派","pinyin":"chai pai","short":[],"senses":[],"note":"这个词有多个读音，当前读音尚未完成英语词义整理。请输入完整词组；不自动套用其他读音的释义。","source":"词伴 · 多读音保护","license":"GPL-3.0-or-later","review":"待按读音整理","blocked":true}
已#si	{"word":"已","pinyin":"si","short":[],"senses":[],"note":"这个词有多个读音，当前读音尚未完成英语词义整理。请输入完整词组；不自动套用其他读音的释义。","source":"词伴 · 多读音保护","license":"GPL-3.0-or-later","review":"待按读音整理","blocked":true}
已#yi	{"word":"已","pinyin":"yi","short":["already"],"senses":[{"text":"already","pos":"副词"}],"note":"表示已经；后面句子的时态仍需按语境判断。","source":"词伴 · AI 英语学习整理","license":"GPL-3.0-or-later","review":"未独立英语编辑校审"}
巷#hang	{"word":"巷","pinyin":"hang","short":[],"senses":[],"note":"这个词有多个读音，当前读音尚未完成英语词义整理。请输入完整词组；不自动套用其他读音的释义。","source":"词伴 · 多读音保护","license":"GPL-3.0-or-later","review":"待按读音整理","blocked":true}
巷#xiang	{"word":"巷","pinyin":"xiang","short":[],"senses":[],"note":"这个词有多个读音，当前读音尚未完成英语词义整理。请输入完整词组；不自动套用其他读音的释义。","source":"词伴 · 多读音保护","license":"GPL-3.0-or-later","review":"待按读音整理","blocked":true}
市#fu	{"word":"市","pinyin":"fu","short":[],"senses":[],"note":"这个词有多个读音，当前读音尚未完成英语词义整理。请输入完整词组；不自动套用其他读音的释义。","source":"词伴 · 多读音保护","license":"GPL-3.0-or-later","review":"待按读音整理","blocked":true}
市#shi	{"word":"市","pinyin":"shi","short":["city","market"],"senses":[{"text":"city","pos":"名词","lemma":"city"},{"text":"market","pos":"名词","lemma":"market"}],"note":"城市或市场的词组义；整体词组优先。","source":"词伴 · AI 英语学习整理","license":"GPL-3.0-or-later","review":"未独立英语编辑校审"}
帧#zhen	{"word":"帧","pinyin":"zhen","short":[],"senses":[],"note":"这个词有多个读音，当前读音尚未完成英语词义整理。请输入完整词组；不自动套用其他读音的释义。","source":"词伴 · 多读音保护","license":"GPL-3.0-or-later","review":"待按读音整理","blocked":true}
帧#zheng	{"word":"帧","pinyin":"zheng","short":[],"senses":[],"note":"这个词有多个读音，当前读音尚未完成英语词义整理。请输入完整词组；不自动套用其他读音的释义。","source":"词伴 · 多读音保护","license":"GPL-3.0-or-later","review":"待按读音整理","blocked":true}
帮助#bang zhu	{"word":"帮助","pinyin":"bang zhu","short":["help"],"senses":[{"text":"help","pos":"动词 / 动词短语","lemma":"help"}],"countability":"","forms":"help–helped–helped","note":"help someone (to) do something；help 也可作名词。","example":"Can you help me?","source":"词伴 · AI 英语学习整理","license":"GPL-3.0-or-later","review":"未独立英语编辑校审"}
帮帮我#bang bang wo	{"word":"帮帮我","pinyin":"bang bang wo","short":["help me"],"senses":[{"text":"help me","pos":"会话表达 / 短语"}],"note":"直接请求；更礼貌可加 please 或使用问句。","example":"Please help me.","source":"词伴 · AI 英语学习整理","license":"GPL-3.0-or-later","review":"未独立英语编辑校审"}
帱#chou	{"word":"帱","pinyin":"chou","short":[],"senses":[],"note":"这个词有多个读音，当前读音尚未完成英语词义整理。请输入完整词组；不自动套用其他读音的释义。","source":"词伴 · 多读音保护","license":"GPL-3.0-or-later","review":"待按读音整理","blocked":true}
帱#dao	{"word":"帱","pinyin":"dao","short":[],"senses":[],"note":"这个词有多个读音，当前读音尚未完成英语词义整理。请输入完整词组；不自动套用其他读音的释义。","source":"词伴 · 多读音保护","license":"GPL-3.0-or-later","review":"待按读音整理","blocked":true}
幢#chuang	{"word":"幢","pinyin":"chuang","short":[],"senses":[],"note":"这个词有多个读音，当前读音尚未完成英语词义整理。请输入完整词组；不自动套用其他读音的释义。","source":"词伴 · 多读音保护","license":"GPL-3.0-or-later","review":"待按读音整理","blocked":true}
幢#zhuang	{"word":"幢","pinyin":"zhuang","short":[],"senses":[],"note":"这个词有多个读音，当前读音尚未完成英语词义整理。请输入完整词组；不自动套用其他读音的释义。","source":"词伴 · 多读音保护","license":"GPL-3.0-or-later","review":"待按读音整理","blocked":true}
年长#nian chang	{"word":"年长","pinyin":"nian chang","short":[],"senses":[],"note":"这个词有多个读音，当前读音尚未完成英语词义整理。请输入完整词组；不自动套用其他读音的释义。","source":"词伴 · 多读音保护","license":"GPL-3.0-or-later","review":"待按读音整理","blocked":true}
年长#nian zhang	{"word":"年长","pinyin":"nian zhang","short":[],"senses":[],"note":"这个词有多个读音，当前读音尚未完成英语词义整理。请输入完整词组；不自动套用其他读音的释义。","source":"词伴 · 多读音保护","license":"GPL-3.0-or-later","review":"待按读音整理","blocked":true}
广#an	{"word":"广","pinyin":"an","short":[],"senses":[],"note":"这个词有多个读音，当前读音尚未完成英语词义整理。请输入完整词组；不自动套用其他读音的释义。","source":"词伴 · 多读音保护","license":"GPL-3.0-or-later","review":"待按读音整理","blocked":true}
广#guang	{"word":"广","pinyin":"guang","short":[],"senses":[],"note":"这个词有多个读音，当前读音尚未完成英语词义整理。请输入完整词组；不自动套用其他读音的释义。","source":"词伴 · 多读音保护","license":"GPL-3.0-or-later","review":"待按读音整理","blocked":true}
库藏#ku cang	{"word":"库藏","pinyin":"ku cang","short":[],"senses":[],"note":"这个词有多个读音，当前读音尚未完成英语词义整理。请输入完整词组；不自动套用其他读音的释义。","source":"词伴 · 多读音保护","license":"GPL-3.0-or-later","review":"待按读音整理","blocked":true}
库藏#ku zang	{"word":"库藏","pinyin":"ku zang","short":[],"senses":[],"note":"这个词有多个读音，当前读音尚未完成英语词义整理。请输入完整词组；不自动套用其他读音的释义。","source":"词伴 · 多读音保护","license":"GPL-3.0-or-later","review":"待按读音整理","blocked":true}
应该#ying gai	{"word":"应该","pinyin":"ying gai","short":["should"],"senses":[{"text":"should","pos":"会话表达 / 短语"}],"note":"建议、义务或推测需结合语境；should 后用原形。","example":"You should get some rest.","source":"词伴 · AI 英语学习整理","license":"GPL-3.0-or-later","review":"未独立英语编辑校审"}
底#de	{"word":"底","pinyin":"de","short":[],"senses":[],"note":"这个词有多个读音，当前读音尚未完成英语词义整理。请输入完整词组；不自动套用其他读音的释义。","source":"词伴 · 多读音保护","license":"GPL-3.0-or-later","review":"待按读音整理","blocked":true}
底#di	{"word":"底","pinyin":"di","short":[],"senses":[],"note":"这个词有多个读音，当前读音尚未完成英语词义整理。请输入完整词组；不自动套用其他读音的释义。","source":"词伴 · 多读音保护","license":"GPL-3.0-or-later","review":"待按读音整理","blocked":true}
度#du	{"word":"度","pinyin":"du","short":[],"senses":[],"note":"这个词有多个读音，当前读音尚未完成英语词义整理。请输入完整词组；不自动套用其他读音的释义。","source":"词伴 · 多读音保护","license":"GPL-3.0-or-later","review":"待按读音整理","blocked":true}
度#duo	{"word":"度","pinyin":"duo","short":[],"senses":[],"note":"这个词有多个读音，当前读音尚未完成英语词义整理。请输入完整词组；不自动套用其他读音的释义。","source":"词伴 · 多读音保护","license":"GPL-3.0-or-later","review":"待按读音整理","blocked":true}
廆#gui	{"word":"廆","pinyin":"gui","short":[],"senses":[],"note":"这个词有多个读音，当前读音尚未完成英语词义整理。请输入完整词组；不自动套用其他读音的释义。","source":"词伴 · 多读音保护","license":"GPL-3.0-or-later","review":"待按读音整理","blocked":true}
廆#wei	{"word":"廆","pinyin":"wei","short":[],"senses":[],"note":"这个词有多个读音，当前读音尚未完成英语词义整理。请输入完整词组；不自动套用其他读音的释义。","source":"词伴 · 多读音保护","license":"GPL-3.0-or-later","review":"待按读音整理","blocked":true}
廑#jin	{"word":"廑","pinyin":"jin","short":[],"senses":[],"note":"这个词有多个读音，当前读音尚未完成英语词义整理。请输入完整词组；不自动套用其他读音的释义。","source":"词伴 · 多读音保护","license":"GPL-3.0-or-later","review":"待按读音整理","blocked":true}
廑#qin	{"word":"廑","pinyin":"qin","short":[],"senses":[],"note":"这个词有多个读音，当前读音尚未完成英语词义整理。请输入完整词组；不自动套用其他读音的释义。","source":"词伴 · 多读音保护","license":"GPL-3.0-or-later","review":"待按读音整理","blocked":true}
建议#jian yi	{"word":"建议","pinyin":"jian yi","short":["advice","suggest"],"senses":[{"text":"advice","pos":"名词","lemma":"advice"},{"text":"suggest","pos":"动词 / 动词短语","lemma":"suggest"}],"countability":"advice 不可数","forms":"","note":"名词 advice，提出建议可用 suggest；不要混用 advise/advice。","example":"Could you give me some advice?","source":"词伴 · AI 英语学习整理","license":"GPL-3.0-or-later","review":"未独立英语编辑校审"}
开会#kai hui	{"word":"开会","pinyin":"kai hui","short":["have a meeting"],"senses":[{"text":"have a meeting","pos":"会话表达 / 短语"}],"note":"参加会议可用 attend a meeting。","example":"We have a meeting at ten.","source":"词伴 · AI 英语学习整理","license":"GPL-3.0-or-later","review":"未独立英语编辑校审"}
开始#kai shi	{"word":"开始","pinyin":"kai shi","short":["start","begin"],"senses":[{"text":"start","pos":"动词 / 动词短语","lemma":"start"},{"text":"begin","pos":"动词 / 动词短语","lemma":"begin"}],"countability":"","forms":"start–started–started；begin–began–begun","note":"后接名词、to do 或 doing，搭配需结合具体句子。","example":"Let's begin.","source":"词伴 · AI 英语学习整理","license":"GPL-3.0-or-later","review":"未独立英语编辑校审"}
开户行#kai hu hang	{"word":"开户行","pinyin":"kai hu hang","short":[],"senses":[],"note":"这个词有多个读音，当前读音尚未完成英语词义整理。请输入完整词组；不自动套用其他读音的释义。","source":"词伴 · 多读音保护","license":"GPL-3.0-or-later","review":"待按读音整理","blocked":true}
开户行#kai hu xing	{"word":"开户行","pinyin":"kai hu xing","short":[],"senses":[],"note":"这个词有多个读音，当前读音尚未完成英语词义整理。请输入完整词组；不自动套用其他读音的释义。","source":"词伴 · 多读音保护","license":"GPL-3.0-or-later","review":"待按读音整理","blocked":true}
弄#long	{"word":"弄","pinyin":"long","short":[],"senses":[],"note":"这个词有多个读音，当前读音尚未完成英语词义整理。请输入完整词组；不自动套用其他读音的释义。","source":"词伴 · 多读音保护","license":"GPL-3.0-or-later","review":"待按读音整理","blocked":true}
弄#nong	{"word":"弄","pinyin":"nong","short":[],"senses":[],"note":"这个词有多个读音，当前读音尚未完成英语词义整理。请输入完整词组；不自动套用其他读音的释义。","source":"词伴 · 多读音保护","license":"GPL-3.0-or-later","review":"待按读音整理","blocked":true}
弦乐#xian le	{"word":"弦乐","pinyin":"xian le","short":[],"senses":[],"note":"这个词有多个读音，当前读音尚未完成英语词义整理。请输入完整词组；不自动套用其他读音的释义。","source":"词伴 · 多读音保护","license":"GPL-3.0-or-later","review":"待按读音整理","blocked":true}
弦乐#xian yue	{"word":"弦乐","pinyin":"xian yue","short":[],"senses":[],"note":"这个词有多个读音，当前读音尚未完成英语词义整理。请输入完整词组；不自动套用其他读音的释义。","source":"词伴 · 多读音保护","license":"GPL-3.0-or-later","review":"待按读音整理","blocked":true}
弹#dan	{"word":"弹","pinyin":"dan","short":[],"senses":[],"note":"这个词有多个读音，当前读音尚未完成英语词义整理。请输入完整词组；不自动套用其他读音的释义。","source":"词伴 · 多读音保护","license":"GPL-3.0-or-later","review":"待按读音整理","blocked":true}
弹#tan	{"word":"弹","pinyin":"tan","short":[],"senses":[],"note":"这个词有多个读音，当前读音尚未完成英语词义整理。请输入完整词组；不自动套用其他读音的释义。","source":"词伴 · 多读音保护","license":"GPL-3.0-or-later","review":"待按读音整理","blocked":true}
弹琴#dan qin	{"word":"弹琴","pinyin":"dan qin","short":[],"senses":[],"note":"这个词有多个读音，当前读音尚未完成英语词义整理。请输入完整词组；不自动套用其他读音的释义。","source":"词伴 · 多读音保护","license":"GPL-3.0-or-later","review":"待按读音整理","blocked":true}
弹琴#tan qin	{"word":"弹琴","pinyin":"tan qin","short":[],"senses":[],"note":"这个词有多个读音，当前读音尚未完成英语词义整理。请输入完整词组；不自动套用其他读音的释义。","source":"词伴 · 多读音保护","license":"GPL-3.0-or-later","review":"待按读音整理","blocked":true}
弹钢琴#dan gang qin	{"word":"弹钢琴","pinyin":"dan gang qin","short":[],"senses":[],"note":"这个词有多个读音，当前读音尚未完成英语词义整理。请输入完整词组；不自动套用其他读音的释义。","source":"词伴 · 多读音保护","license":"GPL-3.0-or-later","review":"待按读音整理","blocked":true}
弹钢琴#tan gang qin	{"word":"弹钢琴","pinyin":"tan gang qin","short":[],"senses":[],"note":"这个词有多个读音，当前读音尚未完成英语词义整理。请输入完整词组；不自动套用其他读音的释义。","source":"词伴 · 多读音保护","license":"GPL-3.0-or-later","review":"待按读音整理","blocked":true}
强#jiang	{"word":"强","pinyin":"jiang","short":[],"senses":[],"note":"这个词有多个读音，当前读音尚未完成英语词义整理。请输入完整词组；不自动套用其他读音的释义。","source":"词伴 · 多读音保护","license":"GPL-3.0-or-later","review":"待按读音整理","blocked":true}
强#qiang	{"word":"强","pinyin":"qiang","short":[],"senses":[],"note":"这个词有多个读音，当前读音尚未完成英语词义整理。请输入完整词组；不自动套用其他读音的释义。","source":"词伴 · 多读音保护","license":"GPL-3.0-or-later","review":"待按读音整理","blocked":true}
当然#dang ran	{"word":"当然","pinyin":"dang ran","short":["of course"],"senses":[{"text":"of course","pos":"会话表达 / 短语"}],"note":"肯定回应；语气需结合场合。","example":"Of course you can.","source":"词伴 · AI 英语学习整理","license":"GPL-3.0-or-later","review":"未独立英语编辑校审"}
彷#fang	{"word":"彷","pinyin":"fang","short":[],"senses":[],"note":"这个词有多个读音，当前读音尚未完成英语词义整理。请输入完整词组；不自动套用其他读音的释义。","source":"词伴 · 多读音保护","license":"GPL-3.0-or-later","review":"待按读音整理","blocked":true}
彷#pang	{"word":"彷","pinyin":"pang","short":[],"senses":[],"note":"这个词有多个读音，当前读音尚未完成英语词义整理。请输入完整词组；不自动套用其他读音的释义。","source":"词伴 · 多读音保护","license":"GPL-3.0-or-later","review":"待按读音整理","blocked":true}
很多#hen duo	{"word":"很多","pinyin":"hen duo","short":["a lot of","many"],"senses":[{"text":"a lot of","pos":"会话表达 / 短语"},{"text":"many","pos":"形容词"}],"countability":"","forms":"","note":"many 配可数复数；much 配不可数；a lot of 两者都可。","example":"I have a lot of friends.","source":"词伴 · AI 英语学习整理","license":"GPL-3.0-or-later","review":"未独立英语编辑校审"}
很高兴认识你#hen gao xing ren shi ni	{"word":"很高兴认识你","pinyin":"hen gao xing ren shi ni","short":["nice to meet you"],"senses":[{"text":"nice to meet you","pos":"会话表达 / 短语"}],"note":"初次见面问候；再见面可用 nice to see you。","example":"Nice to meet you.","source":"词伴 · AI 英语学习整理","license":"GPL-3.0-or-later","review":"未独立英语编辑校审"}
徊#huai	{"word":"徊","pinyin":"huai","short":[],"senses":[],"note":"这个词有多个读音，当前读音尚未完成英语词义整理。请输入完整词组；不自动套用其他读音的释义。","source":"词伴 · 多读音保护","license":"GPL-3.0-or-later","review":"待按读音整理","blocked":true}
徊#hui	{"word":"徊","pinyin":"hui","short":[],"senses":[],"note":"这个词有多个读音，当前读音尚未完成英语词义整理。请输入完整词组；不自动套用其他读音的释义。","source":"词伴 · 多读音保护","license":"GPL-3.0-or-later","review":"待按读音整理","blocked":true}
得#de	{"word":"得","pinyin":"de","short":["complement particle","obtain"],"senses":[{"text":"complement particle","pos":"助词 / 语法说明"},{"text":"obtain","pos":"动词 / 动词短语","lemma":"obtain"}],"note":"de0 为补语助词，de2 为获得；无声调输入仍须结合词组。","source":"词伴 · AI 英语学习整理","license":"GPL-3.0-or-later","review":"未独立英语编辑校审"}
得#dei	{"word":"得","pinyin":"dei","short":["must"],"senses":[{"text":"must","pos":"动词 / 动词短语","lemma":"must"}],"note":"口语“必须”；后面接动词原形。","source":"词伴 · AI 英语学习整理","license":"GPL-3.0-or-later","review":"未独立英语编辑校审"}
得了#de le	{"word":"得了","pinyin":"de le","short":[],"senses":[],"note":"这个词有多个读音，当前读音尚未完成英语词义整理。请输入完整词组；不自动套用其他读音的释义。","source":"词伴 · 多读音保护","license":"GPL-3.0-or-later","review":"待按读音整理","blocked":true}
得了#de liao	{"word":"得了","pinyin":"de liao","short":[],"senses":[],"note":"这个词有多个读音，当前读音尚未完成英语词义整理。请输入完整词组；不自动套用其他读音的释义。","source":"词伴 · 多读音保护","license":"GPL-3.0-or-later","review":"待按读音整理","blocked":true}
徵#zheng	{"word":"徵","pinyin":"zheng","short":[],"senses":[],"note":"这个词有多个读音，当前读音尚未完成英语词义整理。请输入完整词组；不自动套用其他读音的释义。","source":"词伴 · 多读音保护","license":"GPL-3.0-or-later","review":"待按读音整理","blocked":true}
徵#zhi	{"word":"徵","pinyin":"zhi","short":[],"senses":[],"note":"这个词有多个读音，当前读音尚未完成英语词义整理。请输入完整词组；不自动套用其他读音的释义。","source":"词伴 · 多读音保护","license":"GPL-3.0-or-later","review":"待按读音整理","blocked":true}
徽调#hui diao	{"word":"徽调","pinyin":"hui diao","short":[],"senses":[],"note":"这个词有多个读音，当前读音尚未完成英语词义整理。请输入完整词组；不自动套用其他读音的释义。","source":"词伴 · 多读音保护","license":"GPL-3.0-or-later","review":"待按读音整理","blocked":true}
徽调#hui tiao	{"word":"徽调","pinyin":"hui tiao","short":[],"senses":[],"note":"这个词有多个读音，当前读音尚未完成英语词义整理。请输入完整词组；不自动套用其他读音的释义。","source":"词伴 · 多读音保护","license":"GPL-3.0-or-later","review":"待按读音整理","blocked":true}
必得#bi de	{"word":"必得","pinyin":"bi de","short":[],"senses":[],"note":"这个词有多个读音，当前读音尚未完成英语词义整理。请输入完整词组；不自动套用其他读音的释义。","source":"词伴 · 多读音保护","license":"GPL-3.0-or-later","review":"待按读音整理","blocked":true}
必得#bi dei	{"word":"必得","pinyin":"bi dei","short":[],"senses":[],"note":"这个词有多个读音，当前读音尚未完成英语词义整理。请输入完整词组；不自动套用其他读音的释义。","source":"词伴 · 多读音保护","license":"GPL-3.0-or-later","review":"待按读音整理","blocked":true}
忒#te	{"word":"忒","pinyin":"te","short":[],"senses":[],"note":"这个词有多个读音，当前读音尚未完成英语词义整理。请输入完整词组；不自动套用其他读音的释义。","source":"词伴 · 多读音保护","license":"GPL-3.0-or-later","review":"待按读音整理","blocked":true}
忒#tui	{"word":"忒","pinyin":"tui","short":[],"senses":[],"note":"这个词有多个读音，当前读音尚未完成英语词义整理。请输入完整词组；不自动套用其他读音的释义。","source":"词伴 · 多读音保护","license":"GPL-3.0-or-later","review":"待按读音整理","blocked":true}
忪#song	{"word":"忪","pinyin":"song","short":[],"senses":[],"note":"这个词有多个读音，当前读音尚未完成英语词义整理。请输入完整词组；不自动套用其他读音的释义。","source":"词伴 · 多读音保护","license":"GPL-3.0-or-later","review":"待按读音整理","blocked":true}
忪#zhong	{"word":"忪","pinyin":"zhong","short":[],"senses":[],"note":"这个词有多个读音，当前读音尚未完成英语词义整理。请输入完整词组；不自动套用其他读音的释义。","source":"词伴 · 多读音保护","license":"GPL-3.0-or-later","review":"待按读音整理","blocked":true}
怎的#zen de	{"word":"怎的","pinyin":"zen de","short":[],"senses":[],"note":"这个词有多个读音，当前读音尚未完成英语词义整理。请输入完整词组；不自动套用其他读音的释义。","source":"词伴 · 多读音保护","license":"GPL-3.0-or-later","review":"待按读音整理","blocked":true}
怎的#zen di	{"word":"怎的","pinyin":"zen di","short":[],"senses":[],"note":"这个词有多个读音，当前读音尚未完成英语词义整理。请输入完整词组；不自动套用其他读音的释义。","source":"词伴 · 多读音保护","license":"GPL-3.0-or-later","review":"待按读音整理","blocked":true}
怙#hu	{"word":"怙","pinyin":"hu","short":[],"senses":[],"note":"这个词有多个读音，当前读音尚未完成英语词义整理。请输入完整词组；不自动套用其他读音的释义。","source":"词伴 · 多读音保护","license":"GPL-3.0-or-later","review":"待按读音整理","blocked":true}
怙#tie	{"word":"怙","pinyin":"tie","short":[],"senses":[],"note":"这个词有多个读音，当前读音尚未完成英语词义整理。请输入完整词组；不自动套用其他读音的释义。","source":"词伴 · 多读音保护","license":"GPL-3.0-or-later","review":"待按读音整理","blocked":true}
思#sai	{"word":"思","pinyin":"sai","short":[],"senses":[],"note":"这个词有多个读音，当前读音尚未完成英语词义整理。请输入完整词组；不自动套用其他读音的释义。","source":"词伴 · 多读音保护","license":"GPL-3.0-or-later","review":"待按读音整理","blocked":true}
思#si	{"word":"思","pinyin":"si","short":[],"senses":[],"note":"这个词有多个读音，当前读音尚未完成英语词义整理。请输入完整词组；不自动套用其他读音的释义。","source":"词伴 · 多读音保护","license":"GPL-3.0-or-later","review":"待按读音整理","blocked":true}
总行#zong hang	{"word":"总行","pinyin":"zong hang","short":[],"senses":[],"note":"这个词有多个读音，当前读音尚未完成英语词义整理。请输入完整词组；不自动套用其他读音的释义。","source":"词伴 · 多读音保护","license":"GPL-3.0-or-later","review":"待按读音整理","blocked":true}
总行#zong xing	{"word":"总行","pinyin":"zong xing","short":[],"senses":[],"note":"这个词有多个读音，当前读音尚未完成英语词义整理。请输入完整词组；不自动套用其他读音的释义。","source":"词伴 · 多读音保护","license":"GPL-3.0-or-later","review":"待按读音整理","blocked":true}
恁#nen	{"word":"恁","pinyin":"nen","short":[],"senses":[],"note":"这个词有多个读音，当前读音尚未完成英语词义整理。请输入完整词组；不自动套用其他读音的释义。","source":"词伴 · 多读音保护","license":"GPL-3.0-or-later","review":"待按读音整理","blocked":true}
恁#nin	{"word":"恁","pinyin":"nin","short":[],"senses":[],"note":"这个词有多个读音，当前读音尚未完成英语词义整理。请输入完整词组；不自动套用其他读音的释义。","source":"词伴 · 多读音保护","license":"GPL-3.0-or-later","review":"待按读音整理","blocked":true}
恫#dong	{"word":"恫","pinyin":"dong","short":[],"senses":[],"note":"这个词有多个读音，当前读音尚未完成英语词义整理。请输入完整词组；不自动套用其他读音的释义。","source":"词伴 · 多读音保护","license":"GPL-3.0-or-later","review":"待按读音整理","blocked":true}
恫#tong	{"word":"恫","pinyin":"tong","short":[],"senses":[],"note":"这个词有多个读音，当前读音尚未完成英语词义整理。请输入完整词组；不自动套用其他读音的释义。","source":"词伴 · 多读音保护","license":"GPL-3.0-or-later","review":"待按读音整理","blocked":true}
恶#e	{"word":"恶","pinyin":"e","short":[],"senses":[],"note":"这个词有多个读音，当前读音尚未完成英语词义整理。请输入完整词组；不自动套用其他读音的释义。","source":"词伴 · 多读音保护","license":"GPL-3.0-or-later","review":"待按读音整理","blocked":true}
恶#wu	{"word":"恶","pinyin":"wu","short":[],"senses":[],"note":"这个词有多个读音，当前读音尚未完成英语词义整理。请输入完整词组；不自动套用其他读音的释义。","source":"词伴 · 多读音保护","license":"GPL-3.0-or-later","review":"待按读音整理","blocked":true}
悝#kui	{"word":"悝","pinyin":"kui","short":[],"senses":[],"note":"这个词有多个读音，当前读音尚未完成英语词义整理。请输入完整词组；不自动套用其他读音的释义。","source":"词伴 · 多读音保护","license":"GPL-3.0-or-later","review":"待按读音整理","blocked":true}
悝#li	{"word":"悝","pinyin":"li","short":[],"senses":[],"note":"这个词有多个读音，当前读音尚未完成英语词义整理。请输入完整词组；不自动套用其他读音的释义。","source":"词伴 · 多读音保护","license":"GPL-3.0-or-later","review":"待按读音整理","blocked":true}
惊觉#jing jiao	{"word":"惊觉","pinyin":"jing jiao","short":[],"senses":[],"note":"这个词有多个读音，当前读音尚未完成英语词义整理。请输入完整词组；不自动套用其他读音的释义。","source":"词伴 · 多读音保护","license":"GPL-3.0-or-later","review":"待按读音整理","blocked":true}
惊觉#jing jue	{"word":"惊觉","pinyin":"jing jue","short":[],"senses":[],"note":"这个词有多个读音，当前读音尚未完成英语词义整理。请输入完整词组；不自动套用其他读音的释义。","source":"词伴 · 多读音保护","license":"GPL-3.0-or-later","review":"待按读音整理","blocked":true}
惝#chang	{"word":"惝","pinyin":"chang","short":[],"senses":[],"note":"这个词有多个读音，当前读音尚未完成英语词义整理。请输入完整词组；不自动套用其他读音的释义。","source":"词伴 · 多读音保护","license":"GPL-3.0-or-later","review":"待按读音整理","blocked":true}
惝#tang	{"word":"惝","pinyin":"tang","short":[],"senses":[],"note":"这个词有多个读音，当前读音尚未完成英语词义整理。请输入完整词组；不自动套用其他读音的释义。","source":"词伴 · 多读音保护","license":"GPL-3.0-or-later","review":"待按读音整理","blocked":true}
想你#xiang ni	{"word":"想你","pinyin":"xiang ni","short":["I miss you","I think of you"],"senses":[{"text":"I miss you","pos":"会话表达 / 短语"},{"text":"I think of you","pos":"会话表达 / 短语"}],"note":"想念和想到是两个意思。","example":"I miss you.","source":"词伴 · AI 英语学习整理","license":"GPL-3.0-or-later","review":"未独立英语编辑校审"}
想吃#xiang chi	{"word":"想吃","pinyin":"xiang chi","short":["want to eat"],"senses":[{"text":"want to eat","pos":"会话表达 / 短语"}],"note":"want 后接 to + 动词原形。","example":"I want to eat something.","source":"词伴 · AI 英语学习整理","license":"GPL-3.0-or-later","review":"未独立英语编辑校审"}
想念#xiang nian	{"word":"想念","pinyin":"xiang nian","short":["miss"],"senses":[{"text":"miss","pos":"动词 / 动词短语","lemma":"miss"}],"countability":"","forms":"miss–missed–missed","note":"miss someone 表示想念；miss 也可表示错过。","example":"I miss my family.","source":"词伴 · AI 英语学习整理","license":"GPL-3.0-or-later","review":"未独立英语编辑校审"}
慊#qian	{"word":"慊","pinyin":"qian","short":[],"senses":[],"note":"这个词有多个读音，当前读音尚未完成英语词义整理。请输入完整词组；不自动套用其他读音的释义。","source":"词伴 · 多读音保护","license":"GPL-3.0-or-later","review":"待按读音整理","blocked":true}
慊#qie	{"word":"慊","pinyin":"qie","short":[],"senses":[],"note":"这个词有多个读音，当前读音尚未完成英语词义整理。请输入完整词组；不自动套用其他读音的释义。","source":"词伴 · 多读音保护","license":"GPL-3.0-or-later","review":"待按读音整理","blocked":true}
慢慢来#man man lai	{"word":"慢慢来","pinyin":"man man lai","short":["take your time"],"senses":[{"text":"take your time","pos":"会话表达 / 短语"}],"note":"让对方不必着急。","example":"Take your time.","source":"词伴 · AI 英语学习整理","license":"GPL-3.0-or-later","review":"未独立英语编辑校审"}
戆#gang	{"word":"戆","pinyin":"gang","short":[],"senses":[],"note":"这个词有多个读音，当前读音尚未完成英语词义整理。请输入完整词组；不自动套用其他读音的释义。","source":"词伴 · 多读音保护","license":"GPL-3.0-or-later","review":"待按读音整理","blocked":true}
戆#zhuang	{"word":"戆","pinyin":"zhuang","short":[],"senses":[],"note":"这个词有多个读音，当前读音尚未完成英语词义整理。请输入完整词组；不自动套用其他读音的释义。","source":"词伴 · 多读音保护","license":"GPL-3.0-or-later","review":"待按读音整理","blocked":true}
戌#qu	{"word":"戌","pinyin":"qu","short":[],"senses":[],"note":"这个词有多个读音，当前读音尚未完成英语词义整理。请输入完整词组；不自动套用其他读音的释义。","source":"词伴 · 多读音保护","license":"GPL-3.0-or-later","review":"待按读音整理","blocked":true}
戌#xu	{"word":"戌","pinyin":"xu","short":[],"senses":[],"note":"这个词有多个读音，当前读音尚未完成英语词义整理。请输入完整词组；不自动套用其他读音的释义。","source":"词伴 · 多读音保护","license":"GPL-3.0-or-later","review":"待按读音整理","blocked":true}
戏#hu	{"word":"戏","pinyin":"hu","short":[],"senses":[],"note":"这个词有多个读音，当前读音尚未完成英语词义整理。请输入完整词组；不自动套用其他读音的释义。","source":"词伴 · 多读音保护","license":"GPL-3.0-or-later","review":"待按读音整理","blocked":true}
戏#xi	{"word":"戏","pinyin":"xi","short":[],"senses":[],"note":"这个词有多个读音，当前读音尚未完成英语词义整理。请输入完整词组；不自动套用其他读音的释义。","source":"词伴 · 多读音保护","license":"GPL-3.0-or-later","review":"待按读音整理","blocked":true}
成都#cheng dou	{"word":"成都","pinyin":"cheng dou","short":[],"senses":[],"note":"这个词有多个读音，当前读音尚未完成英语词义整理。请输入完整词组；不自动套用其他读音的释义。","source":"词伴 · 多读音保护","license":"GPL-3.0-or-later","review":"待按读音整理","blocked":true}
成都#cheng du	{"word":"成都","pinyin":"cheng du","short":[],"senses":[],"note":"这个词有多个读音，当前读音尚未完成英语词义整理。请输入完整词组；不自动套用其他读音的释义。","source":"词伴 · 多读音保护","license":"GPL-3.0-or-later","review":"待按读音整理","blocked":true}
我不懂#wo bu dong	{"word":"我不懂","pinyin":"wo bu dong","short":["I don't understand"],"senses":[{"text":"I don't understand","pos":"会话表达 / 短语"}],"note":"表达不理解。","example":"I don't understand this word.","source":"词伴 · AI 英语学习整理","license":"GPL-3.0-or-later","review":"未独立英语编辑校审"}
我不知道#wo bu zhi dao	{"word":"我不知道","pinyin":"wo bu zhi dao","short":["I don't know"],"senses":[{"text":"I don't know","pos":"会话表达 / 短语"}],"note":"表达不知道某事。","example":"I don't know.","source":"词伴 · AI 英语学习整理","license":"GPL-3.0-or-later","review":"未独立英语编辑校审"}
我也是#wo ye shi	{"word":"我也是","pinyin":"wo ye shi","short":["me too"],"senses":[{"text":"me too","pos":"会话表达 / 短语"}],"note":"回应肯定句；否定回应通常用 me neither。","example":"I like coffee. Me too!","source":"词伴 · AI 英语学习整理","license":"GPL-3.0-or-later","review":"未独立英语编辑校审"}
我会#wo hui	{"word":"我会","pinyin":"wo hui","short":["I can…","I will…"],"senses":[{"text":"I can…","pos":"会话表达 / 短语"},{"text":"I will…","pos":"会话表达 / 短语"}],"note":"能力用 can，未来或意愿常用 will。","example":"I can swim.","source":"词伴 · AI 英语学习整理","license":"GPL-3.0-or-later","review":"未独立英语编辑校审"}
我住在#wo zhu zai	{"word":"我住在","pinyin":"wo zhu zai","short":["I live in…"],"senses":[{"text":"I live in…","pos":"会话表达 / 短语"}],"note":"城市/国家常用 in，具体地址可能用 at。","example":"I live in Beijing.","source":"词伴 · AI 英语学习整理","license":"GPL-3.0-or-later","review":"未独立英语编辑校审"}
我去#wo qu	{"word":"我去","pinyin":"wo qu","short":["I go…","I'll go…"],"senses":[{"text":"I go…","pos":"会话表达 / 短语"},{"text":"I'll go…","pos":"会话表达 / 短语"}],"note":"习惯、计划、临时决定需要不同的时态。","example":"I'll go with you.","source":"词伴 · AI 英语学习整理","license":"GPL-3.0-or-later","review":"未独立英语编辑校审"}
我喜欢#wo xi huan	{"word":"我喜欢","pinyin":"wo xi huan","short":["I like…"],"senses":[{"text":"I like…","pos":"会话表达 / 短语"}],"note":"后接名词或动词 ing；love 通常语气更强。","example":"I like reading.","source":"词伴 · AI 英语学习整理","license":"GPL-3.0-or-later","review":"未独立英语编辑校审"}
我在#wo zai	{"word":"我在","pinyin":"wo zai","short":["I am at…"],"senses":[{"text":"I am at…","pos":"会话表达 / 短语"}],"note":"表示地点；正在做事用 I am + 动词 ing。","example":"I'm at home.","source":"词伴 · AI 英语学习整理","license":"GPL-3.0-or-later","review":"未独立英语编辑校审"}
我已经#wo yi jing	{"word":"我已经","pinyin":"wo yi jing","short":["I have already…"],"senses":[{"text":"I have already…","pos":"会话表达 / 短语"}],"note":"常接过去分词；具体时态取决于句子。","example":"I've already eaten.","source":"词伴 · AI 英语学习整理","license":"GPL-3.0-or-later","review":"未独立英语编辑校审"}
我很好#wo hen hao	{"word":"我很好","pinyin":"wo hen hao","short":["I'm fine","I'm well"],"senses":[{"text":"I'm fine","pos":"会话表达 / 短语"},{"text":"I'm well","pos":"会话表达 / 短语"}],"note":"回答问候或描述身体状态。","example":"I'm fine, thank you.","source":"词伴 · AI 英语学习整理","license":"GPL-3.0-or-later","review":"未独立英语编辑校审"}
我想#wo xiang	{"word":"我想","pinyin":"wo xiang","short":["I would like…","I think…"],"senses":[{"text":"I would like…","pos":"会话表达 / 短语"},{"text":"I think…","pos":"会话表达 / 短语"}],"note":"愿望与看法分别采用不同结构。","example":"I'd like some tea.","source":"词伴 · AI 英语学习整理","license":"GPL-3.0-or-later","review":"未独立英语编辑校审"}
我想要#wo xiang yao	{"word":"我想要","pinyin":"wo xiang yao","short":["I would like…"],"senses":[{"text":"I would like…","pos":"会话表达 / 短语"}],"note":"较礼貌的愿望或请求。","example":"I'd like a coffee, please.","source":"词伴 · AI 英语学习整理","license":"GPL-3.0-or-later","review":"未独立英语编辑校审"}
我明白了#wo ming bai le	{"word":"我明白了","pinyin":"wo ming bai le","short":["I understand","I see"],"senses":[{"text":"I understand","pos":"会话表达 / 短语"},{"text":"I see","pos":"会话表达 / 短语"}],"note":"表示已经理解；语境也可用 I've got it。","example":"I see what you mean.","source":"词伴 · AI 英语学习整理","license":"GPL-3.0-or-later","review":"未独立英语编辑校审"}
我来自中国#wo lai zi zhong guo	{"word":"我来自中国","pinyin":"wo lai zi zhong guo","short":["I'm from China"],"senses":[{"text":"I'm from China","pos":"会话表达 / 短语"}],"note":"介绍来源国。","example":"I'm from China.","source":"词伴 · AI 英语学习整理","license":"GPL-3.0-or-later","review":"未独立英语编辑校审"}
我渴了#wo ke le	{"word":"我渴了","pinyin":"wo ke le","short":["I'm thirsty"],"senses":[{"text":"I'm thirsty","pos":"会话表达 / 短语"}],"note":"英语用 be thirsty。","example":"I'm thirsty.","source":"词伴 · AI 英语学习整理","license":"GPL-3.0-or-later","review":"未独立英语编辑校审"}
我现在#wo xian zai	{"word":"我现在","pinyin":"wo xian zai","short":["now I…"],"senses":[{"text":"now I…","pos":"会话表达 / 短语"}],"note":"句子片段，需要完整动词。","example":"Now I understand.","source":"词伴 · AI 英语学习整理","license":"GPL-3.0-or-later","review":"未独立英语编辑校审"}
我生病了#wo sheng bing le	{"word":"我生病了","pinyin":"wo sheng bing le","short":["I'm ill","I'm sick"],"senses":[{"text":"I'm ill","pos":"会话表达 / 短语"},{"text":"I'm sick","pos":"会话表达 / 短语"}],"note":"sick/ill 均可表达生病，搭配和地区习惯不同。","example":"I'm sick today.","source":"词伴 · AI 英语学习整理","license":"GPL-3.0-or-later","review":"未独立英语编辑校审"}
我看#wo kan	{"word":"我看","pinyin":"wo kan","short":["I look…","I think…"],"senses":[{"text":"I look…","pos":"会话表达 / 短语"},{"text":"I think…","pos":"会话表达 / 短语"}],"note":"观看和表达判断的“我看”不等价。","example":"I think we should leave.","source":"词伴 · AI 英语学习整理","license":"GPL-3.0-or-later","review":"未独立英语编辑校审"}
我知道#wo zhi dao	{"word":"我知道","pinyin":"wo zhi dao","short":["I know"],"senses":[{"text":"I know","pos":"会话表达 / 短语"}],"note":"know 后接事实、对象或从句。","example":"I know the answer.","source":"词伴 · AI 英语学习整理","license":"GPL-3.0-or-later","review":"未独立英语编辑校审"}
我累了#wo lei le	{"word":"我累了","pinyin":"wo lei le","short":["I'm tired"],"senses":[{"text":"I'm tired","pos":"会话表达 / 短语"}],"note":"表示疲劳。","example":"I'm tired.","source":"词伴 · AI 英语学习整理","license":"GPL-3.0-or-later","review":"未独立英语编辑校审"}
我要买#wo yao mai	{"word":"我要买","pinyin":"wo yao mai","short":["I want to buy…"],"senses":[{"text":"I want to buy…","pos":"会话表达 / 短语"}],"note":"礼貌购买请求可用 I'd like to buy。","example":"I'd like to buy a ticket.","source":"词伴 · AI 英语学习整理","license":"GPL-3.0-or-later","review":"未独立英语编辑校审"}
我觉得#wo jue de	{"word":"我觉得","pinyin":"wo jue de","short":["I think…","I find…"],"senses":[{"text":"I think…","pos":"会话表达 / 短语"},{"text":"I find…","pos":"会话表达 / 短语"}],"note":"表达看法；I think 后可接从句；I find it + 形容词评价事物。","example":"I think it's a good idea.","source":"词伴 · AI 英语学习整理","license":"GPL-3.0-or-later","review":"未独立英语编辑校审"}
我说#wo shuo	{"word":"我说","pinyin":"wo shuo","short":["I say…"],"senses":[{"text":"I say…","pos":"会话表达 / 短语"}],"note":"“我说过”常用 I said；按时态选词形。","example":"I said yes.","source":"词伴 · AI 英语学习整理","license":"GPL-3.0-or-later","review":"未独立英语编辑校审"}
我迷路了#wo mi lu le	{"word":"我迷路了","pinyin":"wo mi lu le","short":["I'm lost"],"senses":[{"text":"I'm lost","pos":"会话表达 / 短语"}],"note":"表示迷路。","example":"I'm lost. Can you help me?","source":"词伴 · AI 英语学习整理","license":"GPL-3.0-or-later","review":"未独立英语编辑校审"}
我需要#wo xu yao	{"word":"我需要","pinyin":"wo xu yao","short":["I need…"],"senses":[{"text":"I need…","pos":"会话表达 / 短语"}],"note":"名词或 to + 动词原形。","example":"I need to leave now.","source":"词伴 · AI 英语学习整理","license":"GPL-3.0-or-later","review":"未独立英语编辑校审"}
我饿了#wo e le	{"word":"我饿了","pinyin":"wo e le","short":["I'm hungry"],"senses":[{"text":"I'm hungry","pos":"会话表达 / 短语"}],"note":"英语用 be hungry。","example":"I'm hungry.","source":"词伴 · AI 英语学习整理","license":"GPL-3.0-or-later","review":"未独立英语编辑校审"}
扁#bian	{"word":"扁","pinyin":"bian","short":[],"senses":[],"note":"这个词有多个读音，当前读音尚未完成英语词义整理。请输入完整词组；不自动套用其他读音的释义。","source":"词伴 · 多读音保护","license":"GPL-3.0-or-later","review":"待按读音整理","blocked":true}
扁#pian	{"word":"扁","pinyin":"pian","short":[],"senses":[],"note":"这个词有多个读音，当前读音尚未完成英语词义整理。请输入完整词组；不自动套用其他读音的释义。","source":"词伴 · 多读音保护","license":"GPL-3.0-or-later","review":"待按读音整理","blocked":true}
扎#za	{"word":"扎","pinyin":"za","short":[],"senses":[],"note":"这个词有多个读音，当前读音尚未完成英语词义整理。请输入完整词组；不自动套用其他读音的释义。","source":"词伴 · 多读音保护","license":"GPL-3.0-or-later","review":"待按读音整理","blocked":true}
扎#zha	{"word":"扎","pinyin":"zha","short":[],"senses":[],"note":"这个词有多个读音，当前读音尚未完成英语词义整理。请输入完整词组；不自动套用其他读音的释义。","source":"词伴 · 多读音保护","license":"GPL-3.0-or-later","review":"待按读音整理","blocked":true}
扎染#za ran	{"word":"扎染","pinyin":"za ran","short":[],"senses":[],"note":"这个词有多个读音，当前读音尚未完成英语词义整理。请输入完整词组；不自动套用其他读音的释义。","source":"词伴 · 多读音保护","license":"GPL-3.0-or-later","review":"待按读音整理","blocked":true}
扎染#zha ran	{"word":"扎染","pinyin":"zha ran","short":[],"senses":[],"note":"这个词有多个读音，当前读音尚未完成英语词义整理。请输入完整词组；不自动套用其他读音的释义。","source":"词伴 · 多读音保护","license":"GPL-3.0-or-later","review":"待按读音整理","blocked":true}
扎花#za hua	{"word":"扎花","pinyin":"za hua","short":[],"senses":[],"note":"这个词有多个读音，当前读音尚未完成英语词义整理。请输入完整词组；不自动套用其他读音的释义。","source":"词伴 · 多读音保护","license":"GPL-3.0-or-later","review":"待按读音整理","blocked":true}
扎花#zha hua	{"word":"扎花","pinyin":"zha hua","short":[],"senses":[],"note":"这个词有多个读音，当前读音尚未完成英语词义整理。请输入完整词组；不自动套用其他读音的释义。","source":"词伴 · 多读音保护","license":"GPL-3.0-or-later","review":"待按读音整理","blocked":true}
扒#ba	{"word":"扒","pinyin":"ba","short":[],"senses":[],"note":"这个词有多个读音，当前读音尚未完成英语词义整理。请输入完整词组；不自动套用其他读音的释义。","source":"词伴 · 多读音保护","license":"GPL-3.0-or-later","review":"待按读音整理","blocked":true}
扒#pa	{"word":"扒","pinyin":"pa","short":[],"senses":[],"note":"这个词有多个读音，当前读音尚未完成英语词义整理。请输入完整词组；不自动套用其他读音的释义。","source":"词伴 · 多读音保护","license":"GPL-3.0-or-later","review":"待按读音整理","blocked":true}
扒车#ba che	{"word":"扒车","pinyin":"ba che","short":[],"senses":[],"note":"这个词有多个读音，当前读音尚未完成英语词义整理。请输入完整词组；不自动套用其他读音的释义。","source":"词伴 · 多读音保护","license":"GPL-3.0-or-later","review":"待按读音整理","blocked":true}
扒车#pa che	{"word":"扒车","pinyin":"pa che","short":[],"senses":[],"note":"这个词有多个读音，当前读音尚未完成英语词义整理。请输入完整词组；不自动套用其他读音的释义。","source":"词伴 · 多读音保护","license":"GPL-3.0-or-later","review":"待按读音整理","blocked":true}
扒鸡#ba ji	{"word":"扒鸡","pinyin":"ba ji","short":[],"senses":[],"note":"这个词有多个读音，当前读音尚未完成英语词义整理。请输入完整词组；不自动套用其他读音的释义。","source":"词伴 · 多读音保护","license":"GPL-3.0-or-later","review":"待按读音整理","blocked":true}
扒鸡#pa ji	{"word":"扒鸡","pinyin":"pa ji","short":[],"senses":[],"note":"这个词有多个读音，当前读音尚未完成英语词义整理。请输入完整词组；不自动套用其他读音的释义。","source":"词伴 · 多读音保护","license":"GPL-3.0-or-later","review":"待按读音整理","blocked":true}
打击乐#da ji le	{"word":"打击乐","pinyin":"da ji le","short":[],"senses":[],"note":"这个词有多个读音，当前读音尚未完成英语词义整理。请输入完整词组；不自动套用其他读音的释义。","source":"词伴 · 多读音保护","license":"GPL-3.0-or-later","review":"待按读音整理","blocked":true}
打击乐#da ji yue	{"word":"打击乐","pinyin":"da ji yue","short":[],"senses":[],"note":"这个词有多个读音，当前读音尚未完成英语词义整理。请输入完整词组；不自动套用其他读音的释义。","source":"词伴 · 多读音保护","license":"GPL-3.0-or-later","review":"待按读音整理","blocked":true}
打包#da bao	{"word":"打包","pinyin":"da bao","short":["take away","pack"],"senses":[{"text":"take away","pos":"会话表达 / 短语"},{"text":"pack","pos":"会话表达 / 短语"}],"note":"餐饮外带与打包物品不同；美式常说 to go。","example":"I'd like this to go, please.","source":"词伴 · AI 英语学习整理","license":"GPL-3.0-or-later","review":"未独立英语编辑校审"}
打工仔#da gong zai	{"word":"打工仔","pinyin":"da gong zai","short":[],"senses":[],"note":"这个词有多个读音，当前读音尚未完成英语词义整理。请输入完整词组；不自动套用其他读音的释义。","source":"词伴 · 多读音保护","license":"GPL-3.0-or-later","review":"待按读音整理","blocked":true}
打工仔#da gong zi	{"word":"打工仔","pinyin":"da gong zi","short":[],"senses":[],"note":"这个词有多个读音，当前读音尚未完成英语词义整理。请输入完整词组；不自动套用其他读音的释义。","source":"词伴 · 多读音保护","license":"GPL-3.0-or-later","review":"待按读音整理","blocked":true}
打电话#da dian hua	{"word":"打电话","pinyin":"da dian hua","short":["make a phone call","call"],"senses":[{"text":"make a phone call","pos":"会话表达 / 短语"},{"text":"call","pos":"会话表达 / 短语"}],"note":"call someone 不加 to。","example":"I'll call you tomorrow.","source":"词伴 · AI 英语学习整理","license":"GPL-3.0-or-later","review":"未独立英语编辑校审"}
扛#gang	{"word":"扛","pinyin":"gang","short":[],"senses":[],"note":"这个词有多个读音，当前读音尚未完成英语词义整理。请输入完整词组；不自动套用其他读音的释义。","source":"词伴 · 多读音保护","license":"GPL-3.0-or-later","review":"待按读音整理","blocked":true}
扛#kang	{"word":"扛","pinyin":"kang","short":[],"senses":[],"note":"这个词有多个读音，当前读音尚未完成英语词义整理。请输入完整词组；不自动套用其他读音的释义。","source":"词伴 · 多读音保护","license":"GPL-3.0-or-later","review":"待按读音整理","blocked":true}
扛鼎#gang ding	{"word":"扛鼎","pinyin":"gang ding","short":[],"senses":[],"note":"这个词有多个读音，当前读音尚未完成英语词义整理。请输入完整词组；不自动套用其他读音的释义。","source":"词伴 · 多读音保护","license":"GPL-3.0-or-later","review":"待按读音整理","blocked":true}
扛鼎#kang ding	{"word":"扛鼎","pinyin":"kang ding","short":[],"senses":[],"note":"这个词有多个读音，当前读音尚未完成英语词义整理。请输入完整词组；不自动套用其他读音的释义。","source":"词伴 · 多读音保护","license":"GPL-3.0-or-later","review":"待按读音整理","blocked":true}
扞#gan	{"word":"扞","pinyin":"gan","short":[],"senses":[],"note":"这个词有多个读音，当前读音尚未完成英语词义整理。请输入完整词组；不自动套用其他读音的释义。","source":"词伴 · 多读音保护","license":"GPL-3.0-or-later","review":"待按读音整理","blocked":true}
扞#han	{"word":"扞","pinyin":"han","short":[],"senses":[],"note":"这个词有多个读音，当前读音尚未完成英语词义整理。请输入完整词组；不自动套用其他读音的释义。","source":"词伴 · 多读音保护","license":"GPL-3.0-or-later","review":"待按读音整理","blocked":true}
扳#ban	{"word":"扳","pinyin":"ban","short":[],"senses":[],"note":"这个词有多个读音，当前读音尚未完成英语词义整理。请输入完整词组；不自动套用其他读音的释义。","source":"词伴 · 多读音保护","license":"GPL-3.0-or-later","review":"待按读音整理","blocked":true}
扳#pan	{"word":"扳","pinyin":"pan","short":[],"senses":[],"note":"这个词有多个读音，当前读音尚未完成英语词义整理。请输入完整词组；不自动套用其他读音的释义。","source":"词伴 · 多读音保护","license":"GPL-3.0-or-later","review":"待按读音整理","blocked":true}
抓差#zhua cha	{"word":"抓差","pinyin":"zhua cha","short":[],"senses":[],"note":"这个词有多个读音，当前读音尚未完成英语词义整理。请输入完整词组；不自动套用其他读音的释义。","source":"词伴 · 多读音保护","license":"GPL-3.0-or-later","review":"待按读音整理","blocked":true}
抓差#zhua chai	{"word":"抓差","pinyin":"zhua chai","short":[],"senses":[],"note":"这个词有多个读音，当前读音尚未完成英语词义整理。请输入完整词组；不自动套用其他读音的释义。","source":"词伴 · 多读音保护","license":"GPL-3.0-or-later","review":"待按读音整理","blocked":true}
折#she	{"word":"折","pinyin":"she","short":[],"senses":[],"note":"这个词有多个读音，当前读音尚未完成英语词义整理。请输入完整词组；不自动套用其他读音的释义。","source":"词伴 · 多读音保护","license":"GPL-3.0-or-later","review":"待按读音整理","blocked":true}
折#zhe	{"word":"折","pinyin":"zhe","short":[],"senses":[],"note":"这个词有多个读音，当前读音尚未完成英语词义整理。请输入完整词组；不自动套用其他读音的释义。","source":"词伴 · 多读音保护","license":"GPL-3.0-or-later","review":"待按读音整理","blocked":true}
抹#ma	{"word":"抹","pinyin":"ma","short":[],"senses":[],"note":"这个词有多个读音，当前读音尚未完成英语词义整理。请输入完整词组；不自动套用其他读音的释义。","source":"词伴 · 多读音保护","license":"GPL-3.0-or-later","review":"待按读音整理","blocked":true}
抹#mo	{"word":"抹","pinyin":"mo","short":[],"senses":[],"note":"这个词有多个读音，当前读音尚未完成英语词义整理。请输入完整词组；不自动套用其他读音的释义。","source":"词伴 · 多读音保护","license":"GPL-3.0-or-later","review":"待按读音整理","blocked":true}
拆#ca	{"word":"拆","pinyin":"ca","short":[],"senses":[],"note":"这个词有多个读音，当前读音尚未完成英语词义整理。请输入完整词组；不自动套用其他读音的释义。","source":"词伴 · 多读音保护","license":"GPL-3.0-or-later","review":"待按读音整理","blocked":true}
拆#chai	{"word":"拆","pinyin":"chai","short":[],"senses":[],"note":"这个词有多个读音，当前读音尚未完成英语词义整理。请输入完整词组；不自动套用其他读音的释义。","source":"词伴 · 多读音保护","license":"GPL-3.0-or-later","review":"待按读音整理","blocked":true}
拍卖行#pai mai hang	{"word":"拍卖行","pinyin":"pai mai hang","short":[],"senses":[],"note":"这个词有多个读音，当前读音尚未完成英语词义整理。请输入完整词组；不自动套用其他读音的释义。","source":"词伴 · 多读音保护","license":"GPL-3.0-or-later","review":"待按读音整理","blocked":true}
拍卖行#pai mai xing	{"word":"拍卖行","pinyin":"pai mai xing","short":[],"senses":[],"note":"这个词有多个读音，当前读音尚未完成英语词义整理。请输入完整词组；不自动套用其他读音的释义。","source":"词伴 · 多读音保护","license":"GPL-3.0-or-later","review":"待按读音整理","blocked":true}
拓#ta	{"word":"拓","pinyin":"ta","short":[],"senses":[],"note":"这个词有多个读音，当前读音尚未完成英语词义整理。请输入完整词组；不自动套用其他读音的释义。","source":"词伴 · 多读音保护","license":"GPL-3.0-or-later","review":"待按读音整理","blocked":true}
拓#tuo	{"word":"拓","pinyin":"tuo","short":[],"senses":[],"note":"这个词有多个读音，当前读音尚未完成英语词义整理。请输入完整词组；不自动套用其他读音的释义。","source":"词伴 · 多读音保护","license":"GPL-3.0-or-later","review":"待按读音整理","blocked":true}
拓印#ta yin	{"word":"拓印","pinyin":"ta yin","short":[],"senses":[],"note":"这个词有多个读音，当前读音尚未完成英语词义整理。请输入完整词组；不自动套用其他读音的释义。","source":"词伴 · 多读音保护","license":"GPL-3.0-or-later","review":"待按读音整理","blocked":true}
拓印#tuo yin	{"word":"拓印","pinyin":"tuo yin","short":[],"senses":[],"note":"这个词有多个读音，当前读音尚未完成英语词义整理。请输入完整词组；不自动套用其他读音的释义。","source":"词伴 · 多读音保护","license":"GPL-3.0-or-later","review":"待按读音整理","blocked":true}
拗#ao	{"word":"拗","pinyin":"ao","short":[],"senses":[],"note":"这个词有多个读音，当前读音尚未完成英语词义整理。请输入完整词组；不自动套用其他读音的释义。","source":"词伴 · 多读音保护","license":"GPL-3.0-or-later","review":"待按读音整理","blocked":true}
拗#niu	{"word":"拗","pinyin":"niu","short":[],"senses":[],"note":"这个词有多个读音，当前读音尚未完成英语词义整理。请输入完整词组；不自动套用其他读音的释义。","source":"词伴 · 多读音保护","license":"GPL-3.0-or-later","review":"待按读音整理","blocked":true}
拙著#zhuo zhe	{"word":"拙著","pinyin":"zhuo zhe","short":[],"senses":[],"note":"这个词有多个读音，当前读音尚未完成英语词义整理。请输入完整词组；不自动套用其他读音的释义。","source":"词伴 · 多读音保护","license":"GPL-3.0-or-later","review":"待按读音整理","blocked":true}
拙著#zhuo zhu	{"word":"拙著","pinyin":"zhuo zhu","short":[],"senses":[],"note":"这个词有多个读音，当前读音尚未完成英语词义整理。请输入完整词组；不自动套用其他读音的释义。","source":"词伴 · 多读音保护","license":"GPL-3.0-or-later","review":"待按读音整理","blocked":true}
择#ze	{"word":"择","pinyin":"ze","short":[],"senses":[],"note":"这个词有多个读音，当前读音尚未完成英语词义整理。请输入完整词组；不自动套用其他读音的释义。","source":"词伴 · 多读音保护","license":"GPL-3.0-or-later","review":"待按读音整理","blocked":true}
择#zhai	{"word":"择","pinyin":"zhai","short":[],"senses":[],"note":"这个词有多个读音，当前读音尚未完成英语词义整理。请输入完整词组；不自动套用其他读音的释义。","source":"词伴 · 多读音保护","license":"GPL-3.0-or-later","review":"待按读音整理","blocked":true}
括#gua	{"word":"括","pinyin":"gua","short":[],"senses":[],"note":"这个词有多个读音，当前读音尚未完成英语词义整理。请输入完整词组；不自动套用其他读音的释义。","source":"词伴 · 多读音保护","license":"GPL-3.0-or-later","review":"待按读音整理","blocked":true}
括#kuo	{"word":"括","pinyin":"kuo","short":[],"senses":[],"note":"这个词有多个读音，当前读音尚未完成英语词义整理。请输入完整词组；不自动套用其他读音的释义。","source":"词伴 · 多读音保护","license":"GPL-3.0-or-later","review":"待按读音整理","blocked":true}
拶#za	{"word":"拶","pinyin":"za","short":[],"senses":[],"note":"这个词有多个读音，当前读音尚未完成英语词义整理。请输入完整词组；不自动套用其他读音的释义。","source":"词伴 · 多读音保护","license":"GPL-3.0-or-later","review":"待按读音整理","blocked":true}
拶#zan	{"word":"拶","pinyin":"zan","short":[],"senses":[],"note":"这个词有多个读音，当前读音尚未完成英语词义整理。请输入完整词组；不自动套用其他读音的释义。","source":"词伴 · 多读音保护","license":"GPL-3.0-or-later","review":"待按读音整理","blocked":true}
拽#ye	{"word":"拽","pinyin":"ye","short":[],"senses":[],"note":"这个词有多个读音，当前读音尚未完成英语词义整理。请输入完整词组；不自动套用其他读音的释义。","source":"词伴 · 多读音保护","license":"GPL-3.0-or-later","review":"待按读音整理","blocked":true}
拽#zhuai	{"word":"拽","pinyin":"zhuai","short":[],"senses":[],"note":"这个词有多个读音，当前读音尚未完成英语词义整理。请输入完整词组；不自动套用其他读音的释义。","source":"词伴 · 多读音保护","license":"GPL-3.0-or-later","review":"待按读音整理","blocked":true}
挝#wo	{"word":"挝","pinyin":"wo","short":[],"senses":[],"note":"这个词有多个读音，当前读音尚未完成英语词义整理。请输入完整词组；不自动套用其他读音的释义。","source":"词伴 · 多读音保护","license":"GPL-3.0-or-later","review":"待按读音整理","blocked":true}
挝#zhua	{"word":"挝","pinyin":"zhua","short":[],"senses":[],"note":"这个词有多个读音，当前读音尚未完成英语词义整理。请输入完整词组；不自动套用其他读音的释义。","source":"词伴 · 多读音保护","license":"GPL-3.0-or-later","review":"待按读音整理","blocked":true}
挟#jia	{"word":"挟","pinyin":"jia","short":[],"senses":[],"note":"这个词有多个读音，当前读音尚未完成英语词义整理。请输入完整词组；不自动套用其他读音的释义。","source":"词伴 · 多读音保护","license":"GPL-3.0-or-later","review":"待按读音整理","blocked":true}
挟#xie	{"word":"挟","pinyin":"xie","short":[],"senses":[],"note":"这个词有多个读音，当前读音尚未完成英语词义整理。请输入完整词组；不自动套用其他读音的释义。","source":"词伴 · 多读音保护","license":"GPL-3.0-or-later","review":"待按读音整理","blocked":true}
挲#sa	{"word":"挲","pinyin":"sa","short":[],"senses":[],"note":"这个词有多个读音，当前读音尚未完成英语词义整理。请输入完整词组；不自动套用其他读音的释义。","source":"词伴 · 多读音保护","license":"GPL-3.0-or-later","review":"待按读音整理","blocked":true}
挲#sha	{"word":"挲","pinyin":"sha","short":[],"senses":[],"note":"这个词有多个读音，当前读音尚未完成英语词义整理。请输入完整词组；不自动套用其他读音的释义。","source":"词伴 · 多读音保护","license":"GPL-3.0-or-later","review":"待按读音整理","blocked":true}
挲#suo	{"word":"挲","pinyin":"suo","short":[],"senses":[],"note":"这个词有多个读音，当前读音尚未完成英语词义整理。请输入完整词组；不自动套用其他读音的释义。","source":"词伴 · 多读音保护","license":"GPL-3.0-or-later","review":"待按读音整理","blocked":true}
捋#luo	{"word":"捋","pinyin":"luo","short":[],"senses":[],"note":"这个词有多个读音，当前读音尚未完成英语词义整理。请输入完整词组；不自动套用其他读音的释义。","source":"词伴 · 多读音保护","license":"GPL-3.0-or-later","review":"待按读音整理","blocked":true}
捋#lv	{"word":"捋","pinyin":"lv","short":[],"senses":[],"note":"这个词有多个读音，当前读音尚未完成英语词义整理。请输入完整词组；不自动套用其他读音的释义。","source":"词伴 · 多读音保护","license":"GPL-3.0-or-later","review":"待按读音整理","blocked":true}
换血#huan xie	{"word":"换血","pinyin":"huan xie","short":[],"senses":[],"note":"这个词有多个读音，当前读音尚未完成英语词义整理。请输入完整词组；不自动套用其他读音的释义。","source":"词伴 · 多读音保护","license":"GPL-3.0-or-later","review":"待按读音整理","blocked":true}
换血#huan xue	{"word":"换血","pinyin":"huan xue","short":[],"senses":[],"note":"这个词有多个读音，当前读音尚未完成英语词义整理。请输入完整词组；不自动套用其他读音的释义。","source":"词伴 · 多读音保护","license":"GPL-3.0-or-later","review":"待按读音整理","blocked":true}
掞#shan	{"word":"掞","pinyin":"shan","short":[],"senses":[],"note":"这个词有多个读音，当前读音尚未完成英语词义整理。请输入完整词组；不自动套用其他读音的释义。","source":"词伴 · 多读音保护","license":"GPL-3.0-or-later","review":"待按读音整理","blocked":true}
掞#yan	{"word":"掞","pinyin":"yan","short":[],"senses":[],"note":"这个词有多个读音，当前读音尚未完成英语词义整理。请输入完整词组；不自动套用其他读音的释义。","source":"词伴 · 多读音保护","license":"GPL-3.0-or-later","review":"待按读音整理","blocked":true}
掴#guai	{"word":"掴","pinyin":"guai","short":[],"senses":[],"note":"这个词有多个读音，当前读音尚未完成英语词义整理。请输入完整词组；不自动套用其他读音的释义。","source":"词伴 · 多读音保护","license":"GPL-3.0-or-later","review":"待按读音整理","blocked":true}
掴#guo	{"word":"掴","pinyin":"guo","short":[],"senses":[],"note":"这个词有多个读音，当前读音尚未完成英语词义整理。请输入完整词组；不自动套用其他读音的释义。","source":"词伴 · 多读音保护","license":"GPL-3.0-or-later","review":"待按读音整理","blocked":true}
掸#dan	{"word":"掸","pinyin":"dan","short":[],"senses":[],"note":"这个词有多个读音，当前读音尚未完成英语词义整理。请输入完整词组；不自动套用其他读音的释义。","source":"词伴 · 多读音保护","license":"GPL-3.0-or-later","review":"待按读音整理","blocked":true}
掸#shan	{"word":"掸","pinyin":"shan","short":[],"senses":[],"note":"这个词有多个读音，当前读音尚未完成英语词义整理。请输入完整词组；不自动套用其他读音的释义。","source":"词伴 · 多读音保护","license":"GPL-3.0-or-later","review":"待按读音整理","blocked":true}
掺#can	{"word":"掺","pinyin":"can","short":[],"senses":[],"note":"这个词有多个读音，当前读音尚未完成英语词义整理。请输入完整词组；不自动套用其他读音的释义。","source":"词伴 · 多读音保护","license":"GPL-3.0-or-later","review":"待按读音整理","blocked":true}
掺#chan	{"word":"掺","pinyin":"chan","short":[],"senses":[],"note":"这个词有多个读音，当前读音尚未完成英语词义整理。请输入完整词组；不自动套用其他读音的释义。","source":"词伴 · 多读音保护","license":"GPL-3.0-or-later","review":"待按读音整理","blocked":true}
掺#shan	{"word":"掺","pinyin":"shan","short":[],"senses":[],"note":"这个词有多个读音，当前读音尚未完成英语词义整理。请输入完整词组；不自动套用其他读音的释义。","source":"词伴 · 多读音保护","license":"GPL-3.0-or-later","review":"待按读音整理","blocked":true}
提#di	{"word":"提","pinyin":"di","short":[],"senses":[],"note":"这个词有多个读音，当前读音尚未完成英语词义整理。请输入完整词组；不自动套用其他读音的释义。","source":"词伴 · 多读音保护","license":"GPL-3.0-or-later","review":"待按读音整理","blocked":true}
提#ti	{"word":"提","pinyin":"ti","short":[],"senses":[],"note":"这个词有多个读音，当前读音尚未完成英语词义整理。请输入完整词组；不自动套用其他读音的释义。","source":"词伴 · 多读音保护","license":"GPL-3.0-or-later","review":"待按读音整理","blocked":true}
搒#bang	{"word":"搒","pinyin":"bang","short":[],"senses":[],"note":"这个词有多个读音，当前读音尚未完成英语词义整理。请输入完整词组；不自动套用其他读音的释义。","source":"词伴 · 多读音保护","license":"GPL-3.0-or-later","review":"待按读音整理","blocked":true}
搒#peng	{"word":"搒","pinyin":"peng","short":[],"senses":[],"note":"这个词有多个读音，当前读音尚未完成英语词义整理。请输入完整词组；不自动套用其他读音的释义。","source":"词伴 · 多读音保护","license":"GPL-3.0-or-later","review":"待按读音整理","blocked":true}
摩#ma	{"word":"摩","pinyin":"ma","short":[],"senses":[],"note":"这个词有多个读音，当前读音尚未完成英语词义整理。请输入完整词组；不自动套用其他读音的释义。","source":"词伴 · 多读音保护","license":"GPL-3.0-or-later","review":"待按读音整理","blocked":true}
摩#mo	{"word":"摩","pinyin":"mo","short":[],"senses":[],"note":"这个词有多个读音，当前读音尚未完成英语词义整理。请输入完整词组；不自动套用其他读音的释义。","source":"词伴 · 多读音保护","license":"GPL-3.0-or-later","review":"待按读音整理","blocked":true}
摩挲#mo sa	{"word":"摩挲","pinyin":"mo sa","short":[],"senses":[],"note":"这个词有多个读音，当前读音尚未完成英语词义整理。请输入完整词组；不自动套用其他读音的释义。","source":"词伴 · 多读音保护","license":"GPL-3.0-or-later","review":"待按读音整理","blocked":true}
摩挲#mo suo	{"word":"摩挲","pinyin":"mo suo","short":[],"senses":[],"note":"这个词有多个读音，当前读音尚未完成英语词义整理。请输入完整词组；不自动套用其他读音的释义。","source":"词伴 · 多读音保护","license":"GPL-3.0-or-later","review":"待按读音整理","blocked":true}
撮#cuo	{"word":"撮","pinyin":"cuo","short":[],"senses":[],"note":"这个词有多个读音，当前读音尚未完成英语词义整理。请输入完整词组；不自动套用其他读音的释义。","source":"词伴 · 多读音保护","license":"GPL-3.0-or-later","review":"待按读音整理","blocked":true}
撮#zuo	{"word":"撮","pinyin":"zuo","short":[],"senses":[],"note":"这个词有多个读音，当前读音尚未完成英语词义整理。请输入完整词组；不自动套用其他读音的释义。","source":"词伴 · 多读音保护","license":"GPL-3.0-or-later","review":"待按读音整理","blocked":true}
擘#bai	{"word":"擘","pinyin":"bai","short":[],"senses":[],"note":"这个词有多个读音，当前读音尚未完成英语词义整理。请输入完整词组；不自动套用其他读音的释义。","source":"词伴 · 多读音保护","license":"GPL-3.0-or-later","review":"待按读音整理","blocked":true}
擘#bo	{"word":"擘","pinyin":"bo","short":[],"senses":[],"note":"这个词有多个读音，当前读音尚未完成英语词义整理。请输入完整词组；不自动套用其他读音的释义。","source":"词伴 · 多读音保护","license":"GPL-3.0-or-later","review":"待按读音整理","blocked":true}
擿#ti	{"word":"擿","pinyin":"ti","short":[],"senses":[],"note":"这个词有多个读音，当前读音尚未完成英语词义整理。请输入完整词组；不自动套用其他读音的释义。","source":"词伴 · 多读音保护","license":"GPL-3.0-or-later","review":"待按读音整理","blocked":true}
擿#zhi	{"word":"擿","pinyin":"zhi","short":[],"senses":[],"note":"这个词有多个读音，当前读音尚未完成英语词义整理。请输入完整词组；不自动套用其他读音的释义。","source":"词伴 · 多读音保护","license":"GPL-3.0-or-later","review":"待按读音整理","blocked":true}
攒#cuan	{"word":"攒","pinyin":"cuan","short":[],"senses":[],"note":"这个词有多个读音，当前读音尚未完成英语词义整理。请输入完整词组；不自动套用其他读音的释义。","source":"词伴 · 多读音保护","license":"GPL-3.0-or-later","review":"待按读音整理","blocked":true}
攒#zan	{"word":"攒","pinyin":"zan","short":[],"senses":[],"note":"这个词有多个读音，当前读音尚未完成英语词义整理。请输入完整词组；不自动套用其他读音的释义。","source":"词伴 · 多读音保护","license":"GPL-3.0-or-later","review":"待按读音整理","blocked":true}
攒钱#cuan qian	{"word":"攒钱","pinyin":"cuan qian","short":[],"senses":[],"note":"这个词有多个读音，当前读音尚未完成英语词义整理。请输入完整词组；不自动套用其他读音的释义。","source":"词伴 · 多读音保护","license":"GPL-3.0-or-later","review":"待按读音整理","blocked":true}
攒钱#zan qian	{"word":"攒钱","pinyin":"zan qian","short":[],"senses":[],"note":"这个词有多个读音，当前读音尚未完成英语词义整理。请输入完整词组；不自动套用其他读音的释义。","source":"词伴 · 多读音保护","license":"GPL-3.0-or-later","review":"待按读音整理","blocked":true}
支差#zhi cha	{"word":"支差","pinyin":"zhi cha","short":[],"senses":[],"note":"这个词有多个读音，当前读音尚未完成英语词义整理。请输入完整词组；不自动套用其他读音的释义。","source":"词伴 · 多读音保护","license":"GPL-3.0-or-later","review":"待按读音整理","blocked":true}
支差#zhi chai	{"word":"支差","pinyin":"zhi chai","short":[],"senses":[],"note":"这个词有多个读音，当前读音尚未完成英语词义整理。请输入完整词组；不自动套用其他读音的释义。","source":"词伴 · 多读音保护","license":"GPL-3.0-or-later","review":"待按读音整理","blocked":true}
支行#zhi hang	{"word":"支行","pinyin":"zhi hang","short":[],"senses":[],"note":"这个词有多个读音，当前读音尚未完成英语词义整理。请输入完整词组；不自动套用其他读音的释义。","source":"词伴 · 多读音保护","license":"GPL-3.0-or-later","review":"待按读音整理","blocked":true}
支行#zhi xing	{"word":"支行","pinyin":"zhi xing","short":[],"senses":[],"note":"这个词有多个读音，当前读音尚未完成英语词义整理。请输入完整词组；不自动套用其他读音的释义。","source":"词伴 · 多读音保护","license":"GPL-3.0-or-later","review":"待按读音整理","blocked":true}
放血#fang xie	{"word":"放血","pinyin":"fang xie","short":[],"senses":[],"note":"这个词有多个读音，当前读音尚未完成英语词义整理。请输入完整词组；不自动套用其他读音的释义。","source":"词伴 · 多读音保护","license":"GPL-3.0-or-later","review":"待按读音整理","blocked":true}
放血#fang xue	{"word":"放血","pinyin":"fang xue","short":[],"senses":[],"note":"这个词有多个读音，当前读音尚未完成英语词义整理。请输入完整词组；不自动套用其他读音的释义。","source":"词伴 · 多读音保护","license":"GPL-3.0-or-later","review":"待按读音整理","blocked":true}
故地重游#gu di chong you	{"word":"故地重游","pinyin":"gu di chong you","short":[],"senses":[],"note":"这个词有多个读音，当前读音尚未完成英语词义整理。请输入完整词组；不自动套用其他读音的释义。","source":"词伴 · 多读音保护","license":"GPL-3.0-or-later","review":"待按读音整理","blocked":true}
故地重游#gu di zhong you	{"word":"故地重游","pinyin":"gu di zhong you","short":[],"senses":[],"note":"这个词有多个读音，当前读音尚未完成英语词义整理。请输入完整词组；不自动套用其他读音的释义。","source":"词伴 · 多读音保护","license":"GPL-3.0-or-later","review":"待按读音整理","blocked":true}
教#jiao	{"word":"教","pinyin":"jiao","short":["teach","religion"],"senses":[{"text":"teach","pos":"动词 / 动词短语","lemma":"teach"},{"text":"religion","pos":"名词","lemma":"religion"}],"note":"jiao1 教学，jiao4 宗教；无声调拼音需结合词组。","source":"词伴 · AI 英语学习整理","license":"GPL-3.0-or-later","review":"未独立英语编辑校审"}
敦#dui	{"word":"敦","pinyin":"dui","short":[],"senses":[],"note":"这个词有多个读音，当前读音尚未完成英语词义整理。请输入完整词组；不自动套用其他读音的释义。","source":"词伴 · 多读音保护","license":"GPL-3.0-or-later","review":"待按读音整理","blocked":true}
敦#dun	{"word":"敦","pinyin":"dun","short":[],"senses":[],"note":"这个词有多个读音，当前读音尚未完成英语词义整理。请输入完整词组；不自动套用其他读音的释义。","source":"词伴 · 多读音保护","license":"GPL-3.0-or-later","review":"待按读音整理","blocked":true}
敩#xiao	{"word":"敩","pinyin":"xiao","short":[],"senses":[],"note":"这个词有多个读音，当前读音尚未完成英语词义整理。请输入完整词组；不自动套用其他读音的释义。","source":"词伴 · 多读音保护","license":"GPL-3.0-or-later","review":"待按读音整理","blocked":true}
敩#xue	{"word":"敩","pinyin":"xue","short":[],"senses":[],"note":"这个词有多个读音，当前读音尚未完成英语词义整理。请输入完整词组；不自动套用其他读音的释义。","source":"词伴 · 多读音保护","license":"GPL-3.0-or-later","review":"待按读音整理","blocked":true}
数#shu	{"word":"数","pinyin":"shu","short":["count","number"],"senses":[{"text":"count","pos":"动词 / 动词短语","lemma":"count"},{"text":"number","pos":"名词","lemma":"number"}],"note":"shu3 数数，shu4 数量；无声调拼音需依靠词组。","source":"词伴 · AI 英语学习整理","license":"GPL-3.0-or-later","review":"未独立英语编辑校审"}
数#shuo	{"word":"数","pinyin":"shuo","short":["frequently"],"senses":[{"text":"frequently","pos":"副词"}],"note":"少见读音，如“数见不鲜”。","source":"词伴 · AI 英语学习整理","license":"GPL-3.0-or-later","review":"未独立英语编辑校审"}
整宿#zheng su	{"word":"整宿","pinyin":"zheng su","short":[],"senses":[],"note":"这个词有多个读音，当前读音尚未完成英语词义整理。请输入完整词组；不自动套用其他读音的释义。","source":"词伴 · 多读音保护","license":"GPL-3.0-or-later","review":"待按读音整理","blocked":true}
整宿#zheng xiu	{"word":"整宿","pinyin":"zheng xiu","short":[],"senses":[],"note":"这个词有多个读音，当前读音尚未完成英语词义整理。请输入完整词组；不自动套用其他读音的释义。","source":"词伴 · 多读音保护","license":"GPL-3.0-or-later","review":"待按读音整理","blocked":true}
新#xin	{"word":"新","pinyin":"xin","short":["new"],"senses":[{"text":"new","pos":"形容词"}],"countability":"","forms":"","note":"描述新的事物。","example":"I have a new phone.","source":"词伴 · AI 英语学习整理","license":"GPL-3.0-or-later","review":"未独立英语编辑校审"}
新年快乐#xin nian kuai le	{"word":"新年快乐","pinyin":"xin nian kuai le","short":["happy New Year!"],"senses":[{"text":"happy New Year!","pos":"会话表达 / 短语"}],"note":"新年祝福。","example":"Happy New Year!","source":"词伴 · AI 英语学习整理","license":"GPL-3.0-or-later","review":"未独立英语编辑校审"}
新著#xin zhe	{"word":"新著","pinyin":"xin zhe","short":[],"senses":[],"note":"这个词有多个读音，当前读音尚未完成英语词义整理。请输入完整词组；不自动套用其他读音的释义。","source":"词伴 · 多读音保护","license":"GPL-3.0-or-later","review":"待按读音整理","blocked":true}
新著#xin zhu	{"word":"新著","pinyin":"xin zhu","short":[],"senses":[],"note":"这个词有多个读音，当前读音尚未完成英语词义整理。请输入完整词组；不自动套用其他读音的释义。","source":"词伴 · 多读音保护","license":"GPL-3.0-or-later","review":"待按读音整理","blocked":true}
新闻#xin wen	{"word":"新闻","pinyin":"xin wen","short":["news"],"senses":[{"text":"news","pos":"名词","lemma":"news"}],"countability":"不可数名词","forms":"","note":"news 虽然以 s 结尾，通常搭配单数动词。","example":"The news is good.","source":"词伴 · AI 英语学习整理","license":"GPL-3.0-or-later","review":"未独立英语编辑校审"}
於#wu	{"word":"於","pinyin":"wu","short":[],"senses":[],"note":"这个词有多个读音，当前读音尚未完成英语词义整理。请输入完整词组；不自动套用其他读音的释义。","source":"词伴 · 多读音保护","license":"GPL-3.0-or-later","review":"待按读音整理","blocked":true}
於#yu	{"word":"於","pinyin":"yu","short":[],"senses":[],"note":"这个词有多个读音，当前读音尚未完成英语词义整理。请输入完整词组；不自动套用其他读音的释义。","source":"词伴 · 多读音保护","license":"GPL-3.0-or-later","review":"待按读音整理","blocked":true}
旅途愉快#lv tu yu kuai	{"word":"旅途愉快","pinyin":"lv tu yu kuai","short":["have a good trip!"],"senses":[{"text":"have a good trip!","pos":"会话表达 / 短语"}],"note":"出行祝福。","example":"Have a good trip!","source":"词伴 · AI 英语学习整理","license":"GPL-3.0-or-later","review":"未独立英语编辑校审"}
无#mo	{"word":"无","pinyin":"mo","short":[],"senses":[],"note":"这个词有多个读音，当前读音尚未完成英语词义整理。请输入完整词组；不自动套用其他读音的释义。","source":"词伴 · 多读音保护","license":"GPL-3.0-or-later","review":"待按读音整理","blocked":true}
无#wu	{"word":"无","pinyin":"wu","short":["without","no"],"senses":[{"text":"without","pos":"介词"},{"text":"no","pos":"形容词"}],"note":"没有、无；完整结构需随上下文调整。","source":"词伴 · AI 英语学习整理","license":"GPL-3.0-or-later","review":"未独立英语编辑校审"}
无着#wu zhe	{"word":"无着","pinyin":"wu zhe","short":[],"senses":[],"note":"这个词有多个读音，当前读音尚未完成英语词义整理。请输入完整词组；不自动套用其他读音的释义。","source":"词伴 · 多读音保护","license":"GPL-3.0-or-later","review":"待按读音整理","blocked":true}
无着#wu zhuo	{"word":"无着","pinyin":"wu zhuo","short":[],"senses":[],"note":"这个词有多个读音，当前读音尚未完成英语词义整理。请输入完整词组；不自动套用其他读音的释义。","source":"词伴 · 多读音保护","license":"GPL-3.0-or-later","review":"待按读音整理","blocked":true}
旧#jiu	{"word":"旧","pinyin":"jiu","short":["old"],"senses":[{"text":"old","pos":"形容词"}],"countability":"","forms":"","note":"old 可表示旧或年老，依语境确定。","example":"This is an old book.","source":"词伴 · AI 英语学习整理","license":"GPL-3.0-or-later","review":"未独立英语编辑校审"}
早安#zao an	{"word":"早安","pinyin":"zao an","short":["good morning"],"senses":[{"text":"good morning","pos":"会话表达 / 短语"}],"note":"早间问候。","example":"Good morning!","source":"词伴 · AI 英语学习整理","license":"GPL-3.0-or-later","review":"未独立英语编辑校审"}
明天#ming tian	{"word":"明天","pinyin":"ming tian","short":["tomorrow"],"senses":[{"text":"tomorrow","pos":"副词"}],"countability":"","forms":"","note":"谈次日；一般不说 on tomorrow。","example":"See you tomorrow.","source":"词伴 · AI 英语学习整理","license":"GPL-3.0-or-later","review":"未独立英语编辑校审"}
明天见#ming tian jian	{"word":"明天见","pinyin":"ming tian jian","short":["see you tomorrow"],"senses":[{"text":"see you tomorrow","pos":"会话表达 / 短语"}],"note":"明天再见。","example":"See you tomorrow!","source":"词伴 · AI 英语学习整理","license":"GPL-3.0-or-later","review":"未独立英语编辑校审"}
明朝#ming chao	{"word":"明朝","pinyin":"ming chao","short":[],"senses":[],"note":"这个词有多个读音，当前读音尚未完成英语词义整理。请输入完整词组；不自动套用其他读音的释义。","source":"词伴 · 多读音保护","license":"GPL-3.0-or-later","review":"待按读音整理","blocked":true}
明朝#ming zhao	{"word":"明朝","pinyin":"ming zhao","short":[],"senses":[],"note":"这个词有多个读音，当前读音尚未完成英语词义整理。请输入完整词组；不自动套用其他读音的释义。","source":"词伴 · 多读音保护","license":"GPL-3.0-or-later","review":"待按读音整理","blocked":true}
昨天#zuo tian	{"word":"昨天","pinyin":"zuo tian","short":["yesterday"],"senses":[{"text":"yesterday","pos":"副词"}],"countability":"","forms":"","note":"谈前一天，常搭配过去时。","example":"I saw her yesterday.","source":"词伴 · AI 英语学习整理","license":"GPL-3.0-or-later","review":"未独立英语编辑校审"}
是一个#shi yi ge	{"word":"是一个","pinyin":"shi yi ge","short":["is a…"],"senses":[{"text":"is a…","pos":"会话表达 / 短语"}],"note":"人称变化用 am/are；元音音素前用 an。","example":"She's a teacher.","source":"词伴 · AI 英语学习整理","license":"GPL-3.0-or-later","review":"未独立英语编辑校审"}
是什么#shi shen me	{"word":"是什么","pinyin":"shi shen me","short":["what is it?"],"senses":[{"text":"what is it?","pos":"会话表达 / 短语"}],"note":"独立问句；嵌入问句注意主谓顺序。","example":"Do you know what it is?","source":"词伴 · AI 英语学习整理","license":"GPL-3.0-or-later","review":"未独立英语编辑校审"}
是啊#shi a	{"word":"是啊","pinyin":"shi a","short":["yes","that's right"],"senses":[{"text":"yes","pos":"会话表达 / 短语"},{"text":"that's right","pos":"会话表达 / 短语"}],"note":"回应认同，依语境选择。","example":"Yes, that's right.","source":"词伴 · AI 英语学习整理","license":"GPL-3.0-or-later","review":"未独立英语编辑校审"}
是谁#shi shui	{"word":"是谁","pinyin":"shi shui","short":["who is it?"],"senses":[{"text":"who is it?","pos":"会话表达 / 短语"}],"note":"询问身份；主语随情况变化。","example":"Who is it?","source":"词伴 · AI 英语学习整理","license":"GPL-3.0-or-later","review":"未独立英语编辑校审"}
昳#die	{"word":"昳","pinyin":"die","short":[],"senses":[],"note":"这个词有多个读音，当前读音尚未完成英语词义整理。请输入完整词组；不自动套用其他读音的释义。","source":"词伴 · 多读音保护","license":"GPL-3.0-or-later","review":"待按读音整理","blocked":true}
昳#yi	{"word":"昳","pinyin":"yi","short":[],"senses":[],"note":"这个词有多个读音，当前读音尚未完成英语词义整理。请输入完整词组；不自动套用其他读音的释义。","source":"词伴 · 多读音保护","license":"GPL-3.0-or-later","review":"待按读音整理","blocked":true}
晟#cheng	{"word":"晟","pinyin":"cheng","short":[],"senses":[],"note":"这个词有多个读音，当前读音尚未完成英语词义整理。请输入完整词组；不自动套用其他读音的释义。","source":"词伴 · 多读音保护","license":"GPL-3.0-or-later","review":"待按读音整理","blocked":true}
晟#sheng	{"word":"晟","pinyin":"sheng","short":[],"senses":[],"note":"这个词有多个读音，当前读音尚未完成英语词义整理。请输入完整词组；不自动套用其他读音的释义。","source":"词伴 · 多读音保护","license":"GPL-3.0-or-later","review":"待按读音整理","blocked":true}
暧#ai	{"word":"暧","pinyin":"ai","short":[],"senses":[],"note":"这个词有多个读音，当前读音尚未完成英语词义整理。请输入完整词组；不自动套用其他读音的释义。","source":"词伴 · 多读音保护","license":"GPL-3.0-or-later","review":"待按读音整理","blocked":true}
暧#nuan	{"word":"暧","pinyin":"nuan","short":[],"senses":[],"note":"这个词有多个读音，当前读音尚未完成英语词义整理。请输入完整词组；不自动套用其他读音的释义。","source":"词伴 · 多读音保护","license":"GPL-3.0-or-later","review":"待按读音整理","blocked":true}
暴#bao	{"word":"暴","pinyin":"bao","short":[],"senses":[],"note":"这个词有多个读音，当前读音尚未完成英语词义整理。请输入完整词组；不自动套用其他读音的释义。","source":"词伴 · 多读音保护","license":"GPL-3.0-or-later","review":"待按读音整理","blocked":true}
暴#pu	{"word":"暴","pinyin":"pu","short":[],"senses":[],"note":"这个词有多个读音，当前读音尚未完成英语词义整理。请输入完整词组；不自动套用其他读音的释义。","source":"词伴 · 多读音保护","license":"GPL-3.0-or-later","review":"待按读音整理","blocked":true}
曾#ceng	{"word":"曾","pinyin":"ceng","short":["once","formerly"],"senses":[{"text":"once","pos":"副词"},{"text":"formerly","pos":"副词"}],"note":"表示曾经；过去经历的英文时态需要语境。","source":"词伴 · AI 英语学习整理","license":"GPL-3.0-or-later","review":"未独立英语编辑校审"}
曾#zeng	{"word":"曾","pinyin":"zeng","short":["Zeng (surname)"],"senses":[{"text":"Zeng (surname)","pos":"名词"}],"note":"姓氏；不要套用曾经的 once。","source":"词伴 · AI 英语学习整理","license":"GPL-3.0-or-later","review":"未独立英语编辑校审"}
有什么#you shen me	{"word":"有什么","pinyin":"you shen me","short":["what is there?"],"senses":[{"text":"what is there?","pos":"会话表达 / 短语"}],"note":"“你有什么”用 What do you have?","example":"What is there to eat?","source":"词伴 · AI 英语学习整理","license":"GPL-3.0-or-later","review":"未独立英语编辑校审"}
有空#you kong	{"word":"有空","pinyin":"you kong","short":["be free","be available"],"senses":[{"text":"be free","pos":"会话表达 / 短语"},{"text":"be available","pos":"会话表达 / 短语"}],"note":"free 在这里表示有时间，不是免费。","example":"Are you free tomorrow?","source":"词伴 · AI 英语学习整理","license":"GPL-3.0-or-later","review":"未独立英语编辑校审"}
朋友#peng you	{"word":"朋友","pinyin":"peng you","short":["friend"],"senses":[{"text":"friend","pos":"名词","lemma":"friend"}],"countability":"可数名词","forms":"复数 friends","note":"一位朋友：a friend。","example":"She's a good friend of mine.","source":"词伴 · AI 英语学习整理","license":"GPL-3.0-or-later","review":"未独立英语编辑校审"}
朝#chao	{"word":"朝","pinyin":"chao","short":[],"senses":[],"note":"这个词有多个读音，当前读音尚未完成英语词义整理。请输入完整词组；不自动套用其他读音的释义。","source":"词伴 · 多读音保护","license":"GPL-3.0-or-later","review":"待按读音整理","blocked":true}
朝#zhao	{"word":"朝","pinyin":"zhao","short":[],"senses":[],"note":"这个词有多个读音，当前读音尚未完成英语词义整理。请输入完整词组；不自动套用其他读音的释义。","source":"词伴 · 多读音保护","license":"GPL-3.0-or-later","review":"待按读音整理","blocked":true}
朝暮#chao mu	{"word":"朝暮","pinyin":"chao mu","short":[],"senses":[],"note":"这个词有多个读音，当前读音尚未完成英语词义整理。请输入完整词组；不自动套用其他读音的释义。","source":"词伴 · 多读音保护","license":"GPL-3.0-or-later","review":"待按读音整理","blocked":true}
朝暮#zhao mu	{"word":"朝暮","pinyin":"zhao mu","short":[],"senses":[],"note":"这个词有多个读音，当前读音尚未完成英语词义整理。请输入完整词组；不自动套用其他读音的释义。","source":"词伴 · 多读音保护","license":"GPL-3.0-or-later","review":"待按读音整理","blocked":true}
朝阳#chao yang	{"word":"朝阳","pinyin":"chao yang","short":[],"senses":[],"note":"这个词有多个读音，当前读音尚未完成英语词义整理。请输入完整词组；不自动套用其他读音的释义。","source":"词伴 · 多读音保护","license":"GPL-3.0-or-later","review":"待按读音整理","blocked":true}
朝阳#zhao yang	{"word":"朝阳","pinyin":"zhao yang","short":[],"senses":[],"note":"这个词有多个读音，当前读音尚未完成英语词义整理。请输入完整词组；不自动套用其他读音的释义。","source":"词伴 · 多读音保护","license":"GPL-3.0-or-later","review":"待按读音整理","blocked":true}
朝阳花#chao yang hua	{"word":"朝阳花","pinyin":"chao yang hua","short":[],"senses":[],"note":"这个词有多个读音，当前读音尚未完成英语词义整理。请输入完整词组；不自动套用其他读音的释义。","source":"词伴 · 多读音保护","license":"GPL-3.0-or-later","review":"待按读音整理","blocked":true}
朝阳花#zhao yang hua	{"word":"朝阳花","pinyin":"zhao yang hua","short":[],"senses":[],"note":"这个词有多个读音，当前读音尚未完成英语词义整理。请输入完整词组；不自动套用其他读音的释义。","source":"词伴 · 多读音保护","license":"GPL-3.0-or-later","review":"待按读音整理","blocked":true}
期#ji	{"word":"期","pinyin":"ji","short":[],"senses":[],"note":"这个词有多个读音，当前读音尚未完成英语词义整理。请输入完整词组；不自动套用其他读音的释义。","source":"词伴 · 多读音保护","license":"GPL-3.0-or-later","review":"待按读音整理","blocked":true}
期#qi	{"word":"期","pinyin":"qi","short":[],"senses":[],"note":"这个词有多个读音，当前读音尚未完成英语词义整理。请输入完整词组；不自动套用其他读音的释义。","source":"词伴 · 多读音保护","license":"GPL-3.0-or-later","review":"待按读音整理","blocked":true}
期年#ji nian	{"word":"期年","pinyin":"ji nian","short":[],"senses":[],"note":"这个词有多个读音，当前读音尚未完成英语词义整理。请输入完整词组；不自动套用其他读音的释义。","source":"词伴 · 多读音保护","license":"GPL-3.0-or-later","review":"待按读音整理","blocked":true}
期年#qi nian	{"word":"期年","pinyin":"qi nian","short":[],"senses":[],"note":"这个词有多个读音，当前读音尚未完成英语词义整理。请输入完整词组；不自动套用其他读音的释义。","source":"词伴 · 多读音保护","license":"GPL-3.0-or-later","review":"待按读音整理","blocked":true}
木有#mu you	{"word":"木有","pinyin":"mu you","short":["don't have","there isn't"],"senses":[{"text":"don't have","pos":"会话表达 / 短语"},{"text":"there isn't","pos":"会话表达 / 短语"}],"note":"网络用语“没有”；拥有与存在采用不同结构。","example":"I don't have any cash.","source":"词伴 · AI 英语学习整理","license":"GPL-3.0-or-later","review":"未独立英语编辑校审"}
木模#mu mo	{"word":"木模","pinyin":"mu mo","short":[],"senses":[],"note":"这个词有多个读音，当前读音尚未完成英语词义整理。请输入完整词组；不自动套用其他读音的释义。","source":"词伴 · 多读音保护","license":"GPL-3.0-or-later","review":"待按读音整理","blocked":true}
木模#mu mu	{"word":"木模","pinyin":"mu mu","short":[],"senses":[],"note":"这个词有多个读音，当前读音尚未完成英语词义整理。请输入完整词组；不自动套用其他读音的释义。","source":"词伴 · 多读音保护","license":"GPL-3.0-or-later","review":"待按读音整理","blocked":true}
末#me	{"word":"末","pinyin":"me","short":[],"senses":[],"note":"这个词有多个读音，当前读音尚未完成英语词义整理。请输入完整词组；不自动套用其他读音的释义。","source":"词伴 · 多读音保护","license":"GPL-3.0-or-later","review":"待按读音整理","blocked":true}
末#mo	{"word":"末","pinyin":"mo","short":[],"senses":[],"note":"这个词有多个读音，当前读音尚未完成英语词义整理。请输入完整词组；不自动套用其他读音的释义。","source":"词伴 · 多读音保护","license":"GPL-3.0-or-later","review":"待按读音整理","blocked":true}
本色#ben se	{"word":"本色","pinyin":"ben se","short":[],"senses":[],"note":"这个词有多个读音，当前读音尚未完成英语词义整理。请输入完整词组；不自动套用其他读音的释义。","source":"词伴 · 多读音保护","license":"GPL-3.0-or-later","review":"待按读音整理","blocked":true}
本色#ben shai	{"word":"本色","pinyin":"ben shai","short":[],"senses":[],"note":"这个词有多个读音，当前读音尚未完成英语词义整理。请输入完整词组；不自动套用其他读音的释义。","source":"词伴 · 多读音保护","license":"GPL-3.0-or-later","review":"待按读音整理","blocked":true}
术#shu	{"word":"术","pinyin":"shu","short":[],"senses":[],"note":"这个词有多个读音，当前读音尚未完成英语词义整理。请输入完整词组；不自动套用其他读音的释义。","source":"词伴 · 多读音保护","license":"GPL-3.0-or-later","review":"待按读音整理","blocked":true}
术#zhu	{"word":"术","pinyin":"zhu","short":[],"senses":[],"note":"这个词有多个读音，当前读音尚未完成英语词义整理。请输入完整词组；不自动套用其他读音的释义。","source":"词伴 · 多读音保护","license":"GPL-3.0-or-later","review":"待按读音整理","blocked":true}
朴#piao	{"word":"朴","pinyin":"piao","short":[],"senses":[],"note":"这个词有多个读音，当前读音尚未完成英语词义整理。请输入完整词组；不自动套用其他读音的释义。","source":"词伴 · 多读音保护","license":"GPL-3.0-or-later","review":"待按读音整理","blocked":true}
朴#po	{"word":"朴","pinyin":"po","short":[],"senses":[],"note":"这个词有多个读音，当前读音尚未完成英语词义整理。请输入完整词组；不自动套用其他读音的释义。","source":"词伴 · 多读音保护","license":"GPL-3.0-or-later","review":"待按读音整理","blocked":true}
朴#pu	{"word":"朴","pinyin":"pu","short":[],"senses":[],"note":"这个词有多个读音，当前读音尚未完成英语词义整理。请输入完整词组；不自动套用其他读音的释义。","source":"词伴 · 多读音保护","license":"GPL-3.0-or-later","review":"待按读音整理","blocked":true}
机长#ji chang	{"word":"机长","pinyin":"ji chang","short":[],"senses":[],"note":"这个词有多个读音，当前读音尚未完成英语词义整理。请输入完整词组；不自动套用其他读音的释义。","source":"词伴 · 多读音保护","license":"GPL-3.0-or-later","review":"待按读音整理","blocked":true}
机长#ji zhang	{"word":"机长","pinyin":"ji zhang","short":[],"senses":[],"note":"这个词有多个读音，当前读音尚未完成英语词义整理。请输入完整词组；不自动套用其他读音的释义。","source":"词伴 · 多读音保护","license":"GPL-3.0-or-later","review":"待按读音整理","blocked":true}
杀人不见血#sha ren bu jian xie	{"word":"杀人不见血","pinyin":"sha ren bu jian xie","short":[],"senses":[],"note":"这个词有多个读音，当前读音尚未完成英语词义整理。请输入完整词组；不自动套用其他读音的释义。","source":"词伴 · 多读音保护","license":"GPL-3.0-or-later","review":"待按读音整理","blocked":true}
杀人不见血#sha ren bu jian xue	{"word":"杀人不见血","pinyin":"sha ren bu jian xue","short":[],"senses":[],"note":"这个词有多个读音，当前读音尚未完成英语词义整理。请输入完整词组；不自动套用其他读音的释义。","source":"词伴 · 多读音保护","license":"GPL-3.0-or-later","review":"待按读音整理","blocked":true}
杉#sha	{"word":"杉","pinyin":"sha","short":[],"senses":[],"note":"这个词有多个读音，当前读音尚未完成英语词义整理。请输入完整词组；不自动套用其他读音的释义。","source":"词伴 · 多读音保护","license":"GPL-3.0-or-later","review":"待按读音整理","blocked":true}
杉#shan	{"word":"杉","pinyin":"shan","short":[],"senses":[],"note":"这个词有多个读音，当前读音尚未完成英语词义整理。请输入完整词组；不自动套用其他读音的释义。","source":"词伴 · 多读音保护","license":"GPL-3.0-or-later","review":"待按读音整理","blocked":true}
杉树#sha shu	{"word":"杉树","pinyin":"sha shu","short":[],"senses":[],"note":"这个词有多个读音，当前读音尚未完成英语词义整理。请输入完整词组；不自动套用其他读音的释义。","source":"词伴 · 多读音保护","license":"GPL-3.0-or-later","review":"待按读音整理","blocked":true}
杉树#shan shu	{"word":"杉树","pinyin":"shan shu","short":[],"senses":[],"note":"这个词有多个读音，当前读音尚未完成英语词义整理。请输入完整词组；不自动套用其他读音的释义。","source":"词伴 · 多读音保护","license":"GPL-3.0-or-later","review":"待按读音整理","blocked":true}
杏脯#xing fu	{"word":"杏脯","pinyin":"xing fu","short":[],"senses":[],"note":"这个词有多个读音，当前读音尚未完成英语词义整理。请输入完整词组；不自动套用其他读音的释义。","source":"词伴 · 多读音保护","license":"GPL-3.0-or-later","review":"待按读音整理","blocked":true}
杏脯#xing pu	{"word":"杏脯","pinyin":"xing pu","short":[],"senses":[],"note":"这个词有多个读音，当前读音尚未完成英语词义整理。请输入完整词组；不自动套用其他读音的释义。","source":"词伴 · 多读音保护","license":"GPL-3.0-or-later","review":"待按读音整理","blocked":true}
村长#cun chang	{"word":"村长","pinyin":"cun chang","short":[],"senses":[],"note":"这个词有多个读音，当前读音尚未完成英语词义整理。请输入完整词组；不自动套用其他读音的释义。","source":"词伴 · 多读音保护","license":"GPL-3.0-or-later","review":"待按读音整理","blocked":true}
村长#cun zhang	{"word":"村长","pinyin":"cun zhang","short":[],"senses":[],"note":"这个词有多个读音，当前读音尚未完成英语词义整理。请输入完整词组；不自动套用其他读音的释义。","source":"词伴 · 多读音保护","license":"GPL-3.0-or-later","review":"待按读音整理","blocked":true}
杓#biao	{"word":"杓","pinyin":"biao","short":[],"senses":[],"note":"这个词有多个读音，当前读音尚未完成英语词义整理。请输入完整词组；不自动套用其他读音的释义。","source":"词伴 · 多读音保护","license":"GPL-3.0-or-later","review":"待按读音整理","blocked":true}
杓#shao	{"word":"杓","pinyin":"shao","short":[],"senses":[],"note":"这个词有多个读音，当前读音尚未完成英语词义整理。请输入完整词组；不自动套用其他读音的释义。","source":"词伴 · 多读音保护","license":"GPL-3.0-or-later","review":"待按读音整理","blocked":true}
杕#di	{"word":"杕","pinyin":"di","short":[],"senses":[],"note":"这个词有多个读音，当前读音尚未完成英语词义整理。请输入完整词组；不自动套用其他读音的释义。","source":"词伴 · 多读音保护","license":"GPL-3.0-or-later","review":"待按读音整理","blocked":true}
杕#duo	{"word":"杕","pinyin":"duo","short":[],"senses":[],"note":"这个词有多个读音，当前读音尚未完成英语词义整理。请输入完整词组；不自动套用其他读音的释义。","source":"词伴 · 多读音保护","license":"GPL-3.0-or-later","review":"待按读音整理","blocked":true}
来#lai	{"word":"来","pinyin":"lai","short":["come"],"senses":[{"text":"come","pos":"动词 / 动词短语","lemma":"come"}],"countability":"","forms":"come–came–come","note":"与说话者位置或参照位置有关。","example":"Come with me.","source":"词伴 · AI 英语学习整理","license":"GPL-3.0-or-later","review":"未独立英语编辑校审"}
来了#lai le	{"word":"来了","pinyin":"lai le","short":["arrived","is coming"],"senses":[{"text":"arrived","pos":"会话表达 / 短语"},{"text":"is coming","pos":"会话表达 / 短语"}],"note":"已经抵达与正在来，时态不同。","example":"She's arrived.","source":"词伴 · AI 英语学习整理","license":"GPL-3.0-or-later","review":"未独立英语编辑校审"}
杻#chou	{"word":"杻","pinyin":"chou","short":[],"senses":[],"note":"这个词有多个读音，当前读音尚未完成英语词义整理。请输入完整词组；不自动套用其他读音的释义。","source":"词伴 · 多读音保护","license":"GPL-3.0-or-later","review":"待按读音整理","blocked":true}
杻#niu	{"word":"杻","pinyin":"niu","short":[],"senses":[],"note":"这个词有多个读音，当前读音尚未完成英语词义整理。请输入完整词组；不自动套用其他读音的释义。","source":"词伴 · 多读音保护","license":"GPL-3.0-or-later","review":"待按读音整理","blocked":true}
枞#cong	{"word":"枞","pinyin":"cong","short":[],"senses":[],"note":"这个词有多个读音，当前读音尚未完成英语词义整理。请输入完整词组；不自动套用其他读音的释义。","source":"词伴 · 多读音保护","license":"GPL-3.0-or-later","review":"待按读音整理","blocked":true}
枞#zong	{"word":"枞","pinyin":"zong","short":[],"senses":[],"note":"这个词有多个读音，当前读音尚未完成英语词义整理。请输入完整词组；不自动套用其他读音的释义。","source":"词伴 · 多读音保护","license":"GPL-3.0-or-later","review":"待按读音整理","blocked":true}
枸#gou	{"word":"枸","pinyin":"gou","short":[],"senses":[],"note":"这个词有多个读音，当前读音尚未完成英语词义整理。请输入完整词组；不自动套用其他读音的释义。","source":"词伴 · 多读音保护","license":"GPL-3.0-or-later","review":"待按读音整理","blocked":true}
枸#ju	{"word":"枸","pinyin":"ju","short":[],"senses":[],"note":"这个词有多个读音，当前读音尚未完成英语词义整理。请输入完整词组；不自动套用其他读音的释义。","source":"词伴 · 多读音保护","license":"GPL-3.0-or-later","review":"待按读音整理","blocked":true}
枹#bao	{"word":"枹","pinyin":"bao","short":[],"senses":[],"note":"这个词有多个读音，当前读音尚未完成英语词义整理。请输入完整词组；不自动套用其他读音的释义。","source":"词伴 · 多读音保护","license":"GPL-3.0-or-later","review":"待按读音整理","blocked":true}
枹#fu	{"word":"枹","pinyin":"fu","short":[],"senses":[],"note":"这个词有多个读音，当前读音尚未完成英语词义整理。请输入完整词组；不自动套用其他读音的释义。","source":"词伴 · 多读音保护","license":"GPL-3.0-or-later","review":"待按读音整理","blocked":true}
柁#duo	{"word":"柁","pinyin":"duo","short":[],"senses":[],"note":"这个词有多个读音，当前读音尚未完成英语词义整理。请输入完整词组；不自动套用其他读音的释义。","source":"词伴 · 多读音保护","license":"GPL-3.0-or-later","review":"待按读音整理","blocked":true}
柁#tuo	{"word":"柁","pinyin":"tuo","short":[],"senses":[],"note":"这个词有多个读音，当前读音尚未完成英语词义整理。请输入完整词组；不自动套用其他读音的释义。","source":"词伴 · 多读音保护","license":"GPL-3.0-or-later","review":"待按读音整理","blocked":true}
柏#bai	{"word":"柏","pinyin":"bai","short":[],"senses":[],"note":"这个词有多个读音，当前读音尚未完成英语词义整理。请输入完整词组；不自动套用其他读音的释义。","source":"词伴 · 多读音保护","license":"GPL-3.0-or-later","review":"待按读音整理","blocked":true}
柏#bo	{"word":"柏","pinyin":"bo","short":[],"senses":[],"note":"这个词有多个读音，当前读音尚未完成英语词义整理。请输入完整词组；不自动套用其他读音的释义。","source":"词伴 · 多读音保护","license":"GPL-3.0-or-later","review":"待按读音整理","blocked":true}
柜#gui	{"word":"柜","pinyin":"gui","short":[],"senses":[],"note":"这个词有多个读音，当前读音尚未完成英语词义整理。请输入完整词组；不自动套用其他读音的释义。","source":"词伴 · 多读音保护","license":"GPL-3.0-or-later","review":"待按读音整理","blocked":true}
柜#ju	{"word":"柜","pinyin":"ju","short":[],"senses":[],"note":"这个词有多个读音，当前读音尚未完成英语词义整理。请输入完整词组；不自动套用其他读音的释义。","source":"词伴 · 多读音保护","license":"GPL-3.0-or-later","review":"待按读音整理","blocked":true}
柞#zha	{"word":"柞","pinyin":"zha","short":[],"senses":[],"note":"这个词有多个读音，当前读音尚未完成英语词义整理。请输入完整词组；不自动套用其他读音的释义。","source":"词伴 · 多读音保护","license":"GPL-3.0-or-later","review":"待按读音整理","blocked":true}
柞#zuo	{"word":"柞","pinyin":"zuo","short":[],"senses":[],"note":"这个词有多个读音，当前读音尚未完成英语词义整理。请输入完整词组；不自动套用其他读音的释义。","source":"词伴 · 多读音保护","license":"GPL-3.0-or-later","review":"待按读音整理","blocked":true}
查#cha	{"word":"查","pinyin":"cha","short":[],"senses":[],"note":"这个词有多个读音，当前读音尚未完成英语词义整理。请输入完整词组；不自动套用其他读音的释义。","source":"词伴 · 多读音保护","license":"GPL-3.0-or-later","review":"待按读音整理","blocked":true}
查#zha	{"word":"查","pinyin":"zha","short":[],"senses":[],"note":"这个词有多个读音，当前读音尚未完成英语词义整理。请输入完整词组；不自动套用其他读音的释义。","source":"词伴 · 多读音保护","license":"GPL-3.0-or-later","review":"待按读音整理","blocked":true}
柬埔寨#jian bu zhai	{"word":"柬埔寨","pinyin":"jian bu zhai","short":[],"senses":[],"note":"这个词有多个读音，当前读音尚未完成英语词义整理。请输入完整词组；不自动套用其他读音的释义。","source":"词伴 · 多读音保护","license":"GPL-3.0-or-later","review":"待按读音整理","blocked":true}
柬埔寨#jian pu zhai	{"word":"柬埔寨","pinyin":"jian pu zhai","short":[],"senses":[],"note":"这个词有多个读音，当前读音尚未完成英语词义整理。请输入完整词组；不自动套用其他读音的释义。","source":"词伴 · 多读音保护","license":"GPL-3.0-or-later","review":"待按读音整理","blocked":true}
柳杉#liu sha	{"word":"柳杉","pinyin":"liu sha","short":[],"senses":[],"note":"这个词有多个读音，当前读音尚未完成英语词义整理。请输入完整词组；不自动套用其他读音的释义。","source":"词伴 · 多读音保护","license":"GPL-3.0-or-later","review":"待按读音整理","blocked":true}
柳杉#liu shan	{"word":"柳杉","pinyin":"liu shan","short":[],"senses":[],"note":"这个词有多个读音，当前读音尚未完成英语词义整理。请输入完整词组；不自动套用其他读音的释义。","source":"词伴 · 多读音保护","license":"GPL-3.0-or-later","review":"待按读音整理","blocked":true}
柷#chu	{"word":"柷","pinyin":"chu","short":[],"senses":[],"note":"这个词有多个读音，当前读音尚未完成英语词义整理。请输入完整词组；不自动套用其他读音的释义。","source":"词伴 · 多读音保护","license":"GPL-3.0-or-later","review":"待按读音整理","blocked":true}
柷#zhu	{"word":"柷","pinyin":"zhu","short":[],"senses":[],"note":"这个词有多个读音，当前读音尚未完成英语词义整理。请输入完整词组；不自动套用其他读音的释义。","source":"词伴 · 多读音保护","license":"GPL-3.0-or-later","review":"待按读音整理","blocked":true}
栅#shan	{"word":"栅","pinyin":"shan","short":[],"senses":[],"note":"这个词有多个读音，当前读音尚未完成英语词义整理。请输入完整词组；不自动套用其他读音的释义。","source":"词伴 · 多读音保护","license":"GPL-3.0-or-later","review":"待按读音整理","blocked":true}
栅#zha	{"word":"栅","pinyin":"zha","short":[],"senses":[],"note":"这个词有多个读音，当前读音尚未完成英语词义整理。请输入完整词组；不自动套用其他读音的释义。","source":"词伴 · 多读音保护","license":"GPL-3.0-or-later","review":"待按读音整理","blocked":true}
栎#li	{"word":"栎","pinyin":"li","short":[],"senses":[],"note":"这个词有多个读音，当前读音尚未完成英语词义整理。请输入完整词组；不自动套用其他读音的释义。","source":"词伴 · 多读音保护","license":"GPL-3.0-or-later","review":"待按读音整理","blocked":true}
栎#yue	{"word":"栎","pinyin":"yue","short":[],"senses":[],"note":"这个词有多个读音，当前读音尚未完成英语词义整理。请输入完整词组；不自动套用其他读音的释义。","source":"词伴 · 多读音保护","license":"GPL-3.0-or-later","review":"待按读音整理","blocked":true}
栖#qi	{"word":"栖","pinyin":"qi","short":[],"senses":[],"note":"这个词有多个读音，当前读音尚未完成英语词义整理。请输入完整词组；不自动套用其他读音的释义。","source":"词伴 · 多读音保护","license":"GPL-3.0-or-later","review":"待按读音整理","blocked":true}
栖#xi	{"word":"栖","pinyin":"xi","short":[],"senses":[],"note":"这个词有多个读音，当前读音尚未完成英语词义整理。请输入完整词组；不自动套用其他读音的释义。","source":"词伴 · 多读音保护","license":"GPL-3.0-or-later","review":"待按读音整理","blocked":true}
栝#gua	{"word":"栝","pinyin":"gua","short":[],"senses":[],"note":"这个词有多个读音，当前读音尚未完成英语词义整理。请输入完整词组；不自动套用其他读音的释义。","source":"词伴 · 多读音保护","license":"GPL-3.0-or-later","review":"待按读音整理","blocked":true}
栝#kuo	{"word":"栝","pinyin":"kuo","short":[],"senses":[],"note":"这个词有多个读音，当前读音尚未完成英语词义整理。请输入完整词组；不自动套用其他读音的释义。","source":"词伴 · 多读音保护","license":"GPL-3.0-or-later","review":"待按读音整理","blocked":true}
栟#ben	{"word":"栟","pinyin":"ben","short":[],"senses":[],"note":"这个词有多个读音，当前读音尚未完成英语词义整理。请输入完整词组；不自动套用其他读音的释义。","source":"词伴 · 多读音保护","license":"GPL-3.0-or-later","review":"待按读音整理","blocked":true}
栟#bing	{"word":"栟","pinyin":"bing","short":[],"senses":[],"note":"这个词有多个读音，当前读音尚未完成英语词义整理。请输入完整词组；不自动套用其他读音的释义。","source":"词伴 · 多读音保护","license":"GPL-3.0-or-later","review":"待按读音整理","blocked":true}
校#jiao	{"word":"校","pinyin":"jiao","short":[],"senses":[],"note":"这个词有多个读音，当前读音尚未完成英语词义整理。请输入完整词组；不自动套用其他读音的释义。","source":"词伴 · 多读音保护","license":"GPL-3.0-or-later","review":"待按读音整理","blocked":true}
校#xiao	{"word":"校","pinyin":"xiao","short":[],"senses":[],"note":"这个词有多个读音，当前读音尚未完成英语词义整理。请输入完整词组；不自动套用其他读音的释义。","source":"词伴 · 多读音保护","license":"GPL-3.0-or-later","review":"待按读音整理","blocked":true}
校本#jiao ben	{"word":"校本","pinyin":"jiao ben","short":[],"senses":[],"note":"这个词有多个读音，当前读音尚未完成英语词义整理。请输入完整词组；不自动套用其他读音的释义。","source":"词伴 · 多读音保护","license":"GPL-3.0-or-later","review":"待按读音整理","blocked":true}
校本#xiao ben	{"word":"校本","pinyin":"xiao ben","short":[],"senses":[],"note":"这个词有多个读音，当前读音尚未完成英语词义整理。请输入完整词组；不自动套用其他读音的释义。","source":"词伴 · 多读音保护","license":"GPL-3.0-or-later","review":"待按读音整理","blocked":true}
校验#jiao yan	{"word":"校验","pinyin":"jiao yan","short":[],"senses":[],"note":"这个词有多个读音，当前读音尚未完成英语词义整理。请输入完整词组；不自动套用其他读音的释义。","source":"词伴 · 多读音保护","license":"GPL-3.0-or-later","review":"待按读音整理","blocked":true}
校验#xiao yan	{"word":"校验","pinyin":"xiao yan","short":[],"senses":[],"note":"这个词有多个读音，当前读音尚未完成英语词义整理。请输入完整词组；不自动套用其他读音的释义。","source":"词伴 · 多读音保护","license":"GPL-3.0-or-later","review":"待按读音整理","blocked":true}
核#he	{"word":"核","pinyin":"he","short":[],"senses":[],"note":"这个词有多个读音，当前读音尚未完成英语词义整理。请输入完整词组；不自动套用其他读音的释义。","source":"词伴 · 多读音保护","license":"GPL-3.0-or-later","review":"待按读音整理","blocked":true}
核#hu	{"word":"核","pinyin":"hu","short":[],"senses":[],"note":"这个词有多个读音，当前读音尚未完成英语词义整理。请输入完整词组；不自动套用其他读音的释义。","source":"词伴 · 多读音保护","license":"GPL-3.0-or-later","review":"待按读音整理","blocked":true}
桔#jie	{"word":"桔","pinyin":"jie","short":[],"senses":[],"note":"这个词有多个读音，当前读音尚未完成英语词义整理。请输入完整词组；不自动套用其他读音的释义。","source":"词伴 · 多读音保护","license":"GPL-3.0-or-later","review":"待按读音整理","blocked":true}
桔#ju	{"word":"桔","pinyin":"ju","short":[],"senses":[],"note":"这个词有多个读音，当前读音尚未完成英语词义整理。请输入完整词组；不自动套用其他读音的释义。","source":"词伴 · 多读音保护","license":"GPL-3.0-or-later","review":"待按读音整理","blocked":true}
桧#gui	{"word":"桧","pinyin":"gui","short":[],"senses":[],"note":"这个词有多个读音，当前读音尚未完成英语词义整理。请输入完整词组；不自动套用其他读音的释义。","source":"词伴 · 多读音保护","license":"GPL-3.0-or-later","review":"待按读音整理","blocked":true}
桧#hui	{"word":"桧","pinyin":"hui","short":[],"senses":[],"note":"这个词有多个读音，当前读音尚未完成英语词义整理。请输入完整词组；不自动套用其他读音的释义。","source":"词伴 · 多读音保护","license":"GPL-3.0-or-later","review":"待按读音整理","blocked":true}
梢#sao	{"word":"梢","pinyin":"sao","short":[],"senses":[],"note":"这个词有多个读音，当前读音尚未完成英语词义整理。请输入完整词组；不自动套用其他读音的释义。","source":"词伴 · 多读音保护","license":"GPL-3.0-or-later","review":"待按读音整理","blocked":true}
梢#shao	{"word":"梢","pinyin":"shao","short":[],"senses":[],"note":"这个词有多个读音，当前读音尚未完成英语词义整理。请输入完整词组；不自动套用其他读音的释义。","source":"词伴 · 多读音保护","license":"GPL-3.0-or-later","review":"待按读音整理","blocked":true}
棋高一着#qi gao yi zhao	{"word":"棋高一着","pinyin":"qi gao yi zhao","short":[],"senses":[],"note":"这个词有多个读音，当前读音尚未完成英语词义整理。请输入完整词组；不自动套用其他读音的释义。","source":"词伴 · 多读音保护","license":"GPL-3.0-or-later","review":"待按读音整理","blocked":true}
棋高一着#qi gao yi zhe	{"word":"棋高一着","pinyin":"qi gao yi zhe","short":[],"senses":[],"note":"这个词有多个读音，当前读音尚未完成英语词义整理。请输入完整词组；不自动套用其他读音的释义。","source":"词伴 · 多读音保护","license":"GPL-3.0-or-later","review":"待按读音整理","blocked":true}
棓#bang	{"word":"棓","pinyin":"bang","short":[],"senses":[],"note":"这个词有多个读音，当前读音尚未完成英语词义整理。请输入完整词组；不自动套用其他读音的释义。","source":"词伴 · 多读音保护","license":"GPL-3.0-or-later","review":"待按读音整理","blocked":true}
棓#bei	{"word":"棓","pinyin":"bei","short":[],"senses":[],"note":"这个词有多个读音，当前读音尚未完成英语词义整理。请输入完整词组；不自动套用其他读音的释义。","source":"词伴 · 多读音保护","license":"GPL-3.0-or-later","review":"待按读音整理","blocked":true}
棱#leng	{"word":"棱","pinyin":"leng","short":[],"senses":[],"note":"这个词有多个读音，当前读音尚未完成英语词义整理。请输入完整词组；不自动套用其他读音的释义。","source":"词伴 · 多读音保护","license":"GPL-3.0-or-later","review":"待按读音整理","blocked":true}
棱#ling	{"word":"棱","pinyin":"ling","short":[],"senses":[],"note":"这个词有多个读音，当前读音尚未完成英语词义整理。请输入完整词组；不自动套用其他读音的释义。","source":"词伴 · 多读音保护","license":"GPL-3.0-or-later","review":"待按读音整理","blocked":true}
椎#chui	{"word":"椎","pinyin":"chui","short":[],"senses":[],"note":"这个词有多个读音，当前读音尚未完成英语词义整理。请输入完整词组；不自动套用其他读音的释义。","source":"词伴 · 多读音保护","license":"GPL-3.0-or-later","review":"待按读音整理","blocked":true}
椎#zhui	{"word":"椎","pinyin":"zhui","short":[],"senses":[],"note":"这个词有多个读音，当前读音尚未完成英语词义整理。请输入完整词组；不自动套用其他读音的释义。","source":"词伴 · 多读音保护","license":"GPL-3.0-or-later","review":"待按读音整理","blocked":true}
椑#bei	{"word":"椑","pinyin":"bei","short":[],"senses":[],"note":"这个词有多个读音，当前读音尚未完成英语词义整理。请输入完整词组；不自动套用其他读音的释义。","source":"词伴 · 多读音保护","license":"GPL-3.0-or-later","review":"待按读音整理","blocked":true}
椑#pi	{"word":"椑","pinyin":"pi","short":[],"senses":[],"note":"这个词有多个读音，当前读音尚未完成英语词义整理。请输入完整词组；不自动套用其他读音的释义。","source":"词伴 · 多读音保护","license":"GPL-3.0-or-later","review":"待按读音整理","blocked":true}
椹#shen	{"word":"椹","pinyin":"shen","short":[],"senses":[],"note":"这个词有多个读音，当前读音尚未完成英语词义整理。请输入完整词组；不自动套用其他读音的释义。","source":"词伴 · 多读音保护","license":"GPL-3.0-or-later","review":"待按读音整理","blocked":true}
椹#zhen	{"word":"椹","pinyin":"zhen","short":[],"senses":[],"note":"这个词有多个读音，当前读音尚未完成英语词义整理。请输入完整词组；不自动套用其他读音的释义。","source":"词伴 · 多读音保护","license":"GPL-3.0-or-later","review":"待按读音整理","blocked":true}
楂#cha	{"word":"楂","pinyin":"cha","short":[],"senses":[],"note":"这个词有多个读音，当前读音尚未完成英语词义整理。请输入完整词组；不自动套用其他读音的释义。","source":"词伴 · 多读音保护","license":"GPL-3.0-or-later","review":"待按读音整理","blocked":true}
楂#zha	{"word":"楂","pinyin":"zha","short":[],"senses":[],"note":"这个词有多个读音，当前读音尚未完成英语词义整理。请输入完整词组；不自动套用其他读音的释义。","source":"词伴 · 多读音保护","license":"GPL-3.0-or-later","review":"待按读音整理","blocked":true}
楯#dun	{"word":"楯","pinyin":"dun","short":[],"senses":[],"note":"这个词有多个读音，当前读音尚未完成英语词义整理。请输入完整词组；不自动套用其他读音的释义。","source":"词伴 · 多读音保护","license":"GPL-3.0-or-later","review":"待按读音整理","blocked":true}
楯#shun	{"word":"楯","pinyin":"shun","short":[],"senses":[],"note":"这个词有多个读音，当前读音尚未完成英语词义整理。请输入完整词组；不自动套用其他读音的释义。","source":"词伴 · 多读音保护","license":"GPL-3.0-or-later","review":"待按读音整理","blocked":true}
楷#jie	{"word":"楷","pinyin":"jie","short":[],"senses":[],"note":"这个词有多个读音，当前读音尚未完成英语词义整理。请输入完整词组；不自动套用其他读音的释义。","source":"词伴 · 多读音保护","license":"GPL-3.0-or-later","review":"待按读音整理","blocked":true}
楷#kai	{"word":"楷","pinyin":"kai","short":[],"senses":[],"note":"这个词有多个读音，当前读音尚未完成英语词义整理。请输入完整词组；不自动套用其他读音的释义。","source":"词伴 · 多读音保护","license":"GPL-3.0-or-later","review":"待按读音整理","blocked":true}
榜#bang	{"word":"榜","pinyin":"bang","short":[],"senses":[],"note":"这个词有多个读音，当前读音尚未完成英语词义整理。请输入完整词组；不自动套用其他读音的释义。","source":"词伴 · 多读音保护","license":"GPL-3.0-or-later","review":"待按读音整理","blocked":true}
榜#peng	{"word":"榜","pinyin":"peng","short":[],"senses":[],"note":"这个词有多个读音，当前读音尚未完成英语词义整理。请输入完整词组；不自动套用其他读音的释义。","source":"词伴 · 多读音保护","license":"GPL-3.0-or-later","review":"待按读音整理","blocked":true}
槛#jian	{"word":"槛","pinyin":"jian","short":[],"senses":[],"note":"这个词有多个读音，当前读音尚未完成英语词义整理。请输入完整词组；不自动套用其他读音的释义。","source":"词伴 · 多读音保护","license":"GPL-3.0-or-later","review":"待按读音整理","blocked":true}
槛#kan	{"word":"槛","pinyin":"kan","short":[],"senses":[],"note":"这个词有多个读音，当前读音尚未完成英语词义整理。请输入完整词组；不自动套用其他读音的释义。","source":"词伴 · 多读音保护","license":"GPL-3.0-or-later","review":"待按读音整理","blocked":true}
槟#bin	{"word":"槟","pinyin":"bin","short":[],"senses":[],"note":"这个词有多个读音，当前读音尚未完成英语词义整理。请输入完整词组；不自动套用其他读音的释义。","source":"词伴 · 多读音保护","license":"GPL-3.0-or-later","review":"待按读音整理","blocked":true}
槟#bing	{"word":"槟","pinyin":"bing","short":[],"senses":[],"note":"这个词有多个读音，当前读音尚未完成英语词义整理。请输入完整词组；不自动套用其他读音的释义。","source":"词伴 · 多读音保护","license":"GPL-3.0-or-later","review":"待按读音整理","blocked":true}
模#mo	{"word":"模","pinyin":"mo","short":[],"senses":[],"note":"这个词有多个读音，当前读音尚未完成英语词义整理。请输入完整词组；不自动套用其他读音的释义。","source":"词伴 · 多读音保护","license":"GPL-3.0-or-later","review":"待按读音整理","blocked":true}
模#mu	{"word":"模","pinyin":"mu","short":[],"senses":[],"note":"这个词有多个读音，当前读音尚未完成英语词义整理。请输入完整词组；不自动套用其他读音的释义。","source":"词伴 · 多读音保护","license":"GPL-3.0-or-later","review":"待按读音整理","blocked":true}
橙#chen	{"word":"橙","pinyin":"chen","short":[],"senses":[],"note":"这个词有多个读音，当前读音尚未完成英语词义整理。请输入完整词组；不自动套用其他读音的释义。","source":"词伴 · 多读音保护","license":"GPL-3.0-or-later","review":"待按读音整理","blocked":true}
橙#cheng	{"word":"橙","pinyin":"cheng","short":[],"senses":[],"note":"这个词有多个读音，当前读音尚未完成英语词义整理。请输入完整词组；不自动套用其他读音的释义。","source":"词伴 · 多读音保护","license":"GPL-3.0-or-later","review":"待按读音整理","blocked":true}
次长#ci chang	{"word":"次长","pinyin":"ci chang","short":[],"senses":[],"note":"这个词有多个读音，当前读音尚未完成英语词义整理。请输入完整词组；不自动套用其他读音的释义。","source":"词伴 · 多读音保护","license":"GPL-3.0-or-later","review":"待按读音整理","blocked":true}
次长#ci zhang	{"word":"次长","pinyin":"ci zhang","short":[],"senses":[],"note":"这个词有多个读音，当前读音尚未完成英语词义整理。请输入完整词组；不自动套用其他读音的释义。","source":"词伴 · 多读音保护","license":"GPL-3.0-or-later","review":"待按读音整理","blocked":true}
欸#ai	{"word":"欸","pinyin":"ai","short":[],"senses":[],"note":"这个词有多个读音，当前读音尚未完成英语词义整理。请输入完整词组；不自动套用其他读音的释义。","source":"词伴 · 多读音保护","license":"GPL-3.0-or-later","review":"待按读音整理","blocked":true}
欸#ei	{"word":"欸","pinyin":"ei","short":[],"senses":[],"note":"这个词有多个读音，当前读音尚未完成英语词义整理。请输入完整词组；不自动套用其他读音的释义。","source":"词伴 · 多读音保护","license":"GPL-3.0-or-later","review":"待按读音整理","blocked":true}
欻#chua	{"word":"欻","pinyin":"chua","short":[],"senses":[],"note":"这个词有多个读音，当前读音尚未完成英语词义整理。请输入完整词组；不自动套用其他读音的释义。","source":"词伴 · 多读音保护","license":"GPL-3.0-or-later","review":"待按读音整理","blocked":true}
欻#xu	{"word":"欻","pinyin":"xu","short":[],"senses":[],"note":"这个词有多个读音，当前读音尚未完成英语词义整理。请输入完整词组；不自动套用其他读音的释义。","source":"词伴 · 多读音保护","license":"GPL-3.0-or-later","review":"待按读音整理","blocked":true}
歙#she	{"word":"歙","pinyin":"she","short":[],"senses":[],"note":"这个词有多个读音，当前读音尚未完成英语词义整理。请输入完整词组；不自动套用其他读音的释义。","source":"词伴 · 多读音保护","license":"GPL-3.0-or-later","review":"待按读音整理","blocked":true}
歙#xi	{"word":"歙","pinyin":"xi","short":[],"senses":[],"note":"这个词有多个读音，当前读音尚未完成英语词义整理。请输入完整词组；不自动套用其他读音的释义。","source":"词伴 · 多读音保护","license":"GPL-3.0-or-later","review":"待按读音整理","blocked":true}
正传#zheng chuan	{"word":"正传","pinyin":"zheng chuan","short":[],"senses":[],"note":"这个词有多个读音，当前读音尚未完成英语词义整理。请输入完整词组；不自动套用其他读音的释义。","source":"词伴 · 多读音保护","license":"GPL-3.0-or-later","review":"待按读音整理","blocked":true}
正传#zheng zhuan	{"word":"正传","pinyin":"zheng zhuan","short":[],"senses":[],"note":"这个词有多个读音，当前读音尚未完成英语词义整理。请输入完整词组；不自动套用其他读音的释义。","source":"词伴 · 多读音保护","license":"GPL-3.0-or-later","review":"待按读音整理","blocked":true}
殖#shi	{"word":"殖","pinyin":"shi","short":[],"senses":[],"note":"这个词有多个读音，当前读音尚未完成英语词义整理。请输入完整词组；不自动套用其他读音的释义。","source":"词伴 · 多读音保护","license":"GPL-3.0-or-later","review":"待按读音整理","blocked":true}
殖#zhi	{"word":"殖","pinyin":"zhi","short":[],"senses":[],"note":"这个词有多个读音，当前读音尚未完成英语词义整理。请输入完整词组；不自动套用其他读音的释义。","source":"词伴 · 多读音保护","license":"GPL-3.0-or-later","review":"待按读音整理","blocked":true}
段长#duan chang	{"word":"段长","pinyin":"duan chang","short":[],"senses":[],"note":"这个词有多个读音，当前读音尚未完成英语词义整理。请输入完整词组；不自动套用其他读音的释义。","source":"词伴 · 多读音保护","license":"GPL-3.0-or-later","review":"待按读音整理","blocked":true}
段长#duan zhang	{"word":"段长","pinyin":"duan zhang","short":[],"senses":[],"note":"这个词有多个读音，当前读音尚未完成英语词义整理。请输入完整词组；不自动套用其他读音的释义。","source":"词伴 · 多读音保护","license":"GPL-3.0-or-later","review":"待按读音整理","blocked":true}
殷#yan	{"word":"殷","pinyin":"yan","short":[],"senses":[],"note":"这个词有多个读音，当前读音尚未完成英语词义整理。请输入完整词组；不自动套用其他读音的释义。","source":"词伴 · 多读音保护","license":"GPL-3.0-or-later","review":"待按读音整理","blocked":true}
殷#yin	{"word":"殷","pinyin":"yin","short":[],"senses":[],"note":"这个词有多个读音，当前读音尚未完成英语词义整理。请输入完整词组；不自动套用其他读音的释义。","source":"词伴 · 多读音保护","license":"GPL-3.0-or-later","review":"待按读音整理","blocked":true}
毛呢#mao ne	{"word":"毛呢","pinyin":"mao ne","short":[],"senses":[],"note":"这个词有多个读音，当前读音尚未完成英语词义整理。请输入完整词组；不自动套用其他读音的释义。","source":"词伴 · 多读音保护","license":"GPL-3.0-or-later","review":"待按读音整理","blocked":true}
毛呢#mao ni	{"word":"毛呢","pinyin":"mao ni","short":[],"senses":[],"note":"这个词有多个读音，当前读音尚未完成英语词义整理。请输入完整词组；不自动套用其他读音的释义。","source":"词伴 · 多读音保护","license":"GPL-3.0-or-later","review":"待按读音整理","blocked":true}
氏#shi	{"word":"氏","pinyin":"shi","short":[],"senses":[],"note":"这个词有多个读音，当前读音尚未完成英语词义整理。请输入完整词组；不自动套用其他读音的释义。","source":"词伴 · 多读音保护","license":"GPL-3.0-or-later","review":"待按读音整理","blocked":true}
氏#zhi	{"word":"氏","pinyin":"zhi","short":[],"senses":[],"note":"这个词有多个读音，当前读音尚未完成英语词义整理。请输入完整词组；不自动套用其他读音的释义。","source":"词伴 · 多读音保护","license":"GPL-3.0-or-later","review":"待按读音整理","blocked":true}
氓#mang	{"word":"氓","pinyin":"mang","short":[],"senses":[],"note":"这个词有多个读音，当前读音尚未完成英语词义整理。请输入完整词组；不自动套用其他读音的释义。","source":"词伴 · 多读音保护","license":"GPL-3.0-or-later","review":"待按读音整理","blocked":true}
氓#meng	{"word":"氓","pinyin":"meng","short":[],"senses":[],"note":"这个词有多个读音，当前读音尚未完成英语词义整理。请输入完整词组；不自动套用其他读音的释义。","source":"词伴 · 多读音保护","license":"GPL-3.0-or-later","review":"待按读音整理","blocked":true}
水#shui	{"word":"水","pinyin":"shui","short":["water"],"senses":[{"text":"water","pos":"名词","lemma":"water"}],"countability":"通常不可数","forms":"","note":"一杯水：a glass of water。","example":"Could I have some water?","source":"词伴 · AI 英语学习整理","license":"GPL-3.0-or-later","review":"未独立英语编辑校审"}
氿#gui	{"word":"氿","pinyin":"gui","short":[],"senses":[],"note":"这个词有多个读音，当前读音尚未完成英语词义整理。请输入完整词组；不自动套用其他读音的释义。","source":"词伴 · 多读音保护","license":"GPL-3.0-or-later","review":"待按读音整理","blocked":true}
氿#jiu	{"word":"氿","pinyin":"jiu","short":[],"senses":[],"note":"这个词有多个读音，当前读音尚未完成英语词义整理。请输入完整词组；不自动套用其他读音的释义。","source":"词伴 · 多读音保护","license":"GPL-3.0-or-later","review":"待按读音整理","blocked":true}
汤#shang	{"word":"汤","pinyin":"shang","short":[],"senses":[],"note":"这个词有多个读音，当前读音尚未完成英语词义整理。请输入完整词组；不自动套用其他读音的释义。","source":"词伴 · 多读音保护","license":"GPL-3.0-or-later","review":"待按读音整理","blocked":true}
汤#tang	{"word":"汤","pinyin":"tang","short":[],"senses":[],"note":"这个词有多个读音，当前读音尚未完成英语词义整理。请输入完整词组；不自动套用其他读音的释义。","source":"词伴 · 多读音保护","license":"GPL-3.0-or-later","review":"待按读音整理","blocked":true}
沈#chen	{"word":"沈","pinyin":"chen","short":[],"senses":[],"note":"这个词有多个读音，当前读音尚未完成英语词义整理。请输入完整词组；不自动套用其他读音的释义。","source":"词伴 · 多读音保护","license":"GPL-3.0-or-later","review":"待按读音整理","blocked":true}
沈#shen	{"word":"沈","pinyin":"shen","short":[],"senses":[],"note":"这个词有多个读音，当前读音尚未完成英语词义整理。请输入完整词组；不自动套用其他读音的释义。","source":"词伴 · 多读音保护","license":"GPL-3.0-or-later","review":"待按读音整理","blocked":true}
沌#dun	{"word":"沌","pinyin":"dun","short":[],"senses":[],"note":"这个词有多个读音，当前读音尚未完成英语词义整理。请输入完整词组；不自动套用其他读音的释义。","source":"词伴 · 多读音保护","license":"GPL-3.0-or-later","review":"待按读音整理","blocked":true}
沌#zhuan	{"word":"沌","pinyin":"zhuan","short":[],"senses":[],"note":"这个词有多个读音，当前读音尚未完成英语词义整理。请输入完整词组；不自动套用其他读音的释义。","source":"词伴 · 多读音保护","license":"GPL-3.0-or-later","review":"待按读音整理","blocked":true}
沓#da	{"word":"沓","pinyin":"da","short":[],"senses":[],"note":"这个词有多个读音，当前读音尚未完成英语词义整理。请输入完整词组；不自动套用其他读音的释义。","source":"词伴 · 多读音保护","license":"GPL-3.0-or-later","review":"待按读音整理","blocked":true}
沓#ta	{"word":"沓","pinyin":"ta","short":[],"senses":[],"note":"这个词有多个读音，当前读音尚未完成英语词义整理。请输入完整词组；不自动套用其他读音的释义。","source":"词伴 · 多读音保护","license":"GPL-3.0-or-later","review":"待按读音整理","blocked":true}
沙参#sha can	{"word":"沙参","pinyin":"sha can","short":[],"senses":[],"note":"这个词有多个读音，当前读音尚未完成英语词义整理。请输入完整词组；不自动套用其他读音的释义。","source":"词伴 · 多读音保护","license":"GPL-3.0-or-later","review":"待按读音整理","blocked":true}
沙参#sha shen	{"word":"沙参","pinyin":"sha shen","short":[],"senses":[],"note":"这个词有多个读音，当前读音尚未完成英语词义整理。请输入完整词组；不自动套用其他读音的释义。","source":"词伴 · 多读音保护","license":"GPL-3.0-or-later","review":"待按读音整理","blocked":true}
没#mei	{"word":"没","pinyin":"mei","short":["not have","did not"],"senses":[{"text":"not have","pos":"动词 / 动词短语"},{"text":"did not","pos":"会话表达 / 短语"}],"note":"否定拥有或已发生动作；完整英文句子需调整助动词和时态。","source":"词伴 · AI 英语学习整理","license":"GPL-3.0-or-later","review":"未独立英语编辑校审"}
没#mo	{"word":"没","pinyin":"mo","short":["submerge"],"senses":[{"text":"submerge","pos":"动词 / 动词短语","lemma":"submerge"}],"note":"淹没、沉没等词组；不是否定词 mei。","source":"词伴 · AI 英语学习整理","license":"GPL-3.0-or-later","review":"未独立英语编辑校审"}
没事#mei shi	{"word":"没事","pinyin":"mei shi","short":["it's okay","nothing happened"],"senses":[{"text":"it's okay","pos":"会话表达 / 短语"},{"text":"nothing happened","pos":"会话表达 / 短语"}],"note":"安慰回应与说明没发生事情不同。","example":"It's okay. Don't worry.","source":"词伴 · AI 英语学习整理","license":"GPL-3.0-or-later","review":"未独立英语编辑校审"}
没奈何#mei nai he	{"word":"没奈何","pinyin":"mei nai he","short":[],"senses":[],"note":"这个词有多个读音，当前读音尚未完成英语词义整理。请输入完整词组；不自动套用其他读音的释义。","source":"词伴 · 多读音保护","license":"GPL-3.0-or-later","review":"待按读音整理","blocked":true}
没奈何#mo nai he	{"word":"没奈何","pinyin":"mo nai he","short":[],"senses":[],"note":"这个词有多个读音，当前读音尚未完成英语词义整理。请输入完整词组；不自动套用其他读音的释义。","source":"词伴 · 多读音保护","license":"GPL-3.0-or-later","review":"待按读音整理","blocked":true}
没时间#mei shi jian	{"word":"没时间","pinyin":"mei shi jian","short":["have no time"],"senses":[{"text":"have no time","pos":"会话表达 / 短语"}],"note":"也可用 don't have time。","example":"I don't have time today.","source":"词伴 · AI 英语学习整理","license":"GPL-3.0-or-later","review":"未独立英语编辑校审"}
没着落#mei zhao luo	{"word":"没着落","pinyin":"mei zhao luo","short":[],"senses":[],"note":"这个词有多个读音，当前读音尚未完成英语词义整理。请输入完整词组；不自动套用其他读音的释义。","source":"词伴 · 多读音保护","license":"GPL-3.0-or-later","review":"待按读音整理","blocked":true}
没着落#mei zhuo luo	{"word":"没着落","pinyin":"mei zhuo luo","short":[],"senses":[],"note":"这个词有多个读音，当前读音尚未完成英语词义整理。请输入完整词组；不自动套用其他读音的释义。","source":"词伴 · 多读音保护","license":"GPL-3.0-or-later","review":"待按读音整理","blocked":true}
没问题#mei wen ti	{"word":"没问题","pinyin":"mei wen ti","short":["no problem"],"senses":[{"text":"no problem","pos":"会话表达 / 短语"}],"note":"回应请求或说明没有问题。","example":"No problem.","source":"词伴 · AI 英语学习整理","license":"GPL-3.0-or-later","review":"未独立英语编辑校审"}
泄露#xie lou	{"word":"泄露","pinyin":"xie lou","short":[],"senses":[],"note":"这个词有多个读音，当前读音尚未完成英语词义整理。请输入完整词组；不自动套用其他读音的释义。","source":"词伴 · 多读音保护","license":"GPL-3.0-or-later","review":"待按读音整理","blocked":true}
泄露#xie lu	{"word":"泄露","pinyin":"xie lu","short":[],"senses":[],"note":"这个词有多个读音，当前读音尚未完成英语词义整理。请输入完整词组；不自动套用其他读音的释义。","source":"词伴 · 多读音保护","license":"GPL-3.0-or-later","review":"待按读音整理","blocked":true}
泊#bo	{"word":"泊","pinyin":"bo","short":[],"senses":[],"note":"这个词有多个读音，当前读音尚未完成英语词义整理。请输入完整词组；不自动套用其他读音的释义。","source":"词伴 · 多读音保护","license":"GPL-3.0-or-later","review":"待按读音整理","blocked":true}
泊#po	{"word":"泊","pinyin":"po","short":[],"senses":[],"note":"这个词有多个读音，当前读音尚未完成英语词义整理。请输入完整词组；不自动套用其他读音的释义。","source":"词伴 · 多读音保护","license":"GPL-3.0-or-later","review":"待按读音整理","blocked":true}
泌#bi	{"word":"泌","pinyin":"bi","short":[],"senses":[],"note":"这个词有多个读音，当前读音尚未完成英语词义整理。请输入完整词组；不自动套用其他读音的释义。","source":"词伴 · 多读音保护","license":"GPL-3.0-or-later","review":"待按读音整理","blocked":true}
泌#mi	{"word":"泌","pinyin":"mi","short":[],"senses":[],"note":"这个词有多个读音，当前读音尚未完成英语词义整理。请输入完整词组；不自动套用其他读音的释义。","source":"词伴 · 多读音保护","license":"GPL-3.0-or-later","review":"待按读音整理","blocked":true}
泷#long	{"word":"泷","pinyin":"long","short":[],"senses":[],"note":"这个词有多个读音，当前读音尚未完成英语词义整理。请输入完整词组；不自动套用其他读音的释义。","source":"词伴 · 多读音保护","license":"GPL-3.0-or-later","review":"待按读音整理","blocked":true}
泷#shuang	{"word":"泷","pinyin":"shuang","short":[],"senses":[],"note":"这个词有多个读音，当前读音尚未完成英语词义整理。请输入完整词组；不自动套用其他读音的释义。","source":"词伴 · 多读音保护","license":"GPL-3.0-or-later","review":"待按读音整理","blocked":true}
泺#luo	{"word":"泺","pinyin":"luo","short":[],"senses":[],"note":"这个词有多个读音，当前读音尚未完成英语词义整理。请输入完整词组；不自动套用其他读音的释义。","source":"词伴 · 多读音保护","license":"GPL-3.0-or-later","review":"待按读音整理","blocked":true}
泺#po	{"word":"泺","pinyin":"po","short":[],"senses":[],"note":"这个词有多个读音，当前读音尚未完成英语词义整理。请输入完整词组；不自动套用其他读音的释义。","source":"词伴 · 多读音保护","license":"GPL-3.0-or-later","review":"待按读音整理","blocked":true}
洒#sa	{"word":"洒","pinyin":"sa","short":[],"senses":[],"note":"这个词有多个读音，当前读音尚未完成英语词义整理。请输入完整词组；不自动套用其他读音的释义。","source":"词伴 · 多读音保护","license":"GPL-3.0-or-later","review":"待按读音整理","blocked":true}
洒#xi	{"word":"洒","pinyin":"xi","short":[],"senses":[],"note":"这个词有多个读音，当前读音尚未完成英语词义整理。请输入完整词组；不自动套用其他读音的释义。","source":"词伴 · 多读音保护","license":"GPL-3.0-or-later","review":"待按读音整理","blocked":true}
洗#xi	{"word":"洗","pinyin":"xi","short":["wash"],"senses":[{"text":"wash","pos":"动词 / 动词短语","lemma":"wash"}],"note":"洗衣、洗澡等需具体搭配；不把其他罕见读音套作 wash。","source":"词伴 · AI 英语学习整理","license":"GPL-3.0-or-later","review":"未独立英语编辑校审"}
洗#xian	{"word":"洗","pinyin":"xian","short":[],"senses":[],"note":"这个词有多个读音，当前读音尚未完成英语词义整理。请输入完整词组；不自动套用其他读音的释义。","source":"词伴 · 多读音保护","license":"GPL-3.0-or-later","review":"待按读音整理","blocked":true}
洗手间在哪里#xi shou jian zai na li	{"word":"洗手间在哪里","pinyin":"xi shou jian zai na li","short":["where is the restroom?"],"senses":[{"text":"where is the restroom?","pos":"会话表达 / 短语"}],"note":"英式也常说 Where are the toilets?","example":"Excuse me, where is the restroom?","source":"词伴 · AI 英语学习整理","license":"GPL-3.0-or-later","review":"未独立英语编辑校审"}
派#pa	{"word":"派","pinyin":"pa","short":[],"senses":[],"note":"这个词有多个读音，当前读音尚未完成英语词义整理。请输入完整词组；不自动套用其他读音的释义。","source":"词伴 · 多读音保护","license":"GPL-3.0-or-later","review":"待按读音整理","blocked":true}
派#pai	{"word":"派","pinyin":"pai","short":["group","send"],"senses":[{"text":"group","pos":"名词","lemma":"group"},{"text":"send","pos":"动词 / 动词短语","lemma":"send"}],"note":"派别与派遣；词组决定实际译法。","source":"词伴 · AI 英语学习整理","license":"GPL-3.0-or-later","review":"未独立英语编辑校审"}
浅#jian	{"word":"浅","pinyin":"jian","short":[],"senses":[],"note":"这个词有多个读音，当前读音尚未完成英语词义整理。请输入完整词组；不自动套用其他读音的释义。","source":"词伴 · 多读音保护","license":"GPL-3.0-or-later","review":"待按读音整理","blocked":true}
浅#qian	{"word":"浅","pinyin":"qian","short":[],"senses":[],"note":"这个词有多个读音，当前读音尚未完成英语词义整理。请输入完整词组；不自动套用其他读音的释义。","source":"词伴 · 多读音保护","license":"GPL-3.0-or-later","review":"待按读音整理","blocked":true}
浍#hui	{"word":"浍","pinyin":"hui","short":[],"senses":[],"note":"这个词有多个读音，当前读音尚未完成英语词义整理。请输入完整词组；不自动套用其他读音的释义。","source":"词伴 · 多读音保护","license":"GPL-3.0-or-later","review":"待按读音整理","blocked":true}
浍#kuai	{"word":"浍","pinyin":"kuai","short":[],"senses":[],"note":"这个词有多个读音，当前读音尚未完成英语词义整理。请输入完整词组；不自动套用其他读音的释义。","source":"词伴 · 多读音保护","license":"GPL-3.0-or-later","review":"待按读音整理","blocked":true}
浒#hu	{"word":"浒","pinyin":"hu","short":[],"senses":[],"note":"这个词有多个读音，当前读音尚未完成英语词义整理。请输入完整词组；不自动套用其他读音的释义。","source":"词伴 · 多读音保护","license":"GPL-3.0-or-later","review":"待按读音整理","blocked":true}
浒#xu	{"word":"浒","pinyin":"xu","short":[],"senses":[],"note":"这个词有多个读音，当前读音尚未完成英语词义整理。请输入完整词组；不自动套用其他读音的释义。","source":"词伴 · 多读音保护","license":"GPL-3.0-or-later","review":"待按读音整理","blocked":true}
浚#jun	{"word":"浚","pinyin":"jun","short":[],"senses":[],"note":"这个词有多个读音，当前读音尚未完成英语词义整理。请输入完整词组；不自动套用其他读音的释义。","source":"词伴 · 多读音保护","license":"GPL-3.0-or-later","review":"待按读音整理","blocked":true}
浚#xun	{"word":"浚","pinyin":"xun","short":[],"senses":[],"note":"这个词有多个读音，当前读音尚未完成英语词义整理。请输入完整词组；不自动套用其他读音的释义。","source":"词伴 · 多读音保护","license":"GPL-3.0-or-later","review":"待按读音整理","blocked":true}
浬#hai	{"word":"浬","pinyin":"hai","short":[],"senses":[],"note":"这个词有多个读音，当前读音尚未完成英语词义整理。请输入完整词组；不自动套用其他读音的释义。","source":"词伴 · 多读音保护","license":"GPL-3.0-or-later","review":"待按读音整理","blocked":true}
浬#li	{"word":"浬","pinyin":"li","short":[],"senses":[],"note":"这个词有多个读音，当前读音尚未完成英语词义整理。请输入完整词组；不自动套用其他读音的释义。","source":"词伴 · 多读音保护","license":"GPL-3.0-or-later","review":"待按读音整理","blocked":true}
涌#chong	{"word":"涌","pinyin":"chong","short":[],"senses":[],"note":"这个词有多个读音，当前读音尚未完成英语词义整理。请输入完整词组；不自动套用其他读音的释义。","source":"词伴 · 多读音保护","license":"GPL-3.0-or-later","review":"待按读音整理","blocked":true}
涌#yong	{"word":"涌","pinyin":"yong","short":[],"senses":[],"note":"这个词有多个读音，当前读音尚未完成英语词义整理。请输入完整词组；不自动套用其他读音的释义。","source":"词伴 · 多读音保护","license":"GPL-3.0-or-later","review":"待按读音整理","blocked":true}
涡#guo	{"word":"涡","pinyin":"guo","short":[],"senses":[],"note":"这个词有多个读音，当前读音尚未完成英语词义整理。请输入完整词组；不自动套用其他读音的释义。","source":"词伴 · 多读音保护","license":"GPL-3.0-or-later","review":"待按读音整理","blocked":true}
涡#wo	{"word":"涡","pinyin":"wo","short":[],"senses":[],"note":"这个词有多个读音，当前读音尚未完成英语词义整理。请输入完整词组；不自动套用其他读音的释义。","source":"词伴 · 多读音保护","license":"GPL-3.0-or-later","review":"待按读音整理","blocked":true}
涴#wo	{"word":"涴","pinyin":"wo","short":[],"senses":[],"note":"这个词有多个读音，当前读音尚未完成英语词义整理。请输入完整词组；不自动套用其他读音的释义。","source":"词伴 · 多读音保护","license":"GPL-3.0-or-later","review":"待按读音整理","blocked":true}
涴#yuan	{"word":"涴","pinyin":"yuan","short":[],"senses":[],"note":"这个词有多个读音，当前读音尚未完成英语词义整理。请输入完整词组；不自动套用其他读音的释义。","source":"词伴 · 多读音保护","license":"GPL-3.0-or-later","review":"待按读音整理","blocked":true}
淤血#yu xie	{"word":"淤血","pinyin":"yu xie","short":[],"senses":[],"note":"这个词有多个读音，当前读音尚未完成英语词义整理。请输入完整词组；不自动套用其他读音的释义。","source":"词伴 · 多读音保护","license":"GPL-3.0-or-later","review":"待按读音整理","blocked":true}
淤血#yu xue	{"word":"淤血","pinyin":"yu xue","short":[],"senses":[],"note":"这个词有多个读音，当前读音尚未完成英语词义整理。请输入完整词组；不自动套用其他读音的释义。","source":"词伴 · 多读音保护","license":"GPL-3.0-or-later","review":"待按读音整理","blocked":true}
渑#mian	{"word":"渑","pinyin":"mian","short":[],"senses":[],"note":"这个词有多个读音，当前读音尚未完成英语词义整理。请输入完整词组；不自动套用其他读音的释义。","source":"词伴 · 多读音保护","license":"GPL-3.0-or-later","review":"待按读音整理","blocked":true}
渑#sheng	{"word":"渑","pinyin":"sheng","short":[],"senses":[],"note":"这个词有多个读音，当前读音尚未完成英语词义整理。请输入完整词组；不自动套用其他读音的释义。","source":"词伴 · 多读音保护","license":"GPL-3.0-or-later","review":"待按读音整理","blocked":true}
湫#jiao	{"word":"湫","pinyin":"jiao","short":[],"senses":[],"note":"这个词有多个读音，当前读音尚未完成英语词义整理。请输入完整词组；不自动套用其他读音的释义。","source":"词伴 · 多读音保护","license":"GPL-3.0-or-later","review":"待按读音整理","blocked":true}
湫#qiu	{"word":"湫","pinyin":"qiu","short":[],"senses":[],"note":"这个词有多个读音，当前读音尚未完成英语词义整理。请输入完整词组；不自动套用其他读音的释义。","source":"词伴 · 多读音保护","license":"GPL-3.0-or-later","review":"待按读音整理","blocked":true}
湮#yan	{"word":"湮","pinyin":"yan","short":[],"senses":[],"note":"这个词有多个读音，当前读音尚未完成英语词义整理。请输入完整词组；不自动套用其他读音的释义。","source":"词伴 · 多读音保护","license":"GPL-3.0-or-later","review":"待按读音整理","blocked":true}
湮#yin	{"word":"湮","pinyin":"yin","short":[],"senses":[],"note":"这个词有多个读音，当前读音尚未完成英语词义整理。请输入完整词组；不自动套用其他读音的释义。","source":"词伴 · 多读音保护","license":"GPL-3.0-or-later","review":"待按读音整理","blocked":true}
溃#hui	{"word":"溃","pinyin":"hui","short":[],"senses":[],"note":"这个词有多个读音，当前读音尚未完成英语词义整理。请输入完整词组；不自动套用其他读音的释义。","source":"词伴 · 多读音保护","license":"GPL-3.0-or-later","review":"待按读音整理","blocked":true}
溃#kui	{"word":"溃","pinyin":"kui","short":[],"senses":[],"note":"这个词有多个读音，当前读音尚未完成英语词义整理。请输入完整词组；不自动套用其他读音的释义。","source":"词伴 · 多读音保护","license":"GPL-3.0-or-later","review":"待按读音整理","blocked":true}
溚#da	{"word":"溚","pinyin":"da","short":[],"senses":[],"note":"这个词有多个读音，当前读音尚未完成英语词义整理。请输入完整词组；不自动套用其他读音的释义。","source":"词伴 · 多读音保护","license":"GPL-3.0-or-later","review":"待按读音整理","blocked":true}
溚#ta	{"word":"溚","pinyin":"ta","short":[],"senses":[],"note":"这个词有多个读音，当前读音尚未完成英语词义整理。请输入完整词组；不自动套用其他读音的释义。","source":"词伴 · 多读音保护","license":"GPL-3.0-or-later","review":"待按读音整理","blocked":true}
溱#qin	{"word":"溱","pinyin":"qin","short":[],"senses":[],"note":"这个词有多个读音，当前读音尚未完成英语词义整理。请输入完整词组；不自动套用其他读音的释义。","source":"词伴 · 多读音保护","license":"GPL-3.0-or-later","review":"待按读音整理","blocked":true}
溱#zhen	{"word":"溱","pinyin":"zhen","short":[],"senses":[],"note":"这个词有多个读音，当前读音尚未完成英语词义整理。请输入完整词组；不自动套用其他读音的释义。","source":"词伴 · 多读音保护","license":"GPL-3.0-or-later","review":"待按读音整理","blocked":true}
溺#ni	{"word":"溺","pinyin":"ni","short":[],"senses":[],"note":"这个词有多个读音，当前读音尚未完成英语词义整理。请输入完整词组；不自动套用其他读音的释义。","source":"词伴 · 多读音保护","license":"GPL-3.0-or-later","review":"待按读音整理","blocked":true}
溺#niao	{"word":"溺","pinyin":"niao","short":[],"senses":[],"note":"这个词有多个读音，当前读音尚未完成英语词义整理。请输入完整词组；不自动套用其他读音的释义。","source":"词伴 · 多读音保护","license":"GPL-3.0-or-later","review":"待按读音整理","blocked":true}
漯#luo	{"word":"漯","pinyin":"luo","short":[],"senses":[],"note":"这个词有多个读音，当前读音尚未完成英语词义整理。请输入完整词组；不自动套用其他读音的释义。","source":"词伴 · 多读音保护","license":"GPL-3.0-or-later","review":"待按读音整理","blocked":true}
漯#ta	{"word":"漯","pinyin":"ta","short":[],"senses":[],"note":"这个词有多个读音，当前读音尚未完成英语词义整理。请输入完整词组；不自动套用其他读音的释义。","source":"词伴 · 多读音保护","license":"GPL-3.0-or-later","review":"待按读音整理","blocked":true}
潦#lao	{"word":"潦","pinyin":"lao","short":[],"senses":[],"note":"这个词有多个读音，当前读音尚未完成英语词义整理。请输入完整词组；不自动套用其他读音的释义。","source":"词伴 · 多读音保护","license":"GPL-3.0-or-later","review":"待按读音整理","blocked":true}
潦#liao	{"word":"潦","pinyin":"liao","short":[],"senses":[],"note":"这个词有多个读音，当前读音尚未完成英语词义整理。请输入完整词组；不自动套用其他读音的释义。","source":"词伴 · 多读音保护","license":"GPL-3.0-or-later","review":"待按读音整理","blocked":true}
澄#cheng	{"word":"澄","pinyin":"cheng","short":[],"senses":[],"note":"这个词有多个读音，当前读音尚未完成英语词义整理。请输入完整词组；不自动套用其他读音的释义。","source":"词伴 · 多读音保护","license":"GPL-3.0-or-later","review":"待按读音整理","blocked":true}
澄#deng	{"word":"澄","pinyin":"deng","short":[],"senses":[],"note":"这个词有多个读音，当前读音尚未完成英语词义整理。请输入完整词组；不自动套用其他读音的释义。","source":"词伴 · 多读音保护","license":"GPL-3.0-or-later","review":"待按读音整理","blocked":true}
澄清#cheng qing	{"word":"澄清","pinyin":"cheng qing","short":[],"senses":[],"note":"这个词有多个读音，当前读音尚未完成英语词义整理。请输入完整词组；不自动套用其他读音的释义。","source":"词伴 · 多读音保护","license":"GPL-3.0-or-later","review":"待按读音整理","blocked":true}
澄清#deng qing	{"word":"澄清","pinyin":"deng qing","short":[],"senses":[],"note":"这个词有多个读音，当前读音尚未完成英语词义整理。请输入完整词组；不自动套用其他读音的释义。","source":"词伴 · 多读音保护","license":"GPL-3.0-or-later","review":"待按读音整理","blocked":true}
澹#dan	{"word":"澹","pinyin":"dan","short":[],"senses":[],"note":"这个词有多个读音，当前读音尚未完成英语词义整理。请输入完整词组；不自动套用其他读音的释义。","source":"词伴 · 多读音保护","license":"GPL-3.0-or-later","review":"待按读音整理","blocked":true}
澹#tan	{"word":"澹","pinyin":"tan","short":[],"senses":[],"note":"这个词有多个读音，当前读音尚未完成英语词义整理。请输入完整词组；不自动套用其他读音的释义。","source":"词伴 · 多读音保护","license":"GPL-3.0-or-later","review":"待按读音整理","blocked":true}
瀑#bao	{"word":"瀑","pinyin":"bao","short":[],"senses":[],"note":"这个词有多个读音，当前读音尚未完成英语词义整理。请输入完整词组；不自动套用其他读音的释义。","source":"词伴 · 多读音保护","license":"GPL-3.0-or-later","review":"待按读音整理","blocked":true}
瀑#pu	{"word":"瀑","pinyin":"pu","short":[],"senses":[],"note":"这个词有多个读音，当前读音尚未完成英语词义整理。请输入完整词组；不自动套用其他读音的释义。","source":"词伴 · 多读音保护","license":"GPL-3.0-or-later","review":"待按读音整理","blocked":true}
炅#gui	{"word":"炅","pinyin":"gui","short":[],"senses":[],"note":"这个词有多个读音，当前读音尚未完成英语词义整理。请输入完整词组；不自动套用其他读音的释义。","source":"词伴 · 多读音保护","license":"GPL-3.0-or-later","review":"待按读音整理","blocked":true}
炅#jiong	{"word":"炅","pinyin":"jiong","short":[],"senses":[],"note":"这个词有多个读音，当前读音尚未完成英语词义整理。请输入完整词组；不自动套用其他读音的释义。","source":"词伴 · 多读音保护","license":"GPL-3.0-or-later","review":"待按读音整理","blocked":true}
炔#gui	{"word":"炔","pinyin":"gui","short":[],"senses":[],"note":"这个词有多个读音，当前读音尚未完成英语词义整理。请输入完整词组；不自动套用其他读音的释义。","source":"词伴 · 多读音保护","license":"GPL-3.0-or-later","review":"待按读音整理","blocked":true}
炔#que	{"word":"炔","pinyin":"que","short":[],"senses":[],"note":"这个词有多个读音，当前读音尚未完成英语词义整理。请输入完整词组；不自动套用其他读音的释义。","source":"词伴 · 多读音保护","license":"GPL-3.0-or-later","review":"待按读音整理","blocked":true}
炮#bao	{"word":"炮","pinyin":"bao","short":[],"senses":[],"note":"这个词有多个读音，当前读音尚未完成英语词义整理。请输入完整词组；不自动套用其他读音的释义。","source":"词伴 · 多读音保护","license":"GPL-3.0-or-later","review":"待按读音整理","blocked":true}
炮#pao	{"word":"炮","pinyin":"pao","short":[],"senses":[],"note":"这个词有多个读音，当前读音尚未完成英语词义整理。请输入完整词组；不自动套用其他读音的释义。","source":"词伴 · 多读音保护","license":"GPL-3.0-or-later","review":"待按读音整理","blocked":true}
烙#lao	{"word":"烙","pinyin":"lao","short":[],"senses":[],"note":"这个词有多个读音，当前读音尚未完成英语词义整理。请输入完整词组；不自动套用其他读音的释义。","source":"词伴 · 多读音保护","license":"GPL-3.0-or-later","review":"待按读音整理","blocked":true}
烙#luo	{"word":"烙","pinyin":"luo","short":[],"senses":[],"note":"这个词有多个读音，当前读音尚未完成英语词义整理。请输入完整词组；不自动套用其他读音的释义。","source":"词伴 · 多读音保护","license":"GPL-3.0-or-later","review":"待按读音整理","blocked":true}
烟#yan	{"word":"烟","pinyin":"yan","short":[],"senses":[],"note":"这个词有多个读音，当前读音尚未完成英语词义整理。请输入完整词组；不自动套用其他读音的释义。","source":"词伴 · 多读音保护","license":"GPL-3.0-or-later","review":"待按读音整理","blocked":true}
烟#yin	{"word":"烟","pinyin":"yin","short":[],"senses":[],"note":"这个词有多个读音，当前读音尚未完成英语词义整理。请输入完整词组；不自动套用其他读音的释义。","source":"词伴 · 多读音保护","license":"GPL-3.0-or-later","review":"待按读音整理","blocked":true}
热轧#re ya	{"word":"热轧","pinyin":"re ya","short":[],"senses":[],"note":"这个词有多个读音，当前读音尚未完成英语词义整理。请输入完整词组；不自动套用其他读音的释义。","source":"词伴 · 多读音保护","license":"GPL-3.0-or-later","review":"待按读音整理","blocked":true}
热轧#re zha	{"word":"热轧","pinyin":"re zha","short":[],"senses":[],"note":"这个词有多个读音，当前读音尚未完成英语词义整理。请输入完整词组；不自动套用其他读音的释义。","source":"词伴 · 多读音保护","license":"GPL-3.0-or-later","review":"待按读音整理","blocked":true}
焌#jun	{"word":"焌","pinyin":"jun","short":[],"senses":[],"note":"这个词有多个读音，当前读音尚未完成英语词义整理。请输入完整词组；不自动套用其他读音的释义。","source":"词伴 · 多读音保护","license":"GPL-3.0-or-later","review":"待按读音整理","blocked":true}
焌#qu	{"word":"焌","pinyin":"qu","short":[],"senses":[],"note":"这个词有多个读音，当前读音尚未完成英语词义整理。请输入完整词组；不自动套用其他读音的释义。","source":"词伴 · 多读音保护","license":"GPL-3.0-or-later","review":"待按读音整理","blocked":true}
焘#dao	{"word":"焘","pinyin":"dao","short":[],"senses":[],"note":"这个词有多个读音，当前读音尚未完成英语词义整理。请输入完整词组；不自动套用其他读音的释义。","source":"词伴 · 多读音保护","license":"GPL-3.0-or-later","review":"待按读音整理","blocked":true}
焘#tao	{"word":"焘","pinyin":"tao","short":[],"senses":[],"note":"这个词有多个读音，当前读音尚未完成英语词义整理。请输入完整词组；不自动套用其他读音的释义。","source":"词伴 · 多读音保护","license":"GPL-3.0-or-later","review":"待按读音整理","blocked":true}
焯#chao	{"word":"焯","pinyin":"chao","short":[],"senses":[],"note":"这个词有多个读音，当前读音尚未完成英语词义整理。请输入完整词组；不自动套用其他读音的释义。","source":"词伴 · 多读音保护","license":"GPL-3.0-or-later","review":"待按读音整理","blocked":true}
焯#zhuo	{"word":"焯","pinyin":"zhuo","short":[],"senses":[],"note":"这个词有多个读音，当前读音尚未完成英语词义整理。请输入完整词组；不自动套用其他读音的释义。","source":"词伴 · 多读音保护","license":"GPL-3.0-or-later","review":"待按读音整理","blocked":true}
熟#shou	{"word":"熟","pinyin":"shou","short":[],"senses":[],"note":"这个词有多个读音，当前读音尚未完成英语词义整理。请输入完整词组；不自动套用其他读音的释义。","source":"词伴 · 多读音保护","license":"GPL-3.0-or-later","review":"待按读音整理","blocked":true}
熟#shu	{"word":"熟","pinyin":"shu","short":[],"senses":[],"note":"这个词有多个读音，当前读音尚未完成英语词义整理。请输入完整词组；不自动套用其他读音的释义。","source":"词伴 · 多读音保护","license":"GPL-3.0-or-later","review":"待按读音整理","blocked":true}
熨#yu	{"word":"熨","pinyin":"yu","short":[],"senses":[],"note":"这个词有多个读音，当前读音尚未完成英语词义整理。请输入完整词组；不自动套用其他读音的释义。","source":"词伴 · 多读音保护","license":"GPL-3.0-or-later","review":"待按读音整理","blocked":true}
熨#yun	{"word":"熨","pinyin":"yun","short":[],"senses":[],"note":"这个词有多个读音，当前读音尚未完成英语词义整理。请输入完整词组；不自动套用其他读音的释义。","source":"词伴 · 多读音保护","license":"GPL-3.0-or-later","review":"待按读音整理","blocked":true}
熨烫#yu tang	{"word":"熨烫","pinyin":"yu tang","short":[],"senses":[],"note":"这个词有多个读音，当前读音尚未完成英语词义整理。请输入完整词组；不自动套用其他读音的释义。","source":"词伴 · 多读音保护","license":"GPL-3.0-or-later","review":"待按读音整理","blocked":true}
熨烫#yun tang	{"word":"熨烫","pinyin":"yun tang","short":[],"senses":[],"note":"这个词有多个读音，当前读音尚未完成英语词义整理。请输入完整词组；不自动套用其他读音的释义。","source":"词伴 · 多读音保护","license":"GPL-3.0-or-later","review":"待按读音整理","blocked":true}
爪#zhao	{"word":"爪","pinyin":"zhao","short":[],"senses":[],"note":"这个词有多个读音，当前读音尚未完成英语词义整理。请输入完整词组；不自动套用其他读音的释义。","source":"词伴 · 多读音保护","license":"GPL-3.0-or-later","review":"待按读音整理","blocked":true}
爪#zhua	{"word":"爪","pinyin":"zhua","short":[],"senses":[],"note":"这个词有多个读音，当前读音尚未完成英语词义整理。请输入完整词组；不自动套用其他读音的释义。","source":"词伴 · 多读音保护","license":"GPL-3.0-or-later","review":"待按读音整理","blocked":true}
爱你#ai ni	{"word":"爱你","pinyin":"ai ni","short":["I love you"],"senses":[{"text":"I love you","pos":"会话表达 / 短语"}],"note":"表达爱意，通常补全主语。","example":"I love you.","source":"词伴 · AI 英语学习整理","license":"GPL-3.0-or-later","review":"未独立英语编辑校审"}
牙齿#ya chi	{"word":"牙齿","pinyin":"ya chi","short":["tooth"],"senses":[{"text":"tooth","pos":"名词","lemma":"tooth"}],"countability":"可数名词","forms":"复数 teeth","note":"不规则复数。","example":"Brush your teeth.","source":"词伴 · AI 英语学习整理","license":"GPL-3.0-or-later","review":"未独立英语编辑校审"}
牛仔#niu zai	{"word":"牛仔","pinyin":"niu zai","short":[],"senses":[],"note":"这个词有多个读音，当前读音尚未完成英语词义整理。请输入完整词组；不自动套用其他读音的释义。","source":"词伴 · 多读音保护","license":"GPL-3.0-or-later","review":"待按读音整理","blocked":true}
牛仔#niu zi	{"word":"牛仔","pinyin":"niu zi","short":[],"senses":[],"note":"这个词有多个读音，当前读音尚未完成英语词义整理。请输入完整词组；不自动套用其他读音的释义。","source":"词伴 · 多读音保护","license":"GPL-3.0-or-later","review":"待按读音整理","blocked":true}
牛仔服#niu zai fu	{"word":"牛仔服","pinyin":"niu zai fu","short":[],"senses":[],"note":"这个词有多个读音，当前读音尚未完成英语词义整理。请输入完整词组；不自动套用其他读音的释义。","source":"词伴 · 多读音保护","license":"GPL-3.0-or-later","review":"待按读音整理","blocked":true}
牛仔服#niu zi fu	{"word":"牛仔服","pinyin":"niu zi fu","short":[],"senses":[],"note":"这个词有多个读音，当前读音尚未完成英语词义整理。请输入完整词组；不自动套用其他读音的释义。","source":"词伴 · 多读音保护","license":"GPL-3.0-or-later","review":"待按读音整理","blocked":true}
牛圈#niu juan	{"word":"牛圈","pinyin":"niu juan","short":[],"senses":[],"note":"这个词有多个读音，当前读音尚未完成英语词义整理。请输入完整词组；不自动套用其他读音的释义。","source":"词伴 · 多读音保护","license":"GPL-3.0-or-later","review":"待按读音整理","blocked":true}
牛圈#niu quan	{"word":"牛圈","pinyin":"niu quan","short":[],"senses":[],"note":"这个词有多个读音，当前读音尚未完成英语词义整理。请输入完整词组；不自动套用其他读音的释义。","source":"词伴 · 多读音保护","license":"GPL-3.0-or-later","review":"待按读音整理","blocked":true}
牛奶#niu nai	{"word":"牛奶","pinyin":"niu nai","short":["milk"],"senses":[{"text":"milk","pos":"名词","lemma":"milk"}],"countability":"通常不可数","forms":"","note":"一杯牛奶 a glass of milk。","example":"I drink milk every morning.","source":"词伴 · AI 英语学习整理","license":"GPL-3.0-or-later","review":"未独立英语编辑校审"}
牟#mou	{"word":"牟","pinyin":"mou","short":[],"senses":[],"note":"这个词有多个读音，当前读音尚未完成英语词义整理。请输入完整词组；不自动套用其他读音的释义。","source":"词伴 · 多读音保护","license":"GPL-3.0-or-later","review":"待按读音整理","blocked":true}
牟#mu	{"word":"牟","pinyin":"mu","short":[],"senses":[],"note":"这个词有多个读音，当前读音尚未完成英语词义整理。请输入完整词组；不自动套用其他读音的释义。","source":"词伴 · 多读音保护","license":"GPL-3.0-or-later","review":"待按读音整理","blocked":true}
特行#te hang	{"word":"特行","pinyin":"te hang","short":[],"senses":[],"note":"这个词有多个读音，当前读音尚未完成英语词义整理。请输入完整词组；不自动套用其他读音的释义。","source":"词伴 · 多读音保护","license":"GPL-3.0-or-later","review":"待按读音整理","blocked":true}
特行#te xing	{"word":"特行","pinyin":"te xing","short":[],"senses":[],"note":"这个词有多个读音，当前读音尚未完成英语词义整理。请输入完整词组；不自动套用其他读音的释义。","source":"词伴 · 多读音保护","license":"GPL-3.0-or-later","review":"待按读音整理","blocked":true}
犍#jian	{"word":"犍","pinyin":"jian","short":[],"senses":[],"note":"这个词有多个读音，当前读音尚未完成英语词义整理。请输入完整词组；不自动套用其他读音的释义。","source":"词伴 · 多读音保护","license":"GPL-3.0-or-later","review":"待按读音整理","blocked":true}
犍#qian	{"word":"犍","pinyin":"qian","short":[],"senses":[],"note":"这个词有多个读音，当前读音尚未完成英语词义整理。请输入完整词组；不自动套用其他读音的释义。","source":"词伴 · 多读音保护","license":"GPL-3.0-or-later","review":"待按读音整理","blocked":true}
狗刨#gou bao	{"word":"狗刨","pinyin":"gou bao","short":[],"senses":[],"note":"这个词有多个读音，当前读音尚未完成英语词义整理。请输入完整词组；不自动套用其他读音的释义。","source":"词伴 · 多读音保护","license":"GPL-3.0-or-later","review":"待按读音整理","blocked":true}
狗刨#gou pao	{"word":"狗刨","pinyin":"gou pao","short":[],"senses":[],"note":"这个词有多个读音，当前读音尚未完成英语词义整理。请输入完整词组；不自动套用其他读音的释义。","source":"词伴 · 多读音保护","license":"GPL-3.0-or-later","review":"待按读音整理","blocked":true}
猪圈#zhu juan	{"word":"猪圈","pinyin":"zhu juan","short":[],"senses":[],"note":"这个词有多个读音，当前读音尚未完成英语词义整理。请输入完整词组；不自动套用其他读音的释义。","source":"词伴 · 多读音保护","license":"GPL-3.0-or-later","review":"待按读音整理","blocked":true}
猪圈#zhu quan	{"word":"猪圈","pinyin":"zhu quan","short":[],"senses":[],"note":"这个词有多个读音，当前读音尚未完成英语词义整理。请输入完整词组；不自动套用其他读音的释义。","source":"词伴 · 多读音保护","license":"GPL-3.0-or-later","review":"待按读音整理","blocked":true}
率#lv	{"word":"率","pinyin":"lv","short":[],"senses":[],"note":"这个词有多个读音，当前读音尚未完成英语词义整理。请输入完整词组；不自动套用其他读音的释义。","source":"词伴 · 多读音保护","license":"GPL-3.0-or-later","review":"待按读音整理","blocked":true}
率#shuai	{"word":"率","pinyin":"shuai","short":[],"senses":[],"note":"这个词有多个读音，当前读音尚未完成英语词义整理。请输入完整词组；不自动套用其他读音的释义。","source":"词伴 · 多读音保护","license":"GPL-3.0-or-later","review":"待按读音整理","blocked":true}
率部#lv bu	{"word":"率部","pinyin":"lv bu","short":[],"senses":[],"note":"这个词有多个读音，当前读音尚未完成英语词义整理。请输入完整词组；不自动套用其他读音的释义。","source":"词伴 · 多读音保护","license":"GPL-3.0-or-later","review":"待按读音整理","blocked":true}
率部#shuai bu	{"word":"率部","pinyin":"shuai bu","short":[],"senses":[],"note":"这个词有多个读音，当前读音尚未完成英语词义整理。请输入完整词组；不自动套用其他读音的释义。","source":"词伴 · 多读音保护","license":"GPL-3.0-or-later","review":"待按读音整理","blocked":true}
玚#chang	{"word":"玚","pinyin":"chang","short":[],"senses":[],"note":"这个词有多个读音，当前读音尚未完成英语词义整理。请输入完整词组；不自动套用其他读音的释义。","source":"词伴 · 多读音保护","license":"GPL-3.0-or-later","review":"待按读音整理","blocked":true}
玚#yang	{"word":"玚","pinyin":"yang","short":[],"senses":[],"note":"这个词有多个读音，当前读音尚未完成英语词义整理。请输入完整词组；不自动套用其他读音的释义。","source":"词伴 · 多读音保护","license":"GPL-3.0-or-later","review":"待按读音整理","blocked":true}
玢#bin	{"word":"玢","pinyin":"bin","short":[],"senses":[],"note":"这个词有多个读音，当前读音尚未完成英语词义整理。请输入完整词组；不自动套用其他读音的释义。","source":"词伴 · 多读音保护","license":"GPL-3.0-or-later","review":"待按读音整理","blocked":true}
玢#fen	{"word":"玢","pinyin":"fen","short":[],"senses":[],"note":"这个词有多个读音，当前读音尚未完成英语词义整理。请输入完整词组；不自动套用其他读音的释义。","source":"词伴 · 多读音保护","license":"GPL-3.0-or-later","review":"待按读音整理","blocked":true}
现在#xian zai	{"word":"现在","pinyin":"xian zai","short":["now"],"senses":[{"text":"now","pos":"副词"}],"countability":"","forms":"","note":"表示此刻，时态由整句决定。","example":"I'm ready now.","source":"词伴 · AI 英语学习整理","license":"GPL-3.0-or-later","review":"未独立英语编辑校审"}
珩#hang	{"word":"珩","pinyin":"hang","short":[],"senses":[],"note":"这个词有多个读音，当前读音尚未完成英语词义整理。请输入完整词组；不自动套用其他读音的释义。","source":"词伴 · 多读音保护","license":"GPL-3.0-or-later","review":"待按读音整理","blocked":true}
珩#heng	{"word":"珩","pinyin":"heng","short":[],"senses":[],"note":"这个词有多个读音，当前读音尚未完成英语词义整理。请输入完整词组；不自动套用其他读音的释义。","source":"词伴 · 多读音保护","license":"GPL-3.0-or-later","review":"待按读音整理","blocked":true}
班长#ban chang	{"word":"班长","pinyin":"ban chang","short":[],"senses":[],"note":"这个词有多个读音，当前读音尚未完成英语词义整理。请输入完整词组；不自动套用其他读音的释义。","source":"词伴 · 多读音保护","license":"GPL-3.0-or-later","review":"待按读音整理","blocked":true}
班长#ban zhang	{"word":"班长","pinyin":"ban zhang","short":[],"senses":[],"note":"这个词有多个读音，当前读音尚未完成英语词义整理。请输入完整词组；不自动套用其他读音的释义。","source":"词伴 · 多读音保护","license":"GPL-3.0-or-later","review":"待按读音整理","blocked":true}
珲#hui	{"word":"珲","pinyin":"hui","short":[],"senses":[],"note":"这个词有多个读音，当前读音尚未完成英语词义整理。请输入完整词组；不自动套用其他读音的释义。","source":"词伴 · 多读音保护","license":"GPL-3.0-or-later","review":"待按读音整理","blocked":true}
珲#hun	{"word":"珲","pinyin":"hun","short":[],"senses":[],"note":"这个词有多个读音，当前读音尚未完成英语词义整理。请输入完整词组；不自动套用其他读音的释义。","source":"词伴 · 多读音保护","license":"GPL-3.0-or-later","review":"待按读音整理","blocked":true}
琢#zhuo	{"word":"琢","pinyin":"zhuo","short":[],"senses":[],"note":"这个词有多个读音，当前读音尚未完成英语词义整理。请输入完整词组；不自动套用其他读音的释义。","source":"词伴 · 多读音保护","license":"GPL-3.0-or-later","review":"待按读音整理","blocked":true}
琢#zuo	{"word":"琢","pinyin":"zuo","short":[],"senses":[],"note":"这个词有多个读音，当前读音尚未完成英语词义整理。请输入完整词组；不自动套用其他读音的释义。","source":"词伴 · 多读音保护","license":"GPL-3.0-or-later","review":"待按读音整理","blocked":true}
琢磨#zhuo mo	{"word":"琢磨","pinyin":"zhuo mo","short":[],"senses":[],"note":"这个词有多个读音，当前读音尚未完成英语词义整理。请输入完整词组；不自动套用其他读音的释义。","source":"词伴 · 多读音保护","license":"GPL-3.0-or-later","review":"待按读音整理","blocked":true}
琢磨#zuo mo	{"word":"琢磨","pinyin":"zuo mo","short":[],"senses":[],"note":"这个词有多个读音，当前读音尚未完成英语词义整理。请输入完整词组；不自动套用其他读音的释义。","source":"词伴 · 多读音保护","license":"GPL-3.0-or-later","review":"待按读音整理","blocked":true}
瑕瑜互见#xia yu hu jian	{"word":"瑕瑜互见","pinyin":"xia yu hu jian","short":[],"senses":[],"note":"这个词有多个读音，当前读音尚未完成英语词义整理。请输入完整词组；不自动套用其他读音的释义。","source":"词伴 · 多读音保护","license":"GPL-3.0-or-later","review":"待按读音整理","blocked":true}
瑕瑜互见#xia yu hu xian	{"word":"瑕瑜互见","pinyin":"xia yu hu xian","short":[],"senses":[],"note":"这个词有多个读音，当前读音尚未完成英语词义整理。请输入完整词组；不自动套用其他读音的释义。","source":"词伴 · 多读音保护","license":"GPL-3.0-or-later","review":"待按读音整理","blocked":true}
瑱#tian	{"word":"瑱","pinyin":"tian","short":[],"senses":[],"note":"这个词有多个读音，当前读音尚未完成英语词义整理。请输入完整词组；不自动套用其他读音的释义。","source":"词伴 · 多读音保护","license":"GPL-3.0-or-later","review":"待按读音整理","blocked":true}
瑱#zhen	{"word":"瑱","pinyin":"zhen","short":[],"senses":[],"note":"这个词有多个读音，当前读音尚未完成英语词义整理。请输入完整词组；不自动套用其他读音的释义。","source":"词伴 · 多读音保护","license":"GPL-3.0-or-later","review":"待按读音整理","blocked":true}
瓜蔓#gua man	{"word":"瓜蔓","pinyin":"gua man","short":[],"senses":[],"note":"这个词有多个读音，当前读音尚未完成英语词义整理。请输入完整词组；不自动套用其他读音的释义。","source":"词伴 · 多读音保护","license":"GPL-3.0-or-later","review":"待按读音整理","blocked":true}
瓜蔓#gua wan	{"word":"瓜蔓","pinyin":"gua wan","short":[],"senses":[],"note":"这个词有多个读音，当前读音尚未完成英语词义整理。请输入完整词组；不自动套用其他读音的释义。","source":"词伴 · 多读音保护","license":"GPL-3.0-or-later","review":"待按读音整理","blocked":true}
生日快乐#sheng ri kuai le	{"word":"生日快乐","pinyin":"sheng ri kuai le","short":["happy birthday!"],"senses":[{"text":"happy birthday!","pos":"会话表达 / 短语"}],"note":"生日祝福。","example":"Happy birthday!","source":"词伴 · AI 英语学习整理","license":"GPL-3.0-or-later","review":"未独立英语编辑校审"}
男人#nan ren	{"word":"男人","pinyin":"nan ren","short":["man"],"senses":[{"text":"man","pos":"名词","lemma":"man"}],"countability":"可数名词","forms":"复数 men","note":"不规则复数。","example":"Two men are waiting outside.","source":"词伴 · AI 英语学习整理","license":"GPL-3.0-or-later","review":"未独立英语编辑校审"}
町#ding	{"word":"町","pinyin":"ding","short":[],"senses":[],"note":"这个词有多个读音，当前读音尚未完成英语词义整理。请输入完整词组；不自动套用其他读音的释义。","source":"词伴 · 多读音保护","license":"GPL-3.0-or-later","review":"待按读音整理","blocked":true}
町#ting	{"word":"町","pinyin":"ting","short":[],"senses":[],"note":"这个词有多个读音，当前读音尚未完成英语词义整理。请输入完整词组；不自动套用其他读音的释义。","source":"词伴 · 多读音保护","license":"GPL-3.0-or-later","review":"待按读音整理","blocked":true}
畜#chu	{"word":"畜","pinyin":"chu","short":[],"senses":[],"note":"这个词有多个读音，当前读音尚未完成英语词义整理。请输入完整词组；不自动套用其他读音的释义。","source":"词伴 · 多读音保护","license":"GPL-3.0-or-later","review":"待按读音整理","blocked":true}
畜#xu	{"word":"畜","pinyin":"xu","short":[],"senses":[],"note":"这个词有多个读音，当前读音尚未完成英语词义整理。请输入完整词组；不自动套用其他读音的释义。","source":"词伴 · 多读音保护","license":"GPL-3.0-or-later","review":"待按读音整理","blocked":true}
畜圈#chu juan	{"word":"畜圈","pinyin":"chu juan","short":[],"senses":[],"note":"这个词有多个读音，当前读音尚未完成英语词义整理。请输入完整词组；不自动套用其他读音的释义。","source":"词伴 · 多读音保护","license":"GPL-3.0-or-later","review":"待按读音整理","blocked":true}
畜圈#chu quan	{"word":"畜圈","pinyin":"chu quan","short":[],"senses":[],"note":"这个词有多个读音，当前读音尚未完成英语词义整理。请输入完整词组；不自动套用其他读音的释义。","source":"词伴 · 多读音保护","license":"GPL-3.0-or-later","review":"待按读音整理","blocked":true}
番#fan	{"word":"番","pinyin":"fan","short":[],"senses":[],"note":"这个词有多个读音，当前读音尚未完成英语词义整理。请输入完整词组；不自动套用其他读音的释义。","source":"词伴 · 多读音保护","license":"GPL-3.0-or-later","review":"待按读音整理","blocked":true}
番#pan	{"word":"番","pinyin":"pan","short":[],"senses":[],"note":"这个词有多个读音，当前读音尚未完成英语词义整理。请输入完整词组；不自动套用其他读音的释义。","source":"词伴 · 多读音保护","license":"GPL-3.0-or-later","review":"待按读音整理","blocked":true}
畬#she	{"word":"畬","pinyin":"she","short":[],"senses":[],"note":"这个词有多个读音，当前读音尚未完成英语词义整理。请输入完整词组；不自动套用其他读音的释义。","source":"词伴 · 多读音保护","license":"GPL-3.0-or-later","review":"待按读音整理","blocked":true}
畬#yu	{"word":"畬","pinyin":"yu","short":[],"senses":[],"note":"这个词有多个读音，当前读音尚未完成英语词义整理。请输入完整词组；不自动套用其他读音的释义。","source":"词伴 · 多读音保护","license":"GPL-3.0-or-later","review":"待按读音整理","blocked":true}
疟#nve	{"word":"疟","pinyin":"nve","short":[],"senses":[],"note":"这个词有多个读音，当前读音尚未完成英语词义整理。请输入完整词组；不自动套用其他读音的释义。","source":"词伴 · 多读音保护","license":"GPL-3.0-or-later","review":"待按读音整理","blocked":true}
疟#yao	{"word":"疟","pinyin":"yao","short":[],"senses":[],"note":"这个词有多个读音，当前读音尚未完成英语词义整理。请输入完整词组；不自动套用其他读音的释义。","source":"词伴 · 多读音保护","license":"GPL-3.0-or-later","review":"待按读音整理","blocked":true}
疸#da	{"word":"疸","pinyin":"da","short":[],"senses":[],"note":"这个词有多个读音，当前读音尚未完成英语词义整理。请输入完整词组；不自动套用其他读音的释义。","source":"词伴 · 多读音保护","license":"GPL-3.0-or-later","review":"待按读音整理","blocked":true}
疸#dan	{"word":"疸","pinyin":"dan","short":[],"senses":[],"note":"这个词有多个读音，当前读音尚未完成英语词义整理。请输入完整词组；不自动套用其他读音的释义。","source":"词伴 · 多读音保护","license":"GPL-3.0-or-later","review":"待按读音整理","blocked":true}
瘥#chai	{"word":"瘥","pinyin":"chai","short":[],"senses":[],"note":"这个词有多个读音，当前读音尚未完成英语词义整理。请输入完整词组；不自动套用其他读音的释义。","source":"词伴 · 多读音保护","license":"GPL-3.0-or-later","review":"待按读音整理","blocked":true}
瘥#cuo	{"word":"瘥","pinyin":"cuo","short":[],"senses":[],"note":"这个词有多个读音，当前读音尚未完成英语词义整理。请输入完整词组；不自动套用其他读音的释义。","source":"词伴 · 多读音保护","license":"GPL-3.0-or-later","review":"待按读音整理","blocked":true}
的#de	{"word":"的","pinyin":"de","short":["possessive / attributive particle"],"senses":[{"text":"possessive / attributive particle","pos":"助词 / 语法说明"}],"note":"表示领属或修饰关系；英语不总是逐字加 of。","source":"词伴 · AI 英语学习整理","license":"GPL-3.0-or-later","review":"未独立英语编辑校审"}
的#di	{"word":"的","pinyin":"di","short":["target","true"],"senses":[{"text":"target","pos":"名词","lemma":"target"},{"text":"true","pos":"形容词"}],"note":"di4 可指目标，di2 可表示确实；无声调拼音不能区分两者。","source":"词伴 · AI 英语学习整理","license":"GPL-3.0-or-later","review":"未独立英语编辑校审"}
盖#gai	{"word":"盖","pinyin":"gai","short":[],"senses":[],"note":"这个词有多个读音，当前读音尚未完成英语词义整理。请输入完整词组；不自动套用其他读音的释义。","source":"词伴 · 多读音保护","license":"GPL-3.0-or-later","review":"待按读音整理","blocked":true}
盖#ge	{"word":"盖","pinyin":"ge","short":[],"senses":[],"note":"这个词有多个读音，当前读音尚未完成英语词义整理。请输入完整词组；不自动套用其他读音的释义。","source":"词伴 · 多读音保护","license":"GPL-3.0-or-later","review":"待按读音整理","blocked":true}
盛#cheng	{"word":"盛","pinyin":"cheng","short":[],"senses":[],"note":"这个词有多个读音，当前读音尚未完成英语词义整理。请输入完整词组；不自动套用其他读音的释义。","source":"词伴 · 多读音保护","license":"GPL-3.0-or-later","review":"待按读音整理","blocked":true}
盛#sheng	{"word":"盛","pinyin":"sheng","short":[],"senses":[],"note":"这个词有多个读音，当前读音尚未完成英语词义整理。请输入完整词组；不自动套用其他读音的释义。","source":"词伴 · 多读音保护","license":"GPL-3.0-or-later","review":"待按读音整理","blocked":true}
盟#meng	{"word":"盟","pinyin":"meng","short":[],"senses":[],"note":"这个词有多个读音，当前读音尚未完成英语词义整理。请输入完整词组；不自动套用其他读音的释义。","source":"词伴 · 多读音保护","license":"GPL-3.0-or-later","review":"待按读音整理","blocked":true}
盟#ming	{"word":"盟","pinyin":"ming","short":[],"senses":[],"note":"这个词有多个读音，当前读音尚未完成英语词义整理。请输入完整词组；不自动套用其他读音的释义。","source":"词伴 · 多读音保护","license":"GPL-3.0-or-later","review":"待按读音整理","blocked":true}
省#sheng	{"word":"省","pinyin":"sheng","short":["province","save"],"senses":[{"text":"province","pos":"名词","lemma":"province"},{"text":"save","pos":"动词 / 动词短语","lemma":"save"}],"note":"省份与节省是两个义项。","source":"词伴 · AI 英语学习整理","license":"GPL-3.0-or-later","review":"未独立英语编辑校审"}
省#xing	{"word":"省","pinyin":"xing","short":["reflect","visit"],"senses":[{"text":"reflect","pos":"动词 / 动词短语","lemma":"reflect"},{"text":"visit","pos":"动词 / 动词短语","lemma":"visit"}],"note":"反省与省亲分别学习；不是省份 province。","source":"词伴 · AI 英语学习整理","license":"GPL-3.0-or-later","review":"未独立英语编辑校审"}
看#kan	{"word":"看","pinyin":"kan","short":["look","watch"],"senses":[{"text":"look","pos":"动词 / 动词短语","lemma":"look"},{"text":"watch","pos":"动词 / 动词短语","lemma":"watch"}],"countability":"","forms":"look–looked–looked；watch–watched–watched","note":"看向用 look at；观看用 watch；看见用 see，读文字用 read。","example":"Look at this picture.","source":"词伴 · AI 英语学习整理","license":"GPL-3.0-or-later","review":"未独立英语编辑校审"}
看了#kan le	{"word":"看了","pinyin":"kan le","short":["watched","read"],"senses":[{"text":"watched","pos":"会话表达 / 短语"},{"text":"read","pos":"会话表达 / 短语"}],"note":"看影视用 watch，读文字用 read；read 过去式拼写不变。","example":"I watched a film yesterday.","source":"词伴 · AI 英语学习整理","license":"GPL-3.0-or-later","review":"未独立英语编辑校审"}
看见#kan jian	{"word":"看见","pinyin":"kan jian","short":["see"],"senses":[{"text":"see","pos":"动词 / 动词短语","lemma":"see"}],"countability":"","forms":"see–saw–seen","note":"看见的结果；观看过程可用 watch。","example":"I can see the sea.","source":"词伴 · AI 英语学习整理","license":"GPL-3.0-or-later","review":"未独立英语编辑校审"}
真的#zhen de	{"word":"真的","pinyin":"zhen de","short":["really"],"senses":[{"text":"really","pos":"会话表达 / 短语"}],"note":"询问真假可说 Really?；修饰名词可用 real。","example":"Really? That's great!","source":"词伴 · AI 英语学习整理","license":"GPL-3.0-or-later","review":"未独立英语编辑校审"}
眼睛#yan jing	{"word":"眼睛","pinyin":"yan jing","short":["eye"],"senses":[{"text":"eye","pos":"名词","lemma":"eye"}],"countability":"可数名词","forms":"复数 eyes","note":"一只眼 an eye；两只眼 eyes。","example":"She has brown eyes.","source":"词伴 · AI 英语学习整理","license":"GPL-3.0-or-later","review":"未独立英语编辑校审"}
着#zhao	{"word":"着","pinyin":"zhao","short":["catch fire","reach"],"senses":[{"text":"catch fire","pos":"动词 / 动词短语"},{"text":"reach","pos":"动词 / 动词短语","lemma":"reach"}],"note":"zhao2 常见达到、着火；zhao1 可表示招数，无声调需结合词组。","source":"词伴 · AI 英语学习整理","license":"GPL-3.0-or-later","review":"未独立英语编辑校审"}
着#zhe	{"word":"着","pinyin":"zhe","short":["aspect particle"],"senses":[{"text":"aspect particle","pos":"助词 / 语法说明"}],"note":"表示持续状态；并不总等于英文现在进行时。","source":"词伴 · AI 英语学习整理","license":"GPL-3.0-or-later","review":"未独立英语编辑校审"}
着#zhuo	{"word":"着","pinyin":"zhuo","short":["wear","touch"],"senses":[{"text":"wear","pos":"动词 / 动词短语","lemma":"wear"},{"text":"touch","pos":"动词 / 动词短语","lemma":"touch"}],"note":"着装、着手等词组需要分别学习。","source":"词伴 · AI 英语学习整理","license":"GPL-3.0-or-later","review":"未独立英语编辑校审"}
着地#zhao di	{"word":"着地","pinyin":"zhao di","short":[],"senses":[],"note":"这个词有多个读音，当前读音尚未完成英语词义整理。请输入完整词组；不自动套用其他读音的释义。","source":"词伴 · 多读音保护","license":"GPL-3.0-or-later","review":"待按读音整理","blocked":true}
着地#zhuo di	{"word":"着地","pinyin":"zhuo di","short":[],"senses":[],"note":"这个词有多个读音，当前读音尚未完成英语词义整理。请输入完整词组；不自动套用其他读音的释义。","source":"词伴 · 多读音保护","license":"GPL-3.0-or-later","review":"待按读音整理","blocked":true}
着床#zhao chuang	{"word":"着床","pinyin":"zhao chuang","short":[],"senses":[],"note":"这个词有多个读音，当前读音尚未完成英语词义整理。请输入完整词组；不自动套用其他读音的释义。","source":"词伴 · 多读音保护","license":"GPL-3.0-or-later","review":"待按读音整理","blocked":true}
着床#zhuo chuang	{"word":"着床","pinyin":"zhuo chuang","short":[],"senses":[],"note":"这个词有多个读音，当前读音尚未完成英语词义整理。请输入完整词组；不自动套用其他读音的释义。","source":"词伴 · 多读音保护","license":"GPL-3.0-or-later","review":"待按读音整理","blocked":true}
睡了#shui le	{"word":"睡了","pinyin":"shui le","short":["slept","go to bed"],"senses":[{"text":"slept","pos":"会话表达 / 短语"},{"text":"go to bed","pos":"会话表达 / 短语"}],"note":"已经睡过与准备去睡，语境不同。","example":"I slept well.","source":"词伴 · AI 英语学习整理","license":"GPL-3.0-or-later","review":"未独立英语编辑校审"}
睡着#shui zhao	{"word":"睡着","pinyin":"shui zhao","short":[],"senses":[],"note":"这个词有多个读音，当前读音尚未完成英语词义整理。请输入完整词组；不自动套用其他读音的释义。","source":"词伴 · 多读音保护","license":"GPL-3.0-or-later","review":"待按读音整理","blocked":true}
睡着#shui zhe	{"word":"睡着","pinyin":"shui zhe","short":[],"senses":[],"note":"这个词有多个读音，当前读音尚未完成英语词义整理。请输入完整词组；不自动套用其他读音的释义。","source":"词伴 · 多读音保护","license":"GPL-3.0-or-later","review":"待按读音整理","blocked":true}
睡觉#shui jiao	{"word":"睡觉","pinyin":"shui jiao","short":["sleep"],"senses":[{"text":"sleep","pos":"动词 / 动词短语","lemma":"sleep"}],"countability":"","forms":"sleep–slept–slept","note":"去睡觉用 go to bed，睡眠用 sleep。","example":"I slept well last night.","source":"词伴 · AI 英语学习整理","license":"GPL-3.0-or-later","review":"未独立英语编辑校审"}
瞿#ju	{"word":"瞿","pinyin":"ju","short":[],"senses":[],"note":"这个词有多个读音，当前读音尚未完成英语词义整理。请输入完整词组；不自动套用其他读音的释义。","source":"词伴 · 多读音保护","license":"GPL-3.0-or-later","review":"待按读音整理","blocked":true}
瞿#qu	{"word":"瞿","pinyin":"qu","short":[],"senses":[],"note":"这个词有多个读音，当前读音尚未完成英语词义整理。请输入完整词组；不自动套用其他读音的释义。","source":"词伴 · 多读音保护","license":"GPL-3.0-or-later","review":"待按读音整理","blocked":true}
矜#guan	{"word":"矜","pinyin":"guan","short":[],"senses":[],"note":"这个词有多个读音，当前读音尚未完成英语词义整理。请输入完整词组；不自动套用其他读音的释义。","source":"词伴 · 多读音保护","license":"GPL-3.0-or-later","review":"待按读音整理","blocked":true}
矜#jin	{"word":"矜","pinyin":"jin","short":[],"senses":[],"note":"这个词有多个读音，当前读音尚未完成英语词义整理。请输入完整词组；不自动套用其他读音的释义。","source":"词伴 · 多读音保护","license":"GPL-3.0-or-later","review":"待按读音整理","blocked":true}
矜#qin	{"word":"矜","pinyin":"qin","short":[],"senses":[],"note":"这个词有多个读音，当前读音尚未完成英语词义整理。请输入完整词组；不自动套用其他读音的释义。","source":"词伴 · 多读音保护","license":"GPL-3.0-or-later","review":"待按读音整理","blocked":true}
知道#zhi dao	{"word":"知道","pinyin":"zhi dao","short":["know"],"senses":[{"text":"know","pos":"动词 / 动词短语","lemma":"know"}],"countability":"","forms":"know–knew–known","note":"可接事实、人物或从句。","example":"I know the answer.","source":"词伴 · AI 英语学习整理","license":"GPL-3.0-or-later","review":"未独立英语编辑校审"}
石#dan	{"word":"石","pinyin":"dan","short":[],"senses":[],"note":"这个词有多个读音，当前读音尚未完成英语词义整理。请输入完整词组；不自动套用其他读音的释义。","source":"词伴 · 多读音保护","license":"GPL-3.0-or-later","review":"待按读音整理","blocked":true}
石#shi	{"word":"石","pinyin":"shi","short":[],"senses":[],"note":"这个词有多个读音，当前读音尚未完成英语词义整理。请输入完整词组；不自动套用其他读音的释义。","source":"词伴 · 多读音保护","license":"GPL-3.0-or-later","review":"待按读音整理","blocked":true}
矿长#kuang chang	{"word":"矿长","pinyin":"kuang chang","short":[],"senses":[],"note":"这个词有多个读音，当前读音尚未完成英语词义整理。请输入完整词组；不自动套用其他读音的释义。","source":"词伴 · 多读音保护","license":"GPL-3.0-or-later","review":"待按读音整理","blocked":true}
矿长#kuang zhang	{"word":"矿长","pinyin":"kuang zhang","short":[],"senses":[],"note":"这个词有多个读音，当前读音尚未完成英语词义整理。请输入完整词组；不自动套用其他读音的释义。","source":"词伴 · 多读音保护","license":"GPL-3.0-or-later","review":"待按读音整理","blocked":true}
砉#hua	{"word":"砉","pinyin":"hua","short":[],"senses":[],"note":"这个词有多个读音，当前读音尚未完成英语词义整理。请输入完整词组；不自动套用其他读音的释义。","source":"词伴 · 多读音保护","license":"GPL-3.0-or-later","review":"待按读音整理","blocked":true}
砉#xu	{"word":"砉","pinyin":"xu","short":[],"senses":[],"note":"这个词有多个读音，当前读音尚未完成英语词义整理。请输入完整词组；不自动套用其他读音的释义。","source":"词伴 · 多读音保护","license":"GPL-3.0-or-later","review":"待按读音整理","blocked":true}
砌#qi	{"word":"砌","pinyin":"qi","short":[],"senses":[],"note":"这个词有多个读音，当前读音尚未完成英语词义整理。请输入完整词组；不自动套用其他读音的释义。","source":"词伴 · 多读音保护","license":"GPL-3.0-or-later","review":"待按读音整理","blocked":true}
砌#qie	{"word":"砌","pinyin":"qie","short":[],"senses":[],"note":"这个词有多个读音，当前读音尚未完成英语词义整理。请输入完整词组；不自动套用其他读音的释义。","source":"词伴 · 多读音保护","license":"GPL-3.0-or-later","review":"待按读音整理","blocked":true}
硌#ge	{"word":"硌","pinyin":"ge","short":[],"senses":[],"note":"这个词有多个读音，当前读音尚未完成英语词义整理。请输入完整词组；不自动套用其他读音的释义。","source":"词伴 · 多读音保护","license":"GPL-3.0-or-later","review":"待按读音整理","blocked":true}
硌#luo	{"word":"硌","pinyin":"luo","short":[],"senses":[],"note":"这个词有多个读音，当前读音尚未完成英语词义整理。请输入完整词组；不自动套用其他读音的释义。","source":"词伴 · 多读音保护","license":"GPL-3.0-or-later","review":"待按读音整理","blocked":true}
硐#dong	{"word":"硐","pinyin":"dong","short":[],"senses":[],"note":"这个词有多个读音，当前读音尚未完成英语词义整理。请输入完整词组；不自动套用其他读音的释义。","source":"词伴 · 多读音保护","license":"GPL-3.0-or-later","review":"待按读音整理","blocked":true}
硐#liu	{"word":"硐","pinyin":"liu","short":[],"senses":[],"note":"这个词有多个读音，当前读音尚未完成英语词义整理。请输入完整词组；不自动套用其他读音的释义。","source":"词伴 · 多读音保护","license":"GPL-3.0-or-later","review":"待按读音整理","blocked":true}
碌#liu	{"word":"碌","pinyin":"liu","short":[],"senses":[],"note":"这个词有多个读音，当前读音尚未完成英语词义整理。请输入完整词组；不自动套用其他读音的释义。","source":"词伴 · 多读音保护","license":"GPL-3.0-or-later","review":"待按读音整理","blocked":true}
碌#lu	{"word":"碌","pinyin":"lu","short":[],"senses":[],"note":"这个词有多个读音，当前读音尚未完成英语词义整理。请输入完整词组；不自动套用其他读音的释义。","source":"词伴 · 多读音保护","license":"GPL-3.0-or-later","review":"待按读音整理","blocked":true}
磅#bang	{"word":"磅","pinyin":"bang","short":[],"senses":[],"note":"这个词有多个读音，当前读音尚未完成英语词义整理。请输入完整词组；不自动套用其他读音的释义。","source":"词伴 · 多读音保护","license":"GPL-3.0-or-later","review":"待按读音整理","blocked":true}
磅#pang	{"word":"磅","pinyin":"pang","short":[],"senses":[],"note":"这个词有多个读音，当前读音尚未完成英语词义整理。请输入完整词组；不自动套用其他读音的释义。","source":"词伴 · 多读音保护","license":"GPL-3.0-or-later","review":"待按读音整理","blocked":true}
磏#lian	{"word":"磏","pinyin":"lian","short":[],"senses":[],"note":"这个词有多个读音，当前读音尚未完成英语词义整理。请输入完整词组；不自动套用其他读音的释义。","source":"词伴 · 多读音保护","license":"GPL-3.0-or-later","review":"待按读音整理","blocked":true}
磏#qian	{"word":"磏","pinyin":"qian","short":[],"senses":[],"note":"这个词有多个读音，当前读音尚未完成英语词义整理。请输入完整词组；不自动套用其他读音的释义。","source":"词伴 · 多读音保护","license":"GPL-3.0-or-later","review":"待按读音整理","blocked":true}
祇#qi	{"word":"祇","pinyin":"qi","short":[],"senses":[],"note":"这个词有多个读音，当前读音尚未完成英语词义整理。请输入完整词组；不自动套用其他读音的释义。","source":"词伴 · 多读音保护","license":"GPL-3.0-or-later","review":"待按读音整理","blocked":true}
祇#zhi	{"word":"祇","pinyin":"zhi","short":[],"senses":[],"note":"这个词有多个读音，当前读音尚未完成英语词义整理。请输入完整词组；不自动套用其他读音的释义。","source":"词伴 · 多读音保护","license":"GPL-3.0-or-later","review":"待按读音整理","blocked":true}
祕#bi	{"word":"祕","pinyin":"bi","short":[],"senses":[],"note":"这个词有多个读音，当前读音尚未完成英语词义整理。请输入完整词组；不自动套用其他读音的释义。","source":"词伴 · 多读音保护","license":"GPL-3.0-or-later","review":"待按读音整理","blocked":true}
祕#mi	{"word":"祕","pinyin":"mi","short":[],"senses":[],"note":"这个词有多个读音，当前读音尚未完成英语词义整理。请输入完整词组；不自动套用其他读音的释义。","source":"词伴 · 多读音保护","license":"GPL-3.0-or-later","review":"待按读音整理","blocked":true}
祝你好运#zhu ni hao yun	{"word":"祝你好运","pinyin":"zhu ni hao yun","short":["good luck!"],"senses":[{"text":"good luck!","pos":"会话表达 / 短语"}],"note":"祝福好运。","example":"Good luck with your exam!","source":"词伴 · AI 英语学习整理","license":"GPL-3.0-or-later","review":"未独立英语编辑校审"}
祢#mi	{"word":"祢","pinyin":"mi","short":[],"senses":[],"note":"这个词有多个读音，当前读音尚未完成英语词义整理。请输入完整词组；不自动套用其他读音的释义。","source":"词伴 · 多读音保护","license":"GPL-3.0-or-later","review":"待按读音整理","blocked":true}
祢#ni	{"word":"祢","pinyin":"ni","short":[],"senses":[],"note":"这个词有多个读音，当前读音尚未完成英语词义整理。请输入完整词组；不自动套用其他读音的释义。","source":"词伴 · 多读音保护","license":"GPL-3.0-or-later","review":"待按读音整理","blocked":true}
祭#ji	{"word":"祭","pinyin":"ji","short":[],"senses":[],"note":"这个词有多个读音，当前读音尚未完成英语词义整理。请输入完整词组；不自动套用其他读音的释义。","source":"词伴 · 多读音保护","license":"GPL-3.0-or-later","review":"待按读音整理","blocked":true}
祭#zhai	{"word":"祭","pinyin":"zhai","short":[],"senses":[],"note":"这个词有多个读音，当前读音尚未完成英语词义整理。请输入完整词组；不自动套用其他读音的释义。","source":"词伴 · 多读音保护","license":"GPL-3.0-or-later","review":"待按读音整理","blocked":true}
禅#chan	{"word":"禅","pinyin":"chan","short":[],"senses":[],"note":"这个词有多个读音，当前读音尚未完成英语词义整理。请输入完整词组；不自动套用其他读音的释义。","source":"词伴 · 多读音保护","license":"GPL-3.0-or-later","review":"待按读音整理","blocked":true}
禅#shan	{"word":"禅","pinyin":"shan","short":[],"senses":[],"note":"这个词有多个读音，当前读音尚未完成英语词义整理。请输入完整词组；不自动套用其他读音的释义。","source":"词伴 · 多读音保护","license":"GPL-3.0-or-later","review":"待按读音整理","blocked":true}
秃尾巴#tu wei ba	{"word":"秃尾巴","pinyin":"tu wei ba","short":[],"senses":[],"note":"这个词有多个读音，当前读音尚未完成英语词义整理。请输入完整词组；不自动套用其他读音的释义。","source":"词伴 · 多读音保护","license":"GPL-3.0-or-later","review":"待按读音整理","blocked":true}
秃尾巴#tu yi ba	{"word":"秃尾巴","pinyin":"tu yi ba","short":[],"senses":[],"note":"这个词有多个读音，当前读音尚未完成英语词义整理。请输入完整词组；不自动套用其他读音的释义。","source":"词伴 · 多读音保护","license":"GPL-3.0-or-later","review":"待按读音整理","blocked":true}
种#chong	{"word":"种","pinyin":"chong","short":[],"senses":[],"note":"这个词有多个读音，当前读音尚未完成英语词义整理。请输入完整词组；不自动套用其他读音的释义。","source":"词伴 · 多读音保护","license":"GPL-3.0-or-later","review":"待按读音整理","blocked":true}
种#zhong	{"word":"种","pinyin":"zhong","short":["kind","plant"],"senses":[{"text":"kind","pos":"名词","lemma":"kind"},{"text":"plant","pos":"动词 / 动词短语","lemma":"plant"}],"note":"zhong3 种类/种子，zhong4 种植；无声调输入需词组。","source":"词伴 · AI 英语学习整理","license":"GPL-3.0-or-later","review":"未独立英语编辑校审"}
秘#bi	{"word":"秘","pinyin":"bi","short":[],"senses":[],"note":"这个词有多个读音，当前读音尚未完成英语词义整理。请输入完整词组；不自动套用其他读音的释义。","source":"词伴 · 多读音保护","license":"GPL-3.0-or-later","review":"待按读音整理","blocked":true}
秘#mi	{"word":"秘","pinyin":"mi","short":[],"senses":[],"note":"这个词有多个读音，当前读音尚未完成英语词义整理。请输入完整词组；不自动套用其他读音的释义。","source":"词伴 · 多读音保护","license":"GPL-3.0-or-later","review":"待按读音整理","blocked":true}
称#chen	{"word":"称","pinyin":"chen","short":["suit"],"senses":[{"text":"suit","pos":"动词 / 动词短语","lemma":"suit"}],"note":"如称心、称职；不是称重 weigh。","source":"词伴 · AI 英语学习整理","license":"GPL-3.0-or-later","review":"未独立英语编辑校审"}
称#cheng	{"word":"称","pinyin":"cheng","short":["call","weigh"],"senses":[{"text":"call","pos":"动词 / 动词短语","lemma":"call"},{"text":"weigh","pos":"动词 / 动词短语","lemma":"weigh"}],"note":"称作与称重；不同义需靠上下文。","source":"词伴 · AI 英语学习整理","license":"GPL-3.0-or-later","review":"未独立英语编辑校审"}
稽#ji	{"word":"稽","pinyin":"ji","short":[],"senses":[],"note":"这个词有多个读音，当前读音尚未完成英语词义整理。请输入完整词组；不自动套用其他读音的释义。","source":"词伴 · 多读音保护","license":"GPL-3.0-or-later","review":"待按读音整理","blocked":true}
稽#qi	{"word":"稽","pinyin":"qi","short":[],"senses":[],"note":"这个词有多个读音，当前读音尚未完成英语词义整理。请输入完整词组；不自动套用其他读音的释义。","source":"词伴 · 多读音保护","license":"GPL-3.0-or-later","review":"待按读音整理","blocked":true}
穜#tong	{"word":"穜","pinyin":"tong","short":[],"senses":[],"note":"这个词有多个读音，当前读音尚未完成英语词义整理。请输入完整词组；不自动套用其他读音的释义。","source":"词伴 · 多读音保护","license":"GPL-3.0-or-later","review":"待按读音整理","blocked":true}
穜#zhong	{"word":"穜","pinyin":"zhong","short":[],"senses":[],"note":"这个词有多个读音，当前读音尚未完成英语词义整理。请输入完整词组；不自动套用其他读音的释义。","source":"词伴 · 多读音保护","license":"GPL-3.0-or-later","review":"待按读音整理","blocked":true}
窨#xun	{"word":"窨","pinyin":"xun","short":[],"senses":[],"note":"这个词有多个读音，当前读音尚未完成英语词义整理。请输入完整词组；不自动套用其他读音的释义。","source":"词伴 · 多读音保护","license":"GPL-3.0-or-later","review":"待按读音整理","blocked":true}
窨#yin	{"word":"窨","pinyin":"yin","short":[],"senses":[],"note":"这个词有多个读音，当前读音尚未完成英语词义整理。请输入完整词组；不自动套用其他读音的释义。","source":"词伴 · 多读音保护","license":"GPL-3.0-or-later","review":"待按读音整理","blocked":true}
立传#li chuan	{"word":"立传","pinyin":"li chuan","short":[],"senses":[],"note":"这个词有多个读音，当前读音尚未完成英语词义整理。请输入完整词组；不自动套用其他读音的释义。","source":"词伴 · 多读音保护","license":"GPL-3.0-or-later","review":"待按读音整理","blocked":true}
立传#li zhuan	{"word":"立传","pinyin":"li zhuan","short":[],"senses":[],"note":"这个词有多个读音，当前读音尚未完成英语词义整理。请输入完整词组；不自动套用其他读音的释义。","source":"词伴 · 多读音保护","license":"GPL-3.0-or-later","review":"待按读音整理","blocked":true}
站长#zhan chang	{"word":"站长","pinyin":"zhan chang","short":[],"senses":[],"note":"这个词有多个读音，当前读音尚未完成英语词义整理。请输入完整词组；不自动套用其他读音的释义。","source":"词伴 · 多读音保护","license":"GPL-3.0-or-later","review":"待按读音整理","blocked":true}
站长#zhan zhang	{"word":"站长","pinyin":"zhan zhang","short":[],"senses":[],"note":"这个词有多个读音，当前读音尚未完成英语词义整理。请输入完整词组；不自动套用其他读音的释义。","source":"词伴 · 多读音保护","license":"GPL-3.0-or-later","review":"待按读音整理","blocked":true}
第一次#di yi ci	{"word":"第一次","pinyin":"di yi ci","short":["the first time"],"senses":[{"text":"the first time","pos":"会话表达 / 短语"}],"note":"“第一次做”可用 for the first time。","example":"I'm here for the first time.","source":"词伴 · AI 英语学习整理","license":"GPL-3.0-or-later","review":"未独立英语编辑校审"}
笮#ze	{"word":"笮","pinyin":"ze","short":[],"senses":[],"note":"这个词有多个读音，当前读音尚未完成英语词义整理。请输入完整词组；不自动套用其他读音的释义。","source":"词伴 · 多读音保护","license":"GPL-3.0-or-later","review":"待按读音整理","blocked":true}
笮#zuo	{"word":"笮","pinyin":"zuo","short":[],"senses":[],"note":"这个词有多个读音，当前读音尚未完成英语词义整理。请输入完整词组；不自动套用其他读音的释义。","source":"词伴 · 多读音保护","license":"GPL-3.0-or-later","review":"待按读音整理","blocked":true}
等一下#deng yi xia	{"word":"等一下","pinyin":"deng yi xia","short":["wait a moment"],"senses":[{"text":"wait a moment","pos":"会话表达 / 短语"}],"note":"也可说 just a moment。","example":"Just a moment, please.","source":"词伴 · AI 英语学习整理","license":"GPL-3.0-or-later","review":"未独立英语编辑校审"}
等你#deng ni	{"word":"等你","pinyin":"deng ni","short":["wait for you"],"senses":[{"text":"wait for you","pos":"会话表达 / 短语"}],"note":"wait for 后接等待对象。","example":"I'll wait for you.","source":"词伴 · AI 英语学习整理","license":"GPL-3.0-or-later","review":"未独立英语编辑校审"}
等我#deng wo	{"word":"等我","pinyin":"deng wo","short":["wait for me"],"senses":[{"text":"wait for me","pos":"会话表达 / 短语"}],"note":"等待对象要加 for。","example":"Wait for me!","source":"词伴 · AI 英语学习整理","license":"GPL-3.0-or-later","review":"未独立英语编辑校审"}
筠#jun	{"word":"筠","pinyin":"jun","short":[],"senses":[],"note":"这个词有多个读音，当前读音尚未完成英语词义整理。请输入完整词组；不自动套用其他读音的释义。","source":"词伴 · 多读音保护","license":"GPL-3.0-or-later","review":"待按读音整理","blocked":true}
筠#yun	{"word":"筠","pinyin":"yun","short":[],"senses":[],"note":"这个词有多个读音，当前读音尚未完成英语词义整理。请输入完整词组；不自动套用其他读音的释义。","source":"词伴 · 多读音保护","license":"GPL-3.0-or-later","review":"待按读音整理","blocked":true}
管乐#guan le	{"word":"管乐","pinyin":"guan le","short":[],"senses":[],"note":"这个词有多个读音，当前读音尚未完成英语词义整理。请输入完整词组；不自动套用其他读音的释义。","source":"词伴 · 多读音保护","license":"GPL-3.0-or-later","review":"待按读音整理","blocked":true}
管乐#guan yue	{"word":"管乐","pinyin":"guan yue","short":[],"senses":[],"note":"这个词有多个读音，当前读音尚未完成英语词义整理。请输入完整词组；不自动套用其他读音的释义。","source":"词伴 · 多读音保护","license":"GPL-3.0-or-later","review":"待按读音整理","blocked":true}
米饭#mi fan	{"word":"米饭","pinyin":"mi fan","short":["rice"],"senses":[{"text":"rice","pos":"名词","lemma":"rice"}],"countability":"通常不可数","forms":"","note":"一碗米饭 a bowl of rice。","example":"I'd like some rice.","source":"词伴 · AI 英语学习整理","license":"GPL-3.0-or-later","review":"未独立英语编辑校审"}
粘#nian	{"word":"粘","pinyin":"nian","short":[],"senses":[],"note":"这个词有多个读音，当前读音尚未完成英语词义整理。请输入完整词组；不自动套用其他读音的释义。","source":"词伴 · 多读音保护","license":"GPL-3.0-or-later","review":"待按读音整理","blocked":true}
粘#zhan	{"word":"粘","pinyin":"zhan","short":[],"senses":[],"note":"这个词有多个读音，当前读音尚未完成英语词义整理。请输入完整词组；不自动套用其他读音的释义。","source":"词伴 · 多读音保护","license":"GPL-3.0-or-later","review":"待按读音整理","blocked":true}
粥#yu	{"word":"粥","pinyin":"yu","short":[],"senses":[],"note":"这个词有多个读音，当前读音尚未完成英语词义整理。请输入完整词组；不自动套用其他读音的释义。","source":"词伴 · 多读音保护","license":"GPL-3.0-or-later","review":"待按读音整理","blocked":true}
粥#zhou	{"word":"粥","pinyin":"zhou","short":[],"senses":[],"note":"这个词有多个读音，当前读音尚未完成英语词义整理。请输入完整词组；不自动套用其他读音的释义。","source":"词伴 · 多读音保护","license":"GPL-3.0-or-later","review":"待按读音整理","blocked":true}
粮囤#liang dun	{"word":"粮囤","pinyin":"liang dun","short":[],"senses":[],"note":"这个词有多个读音，当前读音尚未完成英语词义整理。请输入完整词组；不自动套用其他读音的释义。","source":"词伴 · 多读音保护","license":"GPL-3.0-or-later","review":"待按读音整理","blocked":true}
粮囤#liang tun	{"word":"粮囤","pinyin":"liang tun","short":[],"senses":[],"note":"这个词有多个读音，当前读音尚未完成英语词义整理。请输入完整词组；不自动套用其他读音的释义。","source":"词伴 · 多读音保护","license":"GPL-3.0-or-later","review":"待按读音整理","blocked":true}
粮行#liang hang	{"word":"粮行","pinyin":"liang hang","short":[],"senses":[],"note":"这个词有多个读音，当前读音尚未完成英语词义整理。请输入完整词组；不自动套用其他读音的释义。","source":"词伴 · 多读音保护","license":"GPL-3.0-or-later","review":"待按读音整理","blocked":true}
粮行#liang xing	{"word":"粮行","pinyin":"liang xing","short":[],"senses":[],"note":"这个词有多个读音，当前读音尚未完成英语词义整理。请输入完整词组；不自动套用其他读音的释义。","source":"词伴 · 多读音保护","license":"GPL-3.0-or-later","review":"待按读音整理","blocked":true}
糁#san	{"word":"糁","pinyin":"san","short":[],"senses":[],"note":"这个词有多个读音，当前读音尚未完成英语词义整理。请输入完整词组；不自动套用其他读音的释义。","source":"词伴 · 多读音保护","license":"GPL-3.0-or-later","review":"待按读音整理","blocked":true}
糁#shen	{"word":"糁","pinyin":"shen","short":[],"senses":[],"note":"这个词有多个读音，当前读音尚未完成英语词义整理。请输入完整词组；不自动套用其他读音的释义。","source":"词伴 · 多读音保护","license":"GPL-3.0-or-later","review":"待按读音整理","blocked":true}
糜#mei	{"word":"糜","pinyin":"mei","short":[],"senses":[],"note":"这个词有多个读音，当前读音尚未完成英语词义整理。请输入完整词组；不自动套用其他读音的释义。","source":"词伴 · 多读音保护","license":"GPL-3.0-or-later","review":"待按读音整理","blocked":true}
糜#mi	{"word":"糜","pinyin":"mi","short":[],"senses":[],"note":"这个词有多个读音，当前读音尚未完成英语词义整理。请输入完整词组；不自动套用其他读音的释义。","source":"词伴 · 多读音保护","license":"GPL-3.0-or-later","review":"待按读音整理","blocked":true}
系#ji	{"word":"系","pinyin":"ji","short":["tie","fasten"],"senses":[{"text":"tie","pos":"动词 / 动词短语","lemma":"tie"},{"text":"fasten","pos":"动词 / 动词短语","lemma":"fasten"}],"note":"系绳、系安全带等；不是院系 department。","source":"词伴 · AI 英语学习整理","license":"GPL-3.0-or-later","review":"未独立英语编辑校审"}
系#xi	{"word":"系","pinyin":"xi","short":["system","department"],"senses":[{"text":"system","pos":"名词","lemma":"system"},{"text":"department","pos":"名词","lemma":"department"}],"note":"系统、院系等义项；整体词组优先。","source":"词伴 · AI 英语学习整理","license":"GPL-3.0-or-later","review":"未独立英语编辑校审"}
索还#suo hai	{"word":"索还","pinyin":"suo hai","short":[],"senses":[],"note":"这个词有多个读音，当前读音尚未完成英语词义整理。请输入完整词组；不自动套用其他读音的释义。","source":"词伴 · 多读音保护","license":"GPL-3.0-or-later","review":"待按读音整理","blocked":true}
索还#suo huan	{"word":"索还","pinyin":"suo huan","short":[],"senses":[],"note":"这个词有多个读音，当前读音尚未完成英语词义整理。请输入完整词组；不自动套用其他读音的释义。","source":"词伴 · 多读音保护","license":"GPL-3.0-or-later","review":"待按读音整理","blocked":true}
紫杉#zi sha	{"word":"紫杉","pinyin":"zi sha","short":[],"senses":[],"note":"这个词有多个读音，当前读音尚未完成英语词义整理。请输入完整词组；不自动套用其他读音的释义。","source":"词伴 · 多读音保护","license":"GPL-3.0-or-later","review":"待按读音整理","blocked":true}
紫杉#zi shan	{"word":"紫杉","pinyin":"zi shan","short":[],"senses":[],"note":"这个词有多个读音，当前读音尚未完成英语词义整理。请输入完整词组；不自动套用其他读音的释义。","source":"词伴 · 多读音保护","license":"GPL-3.0-or-later","review":"待按读音整理","blocked":true}
絜#jie	{"word":"絜","pinyin":"jie","short":[],"senses":[],"note":"这个词有多个读音，当前读音尚未完成英语词义整理。请输入完整词组；不自动套用其他读音的释义。","source":"词伴 · 多读音保护","license":"GPL-3.0-or-later","review":"待按读音整理","blocked":true}
絜#xie	{"word":"絜","pinyin":"xie","short":[],"senses":[],"note":"这个词有多个读音，当前读音尚未完成英语词义整理。请输入完整词组；不自动套用其他读音的释义。","source":"词伴 · 多读音保护","license":"GPL-3.0-or-later","review":"待按读音整理","blocked":true}
綮#qi	{"word":"綮","pinyin":"qi","short":[],"senses":[],"note":"这个词有多个读音，当前读音尚未完成英语词义整理。请输入完整词组；不自动套用其他读音的释义。","source":"词伴 · 多读音保护","license":"GPL-3.0-or-later","review":"待按读音整理","blocked":true}
綮#qing	{"word":"綮","pinyin":"qing","short":[],"senses":[],"note":"这个词有多个读音，当前读音尚未完成英语词义整理。请输入完整词组；不自动套用其他读音的释义。","source":"词伴 · 多读音保护","license":"GPL-3.0-or-later","review":"待按读音整理","blocked":true}
繁#fan	{"word":"繁","pinyin":"fan","short":[],"senses":[],"note":"这个词有多个读音，当前读音尚未完成英语词义整理。请输入完整词组；不自动套用其他读音的释义。","source":"词伴 · 多读音保护","license":"GPL-3.0-or-later","review":"待按读音整理","blocked":true}
繁#po	{"word":"繁","pinyin":"po","short":[],"senses":[],"note":"这个词有多个读音，当前读音尚未完成英语词义整理。请输入完整词组；不自动套用其他读音的释义。","source":"词伴 · 多读音保护","license":"GPL-3.0-or-later","review":"待按读音整理","blocked":true}
繇#yao	{"word":"繇","pinyin":"yao","short":[],"senses":[],"note":"这个词有多个读音，当前读音尚未完成英语词义整理。请输入完整词组；不自动套用其他读音的释义。","source":"词伴 · 多读音保护","license":"GPL-3.0-or-later","review":"待按读音整理","blocked":true}
繇#you	{"word":"繇","pinyin":"you","short":[],"senses":[],"note":"这个词有多个读音，当前读音尚未完成英语词义整理。请输入完整词组；不自动套用其他读音的释义。","source":"词伴 · 多读音保护","license":"GPL-3.0-or-later","review":"待按读音整理","blocked":true}
繇#zhou	{"word":"繇","pinyin":"zhou","short":[],"senses":[],"note":"这个词有多个读音，当前读音尚未完成英语词义整理。请输入完整词组；不自动套用其他读音的释义。","source":"词伴 · 多读音保护","license":"GPL-3.0-or-later","review":"待按读音整理","blocked":true}
红#gong	{"word":"红","pinyin":"gong","short":[],"senses":[],"note":"这个词有多个读音，当前读音尚未完成英语词义整理。请输入完整词组；不自动套用其他读音的释义。","source":"词伴 · 多读音保护","license":"GPL-3.0-or-later","review":"待按读音整理","blocked":true}
红#hong	{"word":"红","pinyin":"hong","short":["red"],"senses":[{"text":"red","pos":"形容词"}],"note":"颜色；走红、红利等词组不直接逐字套 red。","source":"词伴 · AI 英语学习整理","license":"GPL-3.0-or-later","review":"未独立英语编辑校审"}
红参#hong can	{"word":"红参","pinyin":"hong can","short":[],"senses":[],"note":"这个词有多个读音，当前读音尚未完成英语词义整理。请输入完整词组；不自动套用其他读音的释义。","source":"词伴 · 多读音保护","license":"GPL-3.0-or-later","review":"待按读音整理","blocked":true}
红参#hong shen	{"word":"红参","pinyin":"hong shen","short":[],"senses":[],"note":"这个词有多个读音，当前读音尚未完成英语词义整理。请输入完整词组；不自动套用其他读音的释义。","source":"词伴 · 多读音保护","license":"GPL-3.0-or-later","review":"待按读音整理","blocked":true}
纤#qian	{"word":"纤","pinyin":"qian","short":[],"senses":[],"note":"这个词有多个读音，当前读音尚未完成英语词义整理。请输入完整词组；不自动套用其他读音的释义。","source":"词伴 · 多读音保护","license":"GPL-3.0-or-later","review":"待按读音整理","blocked":true}
纤#xian	{"word":"纤","pinyin":"xian","short":[],"senses":[],"note":"这个词有多个读音，当前读音尚未完成英语词义整理。请输入完整词组；不自动套用其他读音的释义。","source":"词伴 · 多读音保护","license":"GPL-3.0-or-later","review":"待按读音整理","blocked":true}
纥#ge	{"word":"纥","pinyin":"ge","short":[],"senses":[],"note":"这个词有多个读音，当前读音尚未完成英语词义整理。请输入完整词组；不自动套用其他读音的释义。","source":"词伴 · 多读音保护","license":"GPL-3.0-or-later","review":"待按读音整理","blocked":true}
纥#he	{"word":"纥","pinyin":"he","short":[],"senses":[],"note":"这个词有多个读音，当前读音尚未完成英语词义整理。请输入完整词组；不自动套用其他读音的释义。","source":"词伴 · 多读音保护","license":"GPL-3.0-or-later","review":"待按读音整理","blocked":true}
约#yao	{"word":"约","pinyin":"yao","short":[],"senses":[],"note":"这个词有多个读音，当前读音尚未完成英语词义整理。请输入完整词组；不自动套用其他读音的释义。","source":"词伴 · 多读音保护","license":"GPL-3.0-or-later","review":"待按读音整理","blocked":true}
约#yue	{"word":"约","pinyin":"yue","short":["about","arrange"],"senses":[{"text":"about","pos":"副词"},{"text":"arrange","pos":"动词 / 动词短语","lemma":"arrange"}],"note":"大约与约定是两个意思；预约、条约等需学完整词组。","source":"词伴 · AI 英语学习整理","license":"GPL-3.0-or-later","review":"未独立英语编辑校审"}
纶#guan	{"word":"纶","pinyin":"guan","short":[],"senses":[],"note":"这个词有多个读音，当前读音尚未完成英语词义整理。请输入完整词组；不自动套用其他读音的释义。","source":"词伴 · 多读音保护","license":"GPL-3.0-or-later","review":"待按读音整理","blocked":true}
纶#lun	{"word":"纶","pinyin":"lun","short":[],"senses":[],"note":"这个词有多个读音，当前读音尚未完成英语词义整理。请输入完整词组；不自动套用其他读音的释义。","source":"词伴 · 多读音保护","license":"GPL-3.0-or-later","review":"待按读音整理","blocked":true}
组长#zu chang	{"word":"组长","pinyin":"zu chang","short":[],"senses":[],"note":"这个词有多个读音，当前读音尚未完成英语词义整理。请输入完整词组；不自动套用其他读音的释义。","source":"词伴 · 多读音保护","license":"GPL-3.0-or-later","review":"待按读音整理","blocked":true}
组长#zu zhang	{"word":"组长","pinyin":"zu zhang","short":[],"senses":[],"note":"这个词有多个读音，当前读音尚未完成英语词义整理。请输入完整词组；不自动套用其他读音的释义。","source":"词伴 · 多读音保护","license":"GPL-3.0-or-later","review":"待按读音整理","blocked":true}
细嚼慢咽#xi jiao man yan	{"word":"细嚼慢咽","pinyin":"xi jiao man yan","short":[],"senses":[],"note":"这个词有多个读音，当前读音尚未完成英语词义整理。请输入完整词组；不自动套用其他读音的释义。","source":"词伴 · 多读音保护","license":"GPL-3.0-or-later","review":"待按读音整理","blocked":true}
细嚼慢咽#xi jiao man ye	{"word":"细嚼慢咽","pinyin":"xi jiao man ye","short":[],"senses":[],"note":"这个词有多个读音，当前读音尚未完成英语词义整理。请输入完整词组；不自动套用其他读音的释义。","source":"词伴 · 多读音保护","license":"GPL-3.0-or-later","review":"待按读音整理","blocked":true}
结束#jie shu	{"word":"结束","pinyin":"jie shu","short":["finish","end"],"senses":[{"text":"finish","pos":"动词 / 动词短语","lemma":"finish"},{"text":"end","pos":"动词 / 动词短语","lemma":"end"}],"countability":"","forms":"finish–finished–finished；end–ended–ended","note":"finish 后接动词时常用 ing。","example":"I've finished reading.","source":"词伴 · AI 英语学习整理","license":"GPL-3.0-or-later","review":"未独立英语编辑校审"}
结账#jie zhang	{"word":"结账","pinyin":"jie zhang","short":["pay the bill"],"senses":[{"text":"pay the bill","pos":"会话表达 / 短语"}],"note":"餐厅请求账单常用 The bill, please。","example":"Could I have the bill, please?","source":"词伴 · AI 英语学习整理","license":"GPL-3.0-or-later","review":"未独立英语编辑校审"}
给#gei	{"word":"给","pinyin":"gei","short":["give","to"],"senses":[{"text":"give","pos":"动词 / 动词短语","lemma":"give"},{"text":"to","pos":"介词"}],"note":"给东西与引出对象采用不同结构。","source":"词伴 · AI 英语学习整理","license":"GPL-3.0-or-later","review":"未独立英语编辑校审"}
给#ji	{"word":"给","pinyin":"ji","short":["supply"],"senses":[{"text":"supply","pos":"动词 / 动词短语","lemma":"supply"}],"note":"常见于供给、给予；优先学习完整词组。","source":"词伴 · AI 英语学习整理","license":"GPL-3.0-or-later","review":"未独立英语编辑校审"}
给你#gei ni	{"word":"给你","pinyin":"gei ni","short":["for you","give you…"],"senses":[{"text":"for you","pos":"会话表达 / 短语"},{"text":"give you…","pos":"会话表达 / 短语"}],"note":"“给你的”与“给你东西”分别用不同结构。","example":"This is for you.","source":"词伴 · AI 英语学习整理","license":"GPL-3.0-or-later","review":"未独立英语编辑校审"}
络#lao	{"word":"络","pinyin":"lao","short":[],"senses":[],"note":"这个词有多个读音，当前读音尚未完成英语词义整理。请输入完整词组；不自动套用其他读音的释义。","source":"词伴 · 多读音保护","license":"GPL-3.0-or-later","review":"待按读音整理","blocked":true}
络#luo	{"word":"络","pinyin":"luo","short":[],"senses":[],"note":"这个词有多个读音，当前读音尚未完成英语词义整理。请输入完整词组；不自动套用其他读音的释义。","source":"词伴 · 多读音保护","license":"GPL-3.0-or-later","review":"待按读音整理","blocked":true}
绰#chao	{"word":"绰","pinyin":"chao","short":[],"senses":[],"note":"这个词有多个读音，当前读音尚未完成英语词义整理。请输入完整词组；不自动套用其他读音的释义。","source":"词伴 · 多读音保护","license":"GPL-3.0-or-later","review":"待按读音整理","blocked":true}
绰#chuo	{"word":"绰","pinyin":"chuo","short":[],"senses":[],"note":"这个词有多个读音，当前读音尚未完成英语词义整理。请输入完整词组；不自动套用其他读音的释义。","source":"词伴 · 多读音保护","license":"GPL-3.0-or-later","review":"待按读音整理","blocked":true}
综#zeng	{"word":"综","pinyin":"zeng","short":[],"senses":[],"note":"这个词有多个读音，当前读音尚未完成英语词义整理。请输入完整词组；不自动套用其他读音的释义。","source":"词伴 · 多读音保护","license":"GPL-3.0-or-later","review":"待按读音整理","blocked":true}
综#zong	{"word":"综","pinyin":"zong","short":[],"senses":[],"note":"这个词有多个读音，当前读音尚未完成英语词义整理。请输入完整词组；不自动套用其他读音的释义。","source":"词伴 · 多读音保护","license":"GPL-3.0-or-later","review":"待按读音整理","blocked":true}
绿#lu	{"word":"绿","pinyin":"lu","short":[],"senses":[],"note":"这个词有多个读音，当前读音尚未完成英语词义整理。请输入完整词组；不自动套用其他读音的释义。","source":"词伴 · 多读音保护","license":"GPL-3.0-or-later","review":"待按读音整理","blocked":true}
绿#lv	{"word":"绿","pinyin":"lv","short":[],"senses":[],"note":"这个词有多个读音，当前读音尚未完成英语词义整理。请输入完整词组；不自动套用其他读音的释义。","source":"词伴 · 多读音保护","license":"GPL-3.0-or-later","review":"待按读音整理","blocked":true}
缉#ji	{"word":"缉","pinyin":"ji","short":[],"senses":[],"note":"这个词有多个读音，当前读音尚未完成英语词义整理。请输入完整词组；不自动套用其他读音的释义。","source":"词伴 · 多读音保护","license":"GPL-3.0-or-later","review":"待按读音整理","blocked":true}
缉#qi	{"word":"缉","pinyin":"qi","short":[],"senses":[],"note":"这个词有多个读音，当前读音尚未完成英语词义整理。请输入完整词组；不自动套用其他读音的释义。","source":"词伴 · 多读音保护","license":"GPL-3.0-or-later","review":"待按读音整理","blocked":true}
缩#su	{"word":"缩","pinyin":"su","short":[],"senses":[],"note":"这个词有多个读音，当前读音尚未完成英语词义整理。请输入完整词组；不自动套用其他读音的释义。","source":"词伴 · 多读音保护","license":"GPL-3.0-or-later","review":"待按读音整理","blocked":true}
缩#suo	{"word":"缩","pinyin":"suo","short":[],"senses":[],"note":"这个词有多个读音，当前读音尚未完成英语词义整理。请输入完整词组；不自动套用其他读音的释义。","source":"词伴 · 多读音保护","license":"GPL-3.0-or-later","review":"待按读音整理","blocked":true}
缪#miao	{"word":"缪","pinyin":"miao","short":[],"senses":[],"note":"这个词有多个读音，当前读音尚未完成英语词义整理。请输入完整词组；不自动套用其他读音的释义。","source":"词伴 · 多读音保护","license":"GPL-3.0-or-later","review":"待按读音整理","blocked":true}
缪#miu	{"word":"缪","pinyin":"miu","short":[],"senses":[],"note":"这个词有多个读音，当前读音尚未完成英语词义整理。请输入完整词组；不自动套用其他读音的释义。","source":"词伴 · 多读音保护","license":"GPL-3.0-or-later","review":"待按读音整理","blocked":true}
缪#mou	{"word":"缪","pinyin":"mou","short":[],"senses":[],"note":"这个词有多个读音，当前读音尚未完成英语词义整理。请输入完整词组；不自动套用其他读音的释义。","source":"词伴 · 多读音保护","license":"GPL-3.0-or-later","review":"待按读音整理","blocked":true}
缲#qiao	{"word":"缲","pinyin":"qiao","short":[],"senses":[],"note":"这个词有多个读音，当前读音尚未完成英语词义整理。请输入完整词组；不自动套用其他读音的释义。","source":"词伴 · 多读音保护","license":"GPL-3.0-or-later","review":"待按读音整理","blocked":true}
缲#sao	{"word":"缲","pinyin":"sao","short":[],"senses":[],"note":"这个词有多个读音，当前读音尚未完成英语词义整理。请输入完整词组；不自动套用其他读音的释义。","source":"词伴 · 多读音保护","license":"GPL-3.0-or-later","review":"待按读音整理","blocked":true}
缴#jiao	{"word":"缴","pinyin":"jiao","short":[],"senses":[],"note":"这个词有多个读音，当前读音尚未完成英语词义整理。请输入完整词组；不自动套用其他读音的释义。","source":"词伴 · 多读音保护","license":"GPL-3.0-or-later","review":"待按读音整理","blocked":true}
缴#zhuo	{"word":"缴","pinyin":"zhuo","short":[],"senses":[],"note":"这个词有多个读音，当前读音尚未完成英语词义整理。请输入完整词组；不自动套用其他读音的释义。","source":"词伴 · 多读音保护","license":"GPL-3.0-or-later","review":"待按读音整理","blocked":true}
罢了#ba le	{"word":"罢了","pinyin":"ba le","short":[],"senses":[],"note":"这个词有多个读音，当前读音尚未完成英语词义整理。请输入完整词组；不自动套用其他读音的释义。","source":"词伴 · 多读音保护","license":"GPL-3.0-or-later","review":"待按读音整理","blocked":true}
罢了#ba liao	{"word":"罢了","pinyin":"ba liao","short":[],"senses":[],"note":"这个词有多个读音，当前读音尚未完成英语词义整理。请输入完整词组；不自动套用其他读音的释义。","source":"词伴 · 多读音保护","license":"GPL-3.0-or-later","review":"待按读音整理","blocked":true}
羊圈#yang juan	{"word":"羊圈","pinyin":"yang juan","short":[],"senses":[],"note":"这个词有多个读音，当前读音尚未完成英语词义整理。请输入完整词组；不自动套用其他读音的释义。","source":"词伴 · 多读音保护","license":"GPL-3.0-or-later","review":"待按读音整理","blocked":true}
羊圈#yang quan	{"word":"羊圈","pinyin":"yang quan","short":[],"senses":[],"note":"这个词有多个读音，当前读音尚未完成英语词义整理。请输入完整词组；不自动套用其他读音的释义。","source":"词伴 · 多读音保护","license":"GPL-3.0-or-later","review":"待按读音整理","blocked":true}
翟#di	{"word":"翟","pinyin":"di","short":[],"senses":[],"note":"这个词有多个读音，当前读音尚未完成英语词义整理。请输入完整词组；不自动套用其他读音的释义。","source":"词伴 · 多读音保护","license":"GPL-3.0-or-later","review":"待按读音整理","blocked":true}
翟#zhai	{"word":"翟","pinyin":"zhai","short":[],"senses":[],"note":"这个词有多个读音，当前读音尚未完成英语词义整理。请输入完整词组；不自动套用其他读音的释义。","source":"词伴 · 多读音保护","license":"GPL-3.0-or-later","review":"待按读音整理","blocked":true}
老师#lao shi	{"word":"老师","pinyin":"lao shi","short":["teacher"],"senses":[{"text":"teacher","pos":"名词","lemma":"teacher"}],"countability":"可数名词","forms":"复数 teachers","note":"英文 teacher 不按性别变形。","example":"She's a teacher.","source":"词伴 · AI 英语学习整理","license":"GPL-3.0-or-later","review":"未独立英语编辑校审"}
耑#duan	{"word":"耑","pinyin":"duan","short":[],"senses":[],"note":"这个词有多个读音，当前读音尚未完成英语词义整理。请输入完整词组；不自动套用其他读音的释义。","source":"词伴 · 多读音保护","license":"GPL-3.0-or-later","review":"待按读音整理","blocked":true}
耑#zhuan	{"word":"耑","pinyin":"zhuan","short":[],"senses":[],"note":"这个词有多个读音，当前读音尚未完成英语词义整理。请输入完整词组；不自动套用其他读音的释义。","source":"词伴 · 多读音保护","license":"GPL-3.0-or-later","review":"待按读音整理","blocked":true}
耙#ba	{"word":"耙","pinyin":"ba","short":[],"senses":[],"note":"这个词有多个读音，当前读音尚未完成英语词义整理。请输入完整词组；不自动套用其他读音的释义。","source":"词伴 · 多读音保护","license":"GPL-3.0-or-later","review":"待按读音整理","blocked":true}
耙#pa	{"word":"耙","pinyin":"pa","short":[],"senses":[],"note":"这个词有多个读音，当前读音尚未完成英语词义整理。请输入完整词组；不自动套用其他读音的释义。","source":"词伴 · 多读音保护","license":"GPL-3.0-or-later","review":"待按读音整理","blocked":true}
肉脯#rou fu	{"word":"肉脯","pinyin":"rou fu","short":[],"senses":[],"note":"这个词有多个读音，当前读音尚未完成英语词义整理。请输入完整词组；不自动套用其他读音的释义。","source":"词伴 · 多读音保护","license":"GPL-3.0-or-later","review":"待按读音整理","blocked":true}
肉脯#rou pu	{"word":"肉脯","pinyin":"rou pu","short":[],"senses":[],"note":"这个词有多个读音，当前读音尚未完成英语词义整理。请输入完整词组；不自动套用其他读音的释义。","source":"词伴 · 多读音保护","license":"GPL-3.0-or-later","review":"待按读音整理","blocked":true}
肋#le	{"word":"肋","pinyin":"le","short":[],"senses":[],"note":"这个词有多个读音，当前读音尚未完成英语词义整理。请输入完整词组；不自动套用其他读音的释义。","source":"词伴 · 多读音保护","license":"GPL-3.0-or-later","review":"待按读音整理","blocked":true}
肋#lei	{"word":"肋","pinyin":"lei","short":[],"senses":[],"note":"这个词有多个读音，当前读音尚未完成英语词义整理。请输入完整词组；不自动套用其他读音的释义。","source":"词伴 · 多读音保护","license":"GPL-3.0-or-later","review":"待按读音整理","blocked":true}
育#yo	{"word":"育","pinyin":"yo","short":[],"senses":[],"note":"这个词有多个读音，当前读音尚未完成英语词义整理。请输入完整词组；不自动套用其他读音的释义。","source":"词伴 · 多读音保护","license":"GPL-3.0-or-later","review":"待按读音整理","blocked":true}
育#yu	{"word":"育","pinyin":"yu","short":[],"senses":[],"note":"这个词有多个读音，当前读音尚未完成英语词义整理。请输入完整词组；不自动套用其他读音的释义。","source":"词伴 · 多读音保护","license":"GPL-3.0-or-later","review":"待按读音整理","blocked":true}
胖#pan	{"word":"胖","pinyin":"pan","short":[],"senses":[],"note":"这个词有多个读音，当前读音尚未完成英语词义整理。请输入完整词组；不自动套用其他读音的释义。","source":"词伴 · 多读音保护","license":"GPL-3.0-or-later","review":"待按读音整理","blocked":true}
胖#pang	{"word":"胖","pinyin":"pang","short":["fat","plump"],"senses":[{"text":"fat","pos":"形容词"},{"text":"plump","pos":"形容词"}],"note":"描述体型可能显得不礼貌，按场合谨慎使用。","source":"词伴 · AI 英语学习整理","license":"GPL-3.0-or-later","review":"未独立英语编辑校审"}
胳#ga	{"word":"胳","pinyin":"ga","short":[],"senses":[],"note":"这个词有多个读音，当前读音尚未完成英语词义整理。请输入完整词组；不自动套用其他读音的释义。","source":"词伴 · 多读音保护","license":"GPL-3.0-or-later","review":"待按读音整理","blocked":true}
胳#ge	{"word":"胳","pinyin":"ge","short":[],"senses":[],"note":"这个词有多个读音，当前读音尚未完成英语词义整理。请输入完整词组；不自动套用其他读音的释义。","source":"词伴 · 多读音保护","license":"GPL-3.0-or-later","review":"待按读音整理","blocked":true}
胳肢窝#ga zhi wo	{"word":"胳肢窝","pinyin":"ga zhi wo","short":[],"senses":[],"note":"这个词有多个读音，当前读音尚未完成英语词义整理。请输入完整词组；不自动套用其他读音的释义。","source":"词伴 · 多读音保护","license":"GPL-3.0-or-later","review":"待按读音整理","blocked":true}
胳肢窝#ge zhi wo	{"word":"胳肢窝","pinyin":"ge zhi wo","short":[],"senses":[],"note":"这个词有多个读音，当前读音尚未完成英语词义整理。请输入完整词组；不自动套用其他读音的释义。","source":"词伴 · 多读音保护","license":"GPL-3.0-or-later","review":"待按读音整理","blocked":true}
脉#mai	{"word":"脉","pinyin":"mai","short":[],"senses":[],"note":"这个词有多个读音，当前读音尚未完成英语词义整理。请输入完整词组；不自动套用其他读音的释义。","source":"词伴 · 多读音保护","license":"GPL-3.0-or-later","review":"待按读音整理","blocked":true}
脉#mo	{"word":"脉","pinyin":"mo","short":[],"senses":[],"note":"这个词有多个读音，当前读音尚未完成英语词义整理。请输入完整词组；不自动套用其他读音的释义。","source":"词伴 · 多读音保护","license":"GPL-3.0-or-later","review":"待按读音整理","blocked":true}
脚#jiao	{"word":"脚","pinyin":"jiao","short":["foot"],"senses":[{"text":"foot","pos":"名词","lemma":"foot"}],"countability":"可数名词","forms":"复数 feet","note":"不规则复数。","example":"My feet hurt.","source":"词伴 · AI 英语学习整理","license":"GPL-3.0-or-later","review":"未独立英语编辑校审"}
脚#jue	{"word":"脚","pinyin":"jue","short":[],"senses":[],"note":"这个词有多个读音，当前读音尚未完成英语词义整理。请输入完整词组；不自动套用其他读音的释义。","source":"词伴 · 多读音保护","license":"GPL-3.0-or-later","review":"待按读音整理","blocked":true}
脯#fu	{"word":"脯","pinyin":"fu","short":[],"senses":[],"note":"这个词有多个读音，当前读音尚未完成英语词义整理。请输入完整词组；不自动套用其他读音的释义。","source":"词伴 · 多读音保护","license":"GPL-3.0-or-later","review":"待按读音整理","blocked":true}
脯#pu	{"word":"脯","pinyin":"pu","short":[],"senses":[],"note":"这个词有多个读音，当前读音尚未完成英语词义整理。请输入完整词组；不自动套用其他读音的释义。","source":"词伴 · 多读音保护","license":"GPL-3.0-or-later","review":"待按读音整理","blocked":true}
腊#la	{"word":"腊","pinyin":"la","short":[],"senses":[],"note":"这个词有多个读音，当前读音尚未完成英语词义整理。请输入完整词组；不自动套用其他读音的释义。","source":"词伴 · 多读音保护","license":"GPL-3.0-or-later","review":"待按读音整理","blocked":true}
腊#xi	{"word":"腊","pinyin":"xi","short":[],"senses":[],"note":"这个词有多个读音，当前读音尚未完成英语词义整理。请输入完整词组；不自动套用其他读音的释义。","source":"词伴 · 多读音保护","license":"GPL-3.0-or-later","review":"待按读音整理","blocked":true}
腌#a	{"word":"腌","pinyin":"a","short":[],"senses":[],"note":"这个词有多个读音，当前读音尚未完成英语词义整理。请输入完整词组；不自动套用其他读音的释义。","source":"词伴 · 多读音保护","license":"GPL-3.0-or-later","review":"待按读音整理","blocked":true}
腌#yan	{"word":"腌","pinyin":"yan","short":[],"senses":[],"note":"这个词有多个读音，当前读音尚未完成英语词义整理。请输入完整词组；不自动套用其他读音的释义。","source":"词伴 · 多读音保护","license":"GPL-3.0-or-later","review":"待按读音整理","blocked":true}
膀#bang	{"word":"膀","pinyin":"bang","short":[],"senses":[],"note":"这个词有多个读音，当前读音尚未完成英语词义整理。请输入完整词组；不自动套用其他读音的释义。","source":"词伴 · 多读音保护","license":"GPL-3.0-or-later","review":"待按读音整理","blocked":true}
膀#pang	{"word":"膀","pinyin":"pang","short":[],"senses":[],"note":"这个词有多个读音，当前读音尚未完成英语词义整理。请输入完整词组；不自动套用其他读音的释义。","source":"词伴 · 多读音保护","license":"GPL-3.0-or-later","review":"待按读音整理","blocked":true}
臂#bei	{"word":"臂","pinyin":"bei","short":[],"senses":[],"note":"这个词有多个读音，当前读音尚未完成英语词义整理。请输入完整词组；不自动套用其他读音的释义。","source":"词伴 · 多读音保护","license":"GPL-3.0-or-later","review":"待按读音整理","blocked":true}
臂#bi	{"word":"臂","pinyin":"bi","short":[],"senses":[],"note":"这个词有多个读音，当前读音尚未完成英语词义整理。请输入完整词组；不自动套用其他读音的释义。","source":"词伴 · 多读音保护","license":"GPL-3.0-or-later","review":"待按读音整理","blocked":true}
自己的#zi ji de	{"word":"自己的","pinyin":"zi ji de","short":["one's own"],"senses":[{"text":"one's own","pos":"会话表达 / 短语"}],"note":"所有格随所属者改变。","example":"She has her own room.","source":"词伴 · AI 英语学习整理","license":"GPL-3.0-or-later","review":"未独立英语编辑校审"}
自省#zi sheng	{"word":"自省","pinyin":"zi sheng","short":[],"senses":[],"note":"这个词有多个读音，当前读音尚未完成英语词义整理。请输入完整词组；不自动套用其他读音的释义。","source":"词伴 · 多读音保护","license":"GPL-3.0-or-later","review":"待按读音整理","blocked":true}
自省#zi xing	{"word":"自省","pinyin":"zi xing","short":[],"senses":[],"note":"这个词有多个读音，当前读音尚未完成英语词义整理。请输入完整词组；不自动套用其他读音的释义。","source":"词伴 · 多读音保护","license":"GPL-3.0-or-later","review":"待按读音整理","blocked":true}
臭#chou	{"word":"臭","pinyin":"chou","short":[],"senses":[],"note":"这个词有多个读音，当前读音尚未完成英语词义整理。请输入完整词组；不自动套用其他读音的释义。","source":"词伴 · 多读音保护","license":"GPL-3.0-or-later","review":"待按读音整理","blocked":true}
臭#xiu	{"word":"臭","pinyin":"xiu","short":[],"senses":[],"note":"这个词有多个读音，当前读音尚未完成英语词义整理。请输入完整词组；不自动套用其他读音的释义。","source":"词伴 · 多读音保护","license":"GPL-3.0-or-later","review":"待按读音整理","blocked":true}
般#ban	{"word":"般","pinyin":"ban","short":[],"senses":[],"note":"这个词有多个读音，当前读音尚未完成英语词义整理。请输入完整词组；不自动套用其他读音的释义。","source":"词伴 · 多读音保护","license":"GPL-3.0-or-later","review":"待按读音整理","blocked":true}
般#bo	{"word":"般","pinyin":"bo","short":[],"senses":[],"note":"这个词有多个读音，当前读音尚未完成英语词义整理。请输入完整词组；不自动套用其他读音的释义。","source":"词伴 · 多读音保护","license":"GPL-3.0-or-later","review":"待按读音整理","blocked":true}
般#pan	{"word":"般","pinyin":"pan","short":[],"senses":[],"note":"这个词有多个读音，当前读音尚未完成英语词义整理。请输入完整词组；不自动套用其他读音的释义。","source":"词伴 · 多读音保护","license":"GPL-3.0-or-later","review":"待按读音整理","blocked":true}
色#se	{"word":"色","pinyin":"se","short":[],"senses":[],"note":"这个词有多个读音，当前读音尚未完成英语词义整理。请输入完整词组；不自动套用其他读音的释义。","source":"词伴 · 多读音保护","license":"GPL-3.0-or-later","review":"待按读音整理","blocked":true}
色#shai	{"word":"色","pinyin":"shai","short":[],"senses":[],"note":"这个词有多个读音，当前读音尚未完成英语词义整理。请输入完整词组；不自动套用其他读音的释义。","source":"词伴 · 多读音保护","license":"GPL-3.0-or-later","review":"待按读音整理","blocked":true}
艾#ai	{"word":"艾","pinyin":"ai","short":[],"senses":[],"note":"这个词有多个读音，当前读音尚未完成英语词义整理。请输入完整词组；不自动套用其他读音的释义。","source":"词伴 · 多读音保护","license":"GPL-3.0-or-later","review":"待按读音整理","blocked":true}
艾#yi	{"word":"艾","pinyin":"yi","short":[],"senses":[],"note":"这个词有多个读音，当前读音尚未完成英语词义整理。请输入完整词组；不自动套用其他读音的释义。","source":"词伴 · 多读音保护","license":"GPL-3.0-or-later","review":"待按读音整理","blocked":true}
节日快乐#jie ri kuai le	{"word":"节日快乐","pinyin":"jie ri kuai le","short":["happy holidays!"],"senses":[{"text":"happy holidays!","pos":"会话表达 / 短语"}],"note":"泛指节庆问候，具体节日可用节日名称。","example":"Happy holidays!","source":"词伴 · AI 英语学习整理","license":"GPL-3.0-or-later","review":"未独立英语编辑校审"}
芒#mang	{"word":"芒","pinyin":"mang","short":[],"senses":[],"note":"这个词有多个读音，当前读音尚未完成英语词义整理。请输入完整词组；不自动套用其他读音的释义。","source":"词伴 · 多读音保护","license":"GPL-3.0-or-later","review":"待按读音整理","blocked":true}
芒#wang	{"word":"芒","pinyin":"wang","short":[],"senses":[],"note":"这个词有多个读音，当前读音尚未完成英语词义整理。请输入完整词组；不自动套用其他读音的释义。","source":"词伴 · 多读音保护","license":"GPL-3.0-or-later","review":"待按读音整理","blocked":true}
芥#gai	{"word":"芥","pinyin":"gai","short":[],"senses":[],"note":"这个词有多个读音，当前读音尚未完成英语词义整理。请输入完整词组；不自动套用其他读音的释义。","source":"词伴 · 多读音保护","license":"GPL-3.0-or-later","review":"待按读音整理","blocked":true}
芥#jie	{"word":"芥","pinyin":"jie","short":[],"senses":[],"note":"这个词有多个读音，当前读音尚未完成英语词义整理。请输入完整词组；不自动套用其他读音的释义。","source":"词伴 · 多读音保护","license":"GPL-3.0-or-later","review":"待按读音整理","blocked":true}
芫#yan	{"word":"芫","pinyin":"yan","short":[],"senses":[],"note":"这个词有多个读音，当前读音尚未完成英语词义整理。请输入完整词组；不自动套用其他读音的释义。","source":"词伴 · 多读音保护","license":"GPL-3.0-or-later","review":"待按读音整理","blocked":true}
芫#yuan	{"word":"芫","pinyin":"yuan","short":[],"senses":[],"note":"这个词有多个读音，当前读音尚未完成英语词义整理。请输入完整词组；不自动套用其他读音的释义。","source":"词伴 · 多读音保护","license":"GPL-3.0-or-later","review":"待按读音整理","blocked":true}
芾#fei	{"word":"芾","pinyin":"fei","short":[],"senses":[],"note":"这个词有多个读音，当前读音尚未完成英语词义整理。请输入完整词组；不自动套用其他读音的释义。","source":"词伴 · 多读音保护","license":"GPL-3.0-or-later","review":"待按读音整理","blocked":true}
芾#fu	{"word":"芾","pinyin":"fu","short":[],"senses":[],"note":"这个词有多个读音，当前读音尚未完成英语词义整理。请输入完整词组；不自动套用其他读音的释义。","source":"词伴 · 多读音保护","license":"GPL-3.0-or-later","review":"待按读音整理","blocked":true}
苕#shao	{"word":"苕","pinyin":"shao","short":[],"senses":[],"note":"这个词有多个读音，当前读音尚未完成英语词义整理。请输入完整词组；不自动套用其他读音的释义。","source":"词伴 · 多读音保护","license":"GPL-3.0-or-later","review":"待按读音整理","blocked":true}
苕#tiao	{"word":"苕","pinyin":"tiao","short":[],"senses":[],"note":"这个词有多个读音，当前读音尚未完成英语词义整理。请输入完整词组；不自动套用其他读音的释义。","source":"词伴 · 多读音保护","license":"GPL-3.0-or-later","review":"待按读音整理","blocked":true}
苣#ju	{"word":"苣","pinyin":"ju","short":[],"senses":[],"note":"这个词有多个读音，当前读音尚未完成英语词义整理。请输入完整词组；不自动套用其他读音的释义。","source":"词伴 · 多读音保护","license":"GPL-3.0-or-later","review":"待按读音整理","blocked":true}
苣#qu	{"word":"苣","pinyin":"qu","short":[],"senses":[],"note":"这个词有多个读音，当前读音尚未完成英语词义整理。请输入完整词组；不自动套用其他读音的释义。","source":"词伴 · 多读音保护","license":"GPL-3.0-or-later","review":"待按读音整理","blocked":true}
若#re	{"word":"若","pinyin":"re","short":[],"senses":[],"note":"这个词有多个读音，当前读音尚未完成英语词义整理。请输入完整词组；不自动套用其他读音的释义。","source":"词伴 · 多读音保护","license":"GPL-3.0-or-later","review":"待按读音整理","blocked":true}
若#ruo	{"word":"若","pinyin":"ruo","short":[],"senses":[],"note":"这个词有多个读音，当前读音尚未完成英语词义整理。请输入完整词组；不自动套用其他读音的释义。","source":"词伴 · 多读音保护","license":"GPL-3.0-or-later","review":"待按读音整理","blocked":true}
茄#jia	{"word":"茄","pinyin":"jia","short":[],"senses":[],"note":"这个词有多个读音，当前读音尚未完成英语词义整理。请输入完整词组；不自动套用其他读音的释义。","source":"词伴 · 多读音保护","license":"GPL-3.0-or-later","review":"待按读音整理","blocked":true}
茄#qie	{"word":"茄","pinyin":"qie","short":[],"senses":[],"note":"这个词有多个读音，当前读音尚未完成英语词义整理。请输入完整词组；不自动套用其他读音的释义。","source":"词伴 · 多读音保护","license":"GPL-3.0-or-later","review":"待按读音整理","blocked":true}
茈#ci	{"word":"茈","pinyin":"ci","short":[],"senses":[],"note":"这个词有多个读音，当前读音尚未完成英语词义整理。请输入完整词组；不自动套用其他读音的释义。","source":"词伴 · 多读音保护","license":"GPL-3.0-or-later","review":"待按读音整理","blocked":true}
茈#zi	{"word":"茈","pinyin":"zi","short":[],"senses":[],"note":"这个词有多个读音，当前读音尚未完成英语词义整理。请输入完整词组；不自动套用其他读音的释义。","source":"词伴 · 多读音保护","license":"GPL-3.0-or-later","review":"待按读音整理","blocked":true}
茜#qian	{"word":"茜","pinyin":"qian","short":[],"senses":[],"note":"这个词有多个读音，当前读音尚未完成英语词义整理。请输入完整词组；不自动套用其他读音的释义。","source":"词伴 · 多读音保护","license":"GPL-3.0-or-later","review":"待按读音整理","blocked":true}
茜#xi	{"word":"茜","pinyin":"xi","short":[],"senses":[],"note":"这个词有多个读音，当前读音尚未完成英语词义整理。请输入完整词组；不自动套用其他读音的释义。","source":"词伴 · 多读音保护","license":"GPL-3.0-or-later","review":"待按读音整理","blocked":true}
茶#cha	{"word":"茶","pinyin":"cha","short":["tea"],"senses":[{"text":"tea","pos":"名词","lemma":"tea"}],"countability":"饮品通常不可数；杯/份可数","forms":"","note":"一些茶 some tea；点一杯可说 a tea。","example":"Would you like some tea?","source":"词伴 · AI 英语学习整理","license":"GPL-3.0-or-later","review":"未独立英语编辑校审"}
荑#ti	{"word":"荑","pinyin":"ti","short":[],"senses":[],"note":"这个词有多个读音，当前读音尚未完成英语词义整理。请输入完整词组；不自动套用其他读音的释义。","source":"词伴 · 多读音保护","license":"GPL-3.0-or-later","review":"待按读音整理","blocked":true}
荑#yi	{"word":"荑","pinyin":"yi","short":[],"senses":[],"note":"这个词有多个读音，当前读音尚未完成英语词义整理。请输入完整词组；不自动套用其他读音的释义。","source":"词伴 · 多读音保护","license":"GPL-3.0-or-later","review":"待按读音整理","blocked":true}
荠#ji	{"word":"荠","pinyin":"ji","short":[],"senses":[],"note":"这个词有多个读音，当前读音尚未完成英语词义整理。请输入完整词组；不自动套用其他读音的释义。","source":"词伴 · 多读音保护","license":"GPL-3.0-or-later","review":"待按读音整理","blocked":true}
荠#qi	{"word":"荠","pinyin":"qi","short":[],"senses":[],"note":"这个词有多个读音，当前读音尚未完成英语词义整理。请输入完整词组；不自动套用其他读音的释义。","source":"词伴 · 多读音保护","license":"GPL-3.0-or-later","review":"待按读音整理","blocked":true}
荤#hun	{"word":"荤","pinyin":"hun","short":[],"senses":[],"note":"这个词有多个读音，当前读音尚未完成英语词义整理。请输入完整词组；不自动套用其他读音的释义。","source":"词伴 · 多读音保护","license":"GPL-3.0-or-later","review":"待按读音整理","blocked":true}
荤#xun	{"word":"荤","pinyin":"xun","short":[],"senses":[],"note":"这个词有多个读音，当前读音尚未完成英语词义整理。请输入完整词组；不自动套用其他读音的释义。","source":"词伴 · 多读音保护","license":"GPL-3.0-or-later","review":"待按读音整理","blocked":true}
荥#xing	{"word":"荥","pinyin":"xing","short":[],"senses":[],"note":"这个词有多个读音，当前读音尚未完成英语词义整理。请输入完整词组；不自动套用其他读音的释义。","source":"词伴 · 多读音保护","license":"GPL-3.0-or-later","review":"待按读音整理","blocked":true}
荥#ying	{"word":"荥","pinyin":"ying","short":[],"senses":[],"note":"这个词有多个读音，当前读音尚未完成英语词义整理。请输入完整词组；不自动套用其他读音的释义。","source":"词伴 · 多读音保护","license":"GPL-3.0-or-later","review":"待按读音整理","blocked":true}
荨#qian	{"word":"荨","pinyin":"qian","short":[],"senses":[],"note":"这个词有多个读音，当前读音尚未完成英语词义整理。请输入完整词组；不自动套用其他读音的释义。","source":"词伴 · 多读音保护","license":"GPL-3.0-or-later","review":"待按读音整理","blocked":true}
荨#xun	{"word":"荨","pinyin":"xun","short":[],"senses":[],"note":"这个词有多个读音，当前读音尚未完成英语词义整理。请输入完整词组；不自动套用其他读音的释义。","source":"词伴 · 多读音保护","license":"GPL-3.0-or-later","review":"待按读音整理","blocked":true}
莎#sha	{"word":"莎","pinyin":"sha","short":[],"senses":[],"note":"这个词有多个读音，当前读音尚未完成英语词义整理。请输入完整词组；不自动套用其他读音的释义。","source":"词伴 · 多读音保护","license":"GPL-3.0-or-later","review":"待按读音整理","blocked":true}
莎#suo	{"word":"莎","pinyin":"suo","short":[],"senses":[],"note":"这个词有多个读音，当前读音尚未完成英语词义整理。请输入完整词组；不自动套用其他读音的释义。","source":"词伴 · 多读音保护","license":"GPL-3.0-or-later","review":"待按读音整理","blocked":true}
莘#shen	{"word":"莘","pinyin":"shen","short":[],"senses":[],"note":"这个词有多个读音，当前读音尚未完成英语词义整理。请输入完整词组；不自动套用其他读音的释义。","source":"词伴 · 多读音保护","license":"GPL-3.0-or-later","review":"待按读音整理","blocked":true}
莘#xin	{"word":"莘","pinyin":"xin","short":[],"senses":[],"note":"这个词有多个读音，当前读音尚未完成英语词义整理。请输入完整词组；不自动套用其他读音的释义。","source":"词伴 · 多读音保护","license":"GPL-3.0-or-later","review":"待按读音整理","blocked":true}
莞#guan	{"word":"莞","pinyin":"guan","short":[],"senses":[],"note":"这个词有多个读音，当前读音尚未完成英语词义整理。请输入完整词组；不自动套用其他读音的释义。","source":"词伴 · 多读音保护","license":"GPL-3.0-or-later","review":"待按读音整理","blocked":true}
莞#wan	{"word":"莞","pinyin":"wan","short":[],"senses":[],"note":"这个词有多个读音，当前读音尚未完成英语词义整理。请输入完整词组；不自动套用其他读音的释义。","source":"词伴 · 多读音保护","license":"GPL-3.0-or-later","review":"待按读音整理","blocked":true}
莨#lang	{"word":"莨","pinyin":"lang","short":[],"senses":[],"note":"这个词有多个读音，当前读音尚未完成英语词义整理。请输入完整词组；不自动套用其他读音的释义。","source":"词伴 · 多读音保护","license":"GPL-3.0-or-later","review":"待按读音整理","blocked":true}
莨#liang	{"word":"莨","pinyin":"liang","short":[],"senses":[],"note":"这个词有多个读音，当前读音尚未完成英语词义整理。请输入完整词组；不自动套用其他读音的释义。","source":"词伴 · 多读音保护","license":"GPL-3.0-or-later","review":"待按读音整理","blocked":true}
莩#fu	{"word":"莩","pinyin":"fu","short":[],"senses":[],"note":"这个词有多个读音，当前读音尚未完成英语词义整理。请输入完整词组；不自动套用其他读音的释义。","source":"词伴 · 多读音保护","license":"GPL-3.0-or-later","review":"待按读音整理","blocked":true}
莩#piao	{"word":"莩","pinyin":"piao","short":[],"senses":[],"note":"这个词有多个读音，当前读音尚未完成英语词义整理。请输入完整词组；不自动套用其他读音的释义。","source":"词伴 · 多读音保护","license":"GPL-3.0-or-later","review":"待按读音整理","blocked":true}
莫#mo	{"word":"莫","pinyin":"mo","short":[],"senses":[],"note":"这个词有多个读音，当前读音尚未完成英语词义整理。请输入完整词组；不自动套用其他读音的释义。","source":"词伴 · 多读音保护","license":"GPL-3.0-or-later","review":"待按读音整理","blocked":true}
莫#mu	{"word":"莫","pinyin":"mu","short":[],"senses":[],"note":"这个词有多个读音，当前读音尚未完成英语词义整理。请输入完整词组；不自动套用其他读音的释义。","source":"词伴 · 多读音保护","license":"GPL-3.0-or-later","review":"待按读音整理","blocked":true}
菀#wan	{"word":"菀","pinyin":"wan","short":[],"senses":[],"note":"这个词有多个读音，当前读音尚未完成英语词义整理。请输入完整词组；不自动套用其他读音的释义。","source":"词伴 · 多读音保护","license":"GPL-3.0-or-later","review":"待按读音整理","blocked":true}
菀#yu	{"word":"菀","pinyin":"yu","short":[],"senses":[],"note":"这个词有多个读音，当前读音尚未完成英语词义整理。请输入完整词组；不自动套用其他读音的释义。","source":"词伴 · 多读音保护","license":"GPL-3.0-or-later","review":"待按读音整理","blocked":true}
菉#lu	{"word":"菉","pinyin":"lu","short":[],"senses":[],"note":"这个词有多个读音，当前读音尚未完成英语词义整理。请输入完整词组；不自动套用其他读音的释义。","source":"词伴 · 多读音保护","license":"GPL-3.0-or-later","review":"待按读音整理","blocked":true}
菉#lv	{"word":"菉","pinyin":"lv","short":[],"senses":[],"note":"这个词有多个读音，当前读音尚未完成英语词义整理。请输入完整词组；不自动套用其他读音的释义。","source":"词伴 · 多读音保护","license":"GPL-3.0-or-later","review":"待按读音整理","blocked":true}
营长#ying chang	{"word":"营长","pinyin":"ying chang","short":[],"senses":[],"note":"这个词有多个读音，当前读音尚未完成英语词义整理。请输入完整词组；不自动套用其他读音的释义。","source":"词伴 · 多读音保护","license":"GPL-3.0-or-later","review":"待按读音整理","blocked":true}
营长#ying zhang	{"word":"营长","pinyin":"ying zhang","short":[],"senses":[],"note":"这个词有多个读音，当前读音尚未完成英语词义整理。请输入完整词组；不自动套用其他读音的释义。","source":"词伴 · 多读音保护","license":"GPL-3.0-or-later","review":"待按读音整理","blocked":true}
落#la	{"word":"落","pinyin":"la","short":[],"senses":[],"note":"这个词有多个读音，当前读音尚未完成英语词义整理。请输入完整词组；不自动套用其他读音的释义。","source":"词伴 · 多读音保护","license":"GPL-3.0-or-later","review":"待按读音整理","blocked":true}
落#lao	{"word":"落","pinyin":"lao","short":[],"senses":[],"note":"这个词有多个读音，当前读音尚未完成英语词义整理。请输入完整词组；不自动套用其他读音的释义。","source":"词伴 · 多读音保护","license":"GPL-3.0-or-later","review":"待按读音整理","blocked":true}
落#luo	{"word":"落","pinyin":"luo","short":[],"senses":[],"note":"这个词有多个读音，当前读音尚未完成英语词义整理。请输入完整词组；不自动套用其他读音的释义。","source":"词伴 · 多读音保护","license":"GPL-3.0-or-later","review":"待按读音整理","blocked":true}
落市#lao shi	{"word":"落市","pinyin":"lao shi","short":[],"senses":[],"note":"这个词有多个读音，当前读音尚未完成英语词义整理。请输入完整词组；不自动套用其他读音的释义。","source":"词伴 · 多读音保护","license":"GPL-3.0-or-later","review":"待按读音整理","blocked":true}
落市#luo shi	{"word":"落市","pinyin":"luo shi","short":[],"senses":[],"note":"这个词有多个读音，当前读音尚未完成英语词义整理。请输入完整词组；不自动套用其他读音的释义。","source":"词伴 · 多读音保护","license":"GPL-3.0-or-later","review":"待按读音整理","blocked":true}
著#zhao	{"word":"著","pinyin":"zhao","short":[],"senses":[],"note":"这个词有多个读音，当前读音尚未完成英语词义整理。请输入完整词组；不自动套用其他读音的释义。","source":"词伴 · 多读音保护","license":"GPL-3.0-or-later","review":"待按读音整理","blocked":true}
著#zhe	{"word":"著","pinyin":"zhe","short":[],"senses":[],"note":"这个词有多个读音，当前读音尚未完成英语词义整理。请输入完整词组；不自动套用其他读音的释义。","source":"词伴 · 多读音保护","license":"GPL-3.0-or-later","review":"待按读音整理","blocked":true}
著#zhu	{"word":"著","pinyin":"zhu","short":[],"senses":[],"note":"这个词有多个读音，当前读音尚未完成英语词义整理。请输入完整词组；不自动套用其他读音的释义。","source":"词伴 · 多读音保护","license":"GPL-3.0-or-later","review":"待按读音整理","blocked":true}
著#zhuo	{"word":"著","pinyin":"zhuo","short":[],"senses":[],"note":"这个词有多个读音，当前读音尚未完成英语词义整理。请输入完整词组；不自动套用其他读音的释义。","source":"词伴 · 多读音保护","license":"GPL-3.0-or-later","review":"待按读音整理","blocked":true}
葚#ren	{"word":"葚","pinyin":"ren","short":[],"senses":[],"note":"这个词有多个读音，当前读音尚未完成英语词义整理。请输入完整词组；不自动套用其他读音的释义。","source":"词伴 · 多读音保护","license":"GPL-3.0-or-later","review":"待按读音整理","blocked":true}
葚#shen	{"word":"葚","pinyin":"shen","short":[],"senses":[],"note":"这个词有多个读音，当前读音尚未完成英语词义整理。请输入完整词组；不自动套用其他读音的释义。","source":"词伴 · 多读音保护","license":"GPL-3.0-or-later","review":"待按读音整理","blocked":true}
蓝#la	{"word":"蓝","pinyin":"la","short":[],"senses":[],"note":"这个词有多个读音，当前读音尚未完成英语词义整理。请输入完整词组；不自动套用其他读音的释义。","source":"词伴 · 多读音保护","license":"GPL-3.0-or-later","review":"待按读音整理","blocked":true}
蓝#lan	{"word":"蓝","pinyin":"lan","short":[],"senses":[],"note":"这个词有多个读音，当前读音尚未完成英语词义整理。请输入完整词组；不自动套用其他读音的释义。","source":"词伴 · 多读音保护","license":"GPL-3.0-or-later","review":"待按读音整理","blocked":true}
蓼#liao	{"word":"蓼","pinyin":"liao","short":[],"senses":[],"note":"这个词有多个读音，当前读音尚未完成英语词义整理。请输入完整词组；不自动套用其他读音的释义。","source":"词伴 · 多读音保护","license":"GPL-3.0-or-later","review":"待按读音整理","blocked":true}
蓼#lu	{"word":"蓼","pinyin":"lu","short":[],"senses":[],"note":"这个词有多个读音，当前读音尚未完成英语词义整理。请输入完整词组；不自动套用其他读音的释义。","source":"词伴 · 多读音保护","license":"GPL-3.0-or-later","review":"待按读音整理","blocked":true}
蔓#man	{"word":"蔓","pinyin":"man","short":[],"senses":[],"note":"这个词有多个读音，当前读音尚未完成英语词义整理。请输入完整词组；不自动套用其他读音的释义。","source":"词伴 · 多读音保护","license":"GPL-3.0-or-later","review":"待按读音整理","blocked":true}
蔓#wan	{"word":"蔓","pinyin":"wan","short":[],"senses":[],"note":"这个词有多个读音，当前读音尚未完成英语词义整理。请输入完整词组；不自动套用其他读音的释义。","source":"词伴 · 多读音保护","license":"GPL-3.0-or-later","review":"待按读音整理","blocked":true}
蔓儿#man er	{"word":"蔓儿","pinyin":"man er","short":[],"senses":[],"note":"这个词有多个读音，当前读音尚未完成英语词义整理。请输入完整词组；不自动套用其他读音的释义。","source":"词伴 · 多读音保护","license":"GPL-3.0-or-later","review":"待按读音整理","blocked":true}
蔓儿#wan er	{"word":"蔓儿","pinyin":"wan er","short":[],"senses":[],"note":"这个词有多个读音，当前读音尚未完成英语词义整理。请输入完整词组；不自动套用其他读音的释义。","source":"词伴 · 多读音保护","license":"GPL-3.0-or-later","review":"待按读音整理","blocked":true}
蔚#wei	{"word":"蔚","pinyin":"wei","short":[],"senses":[],"note":"这个词有多个读音，当前读音尚未完成英语词义整理。请输入完整词组；不自动套用其他读音的释义。","source":"词伴 · 多读音保护","license":"GPL-3.0-or-later","review":"待按读音整理","blocked":true}
蔚#yu	{"word":"蔚","pinyin":"yu","short":[],"senses":[],"note":"这个词有多个读音，当前读音尚未完成英语词义整理。请输入完整词组；不自动套用其他读音的释义。","source":"词伴 · 多读音保护","license":"GPL-3.0-or-later","review":"待按读音整理","blocked":true}
蕃#bo	{"word":"蕃","pinyin":"bo","short":[],"senses":[],"note":"这个词有多个读音，当前读音尚未完成英语词义整理。请输入完整词组；不自动套用其他读音的释义。","source":"词伴 · 多读音保护","license":"GPL-3.0-or-later","review":"待按读音整理","blocked":true}
蕃#fan	{"word":"蕃","pinyin":"fan","short":[],"senses":[],"note":"这个词有多个读音，当前读音尚未完成英语词义整理。请输入完整词组；不自动套用其他读音的释义。","source":"词伴 · 多读音保护","license":"GPL-3.0-or-later","review":"待按读音整理","blocked":true}
蕉#jiao	{"word":"蕉","pinyin":"jiao","short":[],"senses":[],"note":"这个词有多个读音，当前读音尚未完成英语词义整理。请输入完整词组；不自动套用其他读音的释义。","source":"词伴 · 多读音保护","license":"GPL-3.0-or-later","review":"待按读音整理","blocked":true}
蕉#qiao	{"word":"蕉","pinyin":"qiao","short":[],"senses":[],"note":"这个词有多个读音，当前读音尚未完成英语词义整理。请输入完整词组；不自动套用其他读音的释义。","source":"词伴 · 多读音保护","license":"GPL-3.0-or-later","review":"待按读音整理","blocked":true}
薁#ao	{"word":"薁","pinyin":"ao","short":[],"senses":[],"note":"这个词有多个读音，当前读音尚未完成英语词义整理。请输入完整词组；不自动套用其他读音的释义。","source":"词伴 · 多读音保护","license":"GPL-3.0-or-later","review":"待按读音整理","blocked":true}
薁#yu	{"word":"薁","pinyin":"yu","short":[],"senses":[],"note":"这个词有多个读音，当前读音尚未完成英语词义整理。请输入完整词组；不自动套用其他读音的释义。","source":"词伴 · 多读音保护","license":"GPL-3.0-or-later","review":"待按读音整理","blocked":true}
薄#bao	{"word":"薄","pinyin":"bao","short":[],"senses":[],"note":"这个词有多个读音，当前读音尚未完成英语词义整理。请输入完整词组；不自动套用其他读音的释义。","source":"词伴 · 多读音保护","license":"GPL-3.0-or-later","review":"待按读音整理","blocked":true}
薄#bo	{"word":"薄","pinyin":"bo","short":[],"senses":[],"note":"这个词有多个读音，当前读音尚未完成英语词义整理。请输入完整词组；不自动套用其他读音的释义。","source":"词伴 · 多读音保护","license":"GPL-3.0-or-later","review":"待按读音整理","blocked":true}
薄脆#bao cui	{"word":"薄脆","pinyin":"bao cui","short":[],"senses":[],"note":"这个词有多个读音，当前读音尚未完成英语词义整理。请输入完整词组；不自动套用其他读音的释义。","source":"词伴 · 多读音保护","license":"GPL-3.0-or-later","review":"待按读音整理","blocked":true}
薄脆#bo cui	{"word":"薄脆","pinyin":"bo cui","short":[],"senses":[],"note":"这个词有多个读音，当前读音尚未完成英语词义整理。请输入完整词组；不自动套用其他读音的释义。","source":"词伴 · 多读音保护","license":"GPL-3.0-or-later","review":"待按读音整理","blocked":true}
薄雾#bao wu	{"word":"薄雾","pinyin":"bao wu","short":[],"senses":[],"note":"这个词有多个读音，当前读音尚未完成英语词义整理。请输入完整词组；不自动套用其他读音的释义。","source":"词伴 · 多读音保护","license":"GPL-3.0-or-later","review":"待按读音整理","blocked":true}
薄雾#bo wu	{"word":"薄雾","pinyin":"bo wu","short":[],"senses":[],"note":"这个词有多个读音，当前读音尚未完成英语词义整理。请输入完整词组；不自动套用其他读音的释义。","source":"词伴 · 多读音保护","license":"GPL-3.0-or-later","review":"待按读音整理","blocked":true}
藉#ji	{"word":"藉","pinyin":"ji","short":[],"senses":[],"note":"这个词有多个读音，当前读音尚未完成英语词义整理。请输入完整词组；不自动套用其他读音的释义。","source":"词伴 · 多读音保护","license":"GPL-3.0-or-later","review":"待按读音整理","blocked":true}
藉#jie	{"word":"藉","pinyin":"jie","short":[],"senses":[],"note":"这个词有多个读音，当前读音尚未完成英语词义整理。请输入完整词组；不自动套用其他读音的释义。","source":"词伴 · 多读音保护","license":"GPL-3.0-or-later","review":"待按读音整理","blocked":true}
藏#cang	{"word":"藏","pinyin":"cang","short":[],"senses":[],"note":"这个词有多个读音，当前读音尚未完成英语词义整理。请输入完整词组；不自动套用其他读音的释义。","source":"词伴 · 多读音保护","license":"GPL-3.0-or-later","review":"待按读音整理","blocked":true}
藏#zang	{"word":"藏","pinyin":"zang","short":[],"senses":[],"note":"这个词有多个读音，当前读音尚未完成英语词义整理。请输入完整词组；不自动套用其他读音的释义。","source":"词伴 · 多读音保护","license":"GPL-3.0-or-later","review":"待按读音整理","blocked":true}
藏文#cang wen	{"word":"藏文","pinyin":"cang wen","short":[],"senses":[],"note":"这个词有多个读音，当前读音尚未完成英语词义整理。请输入完整词组；不自动套用其他读音的释义。","source":"词伴 · 多读音保护","license":"GPL-3.0-or-later","review":"待按读音整理","blocked":true}
藏文#zang wen	{"word":"藏文","pinyin":"zang wen","short":[],"senses":[],"note":"这个词有多个读音，当前读音尚未完成英语词义整理。请输入完整词组；不自动套用其他读音的释义。","source":"词伴 · 多读音保护","license":"GPL-3.0-or-later","review":"待按读音整理","blocked":true}
藏红花#cang hong hua	{"word":"藏红花","pinyin":"cang hong hua","short":[],"senses":[],"note":"这个词有多个读音，当前读音尚未完成英语词义整理。请输入完整词组；不自动套用其他读音的释义。","source":"词伴 · 多读音保护","license":"GPL-3.0-or-later","review":"待按读音整理","blocked":true}
藏红花#zang hong hua	{"word":"藏红花","pinyin":"zang hong hua","short":[],"senses":[],"note":"这个词有多个读音，当前读音尚未完成英语词义整理。请输入完整词组；不自动套用其他读音的释义。","source":"词伴 · 多读音保护","license":"GPL-3.0-or-later","review":"待按读音整理","blocked":true}
藏胞#cang bao	{"word":"藏胞","pinyin":"cang bao","short":[],"senses":[],"note":"这个词有多个读音，当前读音尚未完成英语词义整理。请输入完整词组；不自动套用其他读音的释义。","source":"词伴 · 多读音保护","license":"GPL-3.0-or-later","review":"待按读音整理","blocked":true}
藏胞#zang bao	{"word":"藏胞","pinyin":"zang bao","short":[],"senses":[],"note":"这个词有多个读音，当前读音尚未完成英语词义整理。请输入完整词组；不自动套用其他读音的释义。","source":"词伴 · 多读音保护","license":"GPL-3.0-or-later","review":"待按读音整理","blocked":true}
藏药#cang yao	{"word":"藏药","pinyin":"cang yao","short":[],"senses":[],"note":"这个词有多个读音，当前读音尚未完成英语词义整理。请输入完整词组；不自动套用其他读音的释义。","source":"词伴 · 多读音保护","license":"GPL-3.0-or-later","review":"待按读音整理","blocked":true}
藏药#zang yao	{"word":"藏药","pinyin":"zang yao","short":[],"senses":[],"note":"这个词有多个读音，当前读音尚未完成英语词义整理。请输入完整词组；不自动套用其他读音的释义。","source":"词伴 · 多读音保护","license":"GPL-3.0-or-later","review":"待按读音整理","blocked":true}
藏语#cang yu	{"word":"藏语","pinyin":"cang yu","short":[],"senses":[],"note":"这个词有多个读音，当前读音尚未完成英语词义整理。请输入完整词组；不自动套用其他读音的释义。","source":"词伴 · 多读音保护","license":"GPL-3.0-or-later","review":"待按读音整理","blocked":true}
藏语#zang yu	{"word":"藏语","pinyin":"zang yu","short":[],"senses":[],"note":"这个词有多个读音，当前读音尚未完成英语词义整理。请输入完整词组；不自动套用其他读音的释义。","source":"词伴 · 多读音保护","license":"GPL-3.0-or-later","review":"待按读音整理","blocked":true}
蘖#bo	{"word":"蘖","pinyin":"bo","short":[],"senses":[],"note":"这个词有多个读音，当前读音尚未完成英语词义整理。请输入完整词组；不自动套用其他读音的释义。","source":"词伴 · 多读音保护","license":"GPL-3.0-or-later","review":"待按读音整理","blocked":true}
蘖#nie	{"word":"蘖","pinyin":"nie","short":[],"senses":[],"note":"这个词有多个读音，当前读音尚未完成英语词义整理。请输入完整词组；不自动套用其他读音的释义。","source":"词伴 · 多读音保护","license":"GPL-3.0-or-later","review":"待按读音整理","blocked":true}
虹#hong	{"word":"虹","pinyin":"hong","short":[],"senses":[],"note":"这个词有多个读音，当前读音尚未完成英语词义整理。请输入完整词组；不自动套用其他读音的释义。","source":"词伴 · 多读音保护","license":"GPL-3.0-or-later","review":"待按读音整理","blocked":true}
虹#jiang	{"word":"虹","pinyin":"jiang","short":[],"senses":[],"note":"这个词有多个读音，当前读音尚未完成英语词义整理。请输入完整词组；不自动套用其他读音的释义。","source":"词伴 · 多读音保护","license":"GPL-3.0-or-later","review":"待按读音整理","blocked":true}
虾#ha	{"word":"虾","pinyin":"ha","short":[],"senses":[],"note":"这个词有多个读音，当前读音尚未完成英语词义整理。请输入完整词组；不自动套用其他读音的释义。","source":"词伴 · 多读音保护","license":"GPL-3.0-or-later","review":"待按读音整理","blocked":true}
虾#xia	{"word":"虾","pinyin":"xia","short":[],"senses":[],"note":"这个词有多个读音，当前读音尚未完成英语词义整理。请输入完整词组；不自动套用其他读音的释义。","source":"词伴 · 多读音保护","license":"GPL-3.0-or-later","review":"待按读音整理","blocked":true}
蚌#bang	{"word":"蚌","pinyin":"bang","short":[],"senses":[],"note":"这个词有多个读音，当前读音尚未完成英语词义整理。请输入完整词组；不自动套用其他读音的释义。","source":"词伴 · 多读音保护","license":"GPL-3.0-or-later","review":"待按读音整理","blocked":true}
蚌#beng	{"word":"蚌","pinyin":"beng","short":[],"senses":[],"note":"这个词有多个读音，当前读音尚未完成英语词义整理。请输入完整词组；不自动套用其他读音的释义。","source":"词伴 · 多读音保护","license":"GPL-3.0-or-later","review":"待按读音整理","blocked":true}
蛇#she	{"word":"蛇","pinyin":"she","short":[],"senses":[],"note":"这个词有多个读音，当前读音尚未完成英语词义整理。请输入完整词组；不自动套用其他读音的释义。","source":"词伴 · 多读音保护","license":"GPL-3.0-or-later","review":"待按读音整理","blocked":true}
蛇#yi	{"word":"蛇","pinyin":"yi","short":[],"senses":[],"note":"这个词有多个读音，当前读音尚未完成英语词义整理。请输入完整词组；不自动套用其他读音的释义。","source":"词伴 · 多读音保护","license":"GPL-3.0-or-later","review":"待按读音整理","blocked":true}
蛤#ge	{"word":"蛤","pinyin":"ge","short":[],"senses":[],"note":"这个词有多个读音，当前读音尚未完成英语词义整理。请输入完整词组；不自动套用其他读音的释义。","source":"词伴 · 多读音保护","license":"GPL-3.0-or-later","review":"待按读音整理","blocked":true}
蛤#ha	{"word":"蛤","pinyin":"ha","short":[],"senses":[],"note":"这个词有多个读音，当前读音尚未完成英语词义整理。请输入完整词组；不自动套用其他读音的释义。","source":"词伴 · 多读音保护","license":"GPL-3.0-or-later","review":"待按读音整理","blocked":true}
蛸#shao	{"word":"蛸","pinyin":"shao","short":[],"senses":[],"note":"这个词有多个读音，当前读音尚未完成英语词义整理。请输入完整词组；不自动套用其他读音的释义。","source":"词伴 · 多读音保护","license":"GPL-3.0-or-later","review":"待按读音整理","blocked":true}
蛸#xiao	{"word":"蛸","pinyin":"xiao","short":[],"senses":[],"note":"这个词有多个读音，当前读音尚未完成英语词义整理。请输入完整词组；不自动套用其他读音的释义。","source":"词伴 · 多读音保护","license":"GPL-3.0-or-later","review":"待按读音整理","blocked":true}
蛾#e	{"word":"蛾","pinyin":"e","short":[],"senses":[],"note":"这个词有多个读音，当前读音尚未完成英语词义整理。请输入完整词组；不自动套用其他读音的释义。","source":"词伴 · 多读音保护","license":"GPL-3.0-or-later","review":"待按读音整理","blocked":true}
蛾#yi	{"word":"蛾","pinyin":"yi","short":[],"senses":[],"note":"这个词有多个读音，当前读音尚未完成英语词义整理。请输入完整词组；不自动套用其他读音的释义。","source":"词伴 · 多读音保护","license":"GPL-3.0-or-later","review":"待按读音整理","blocked":true}
蜡#la	{"word":"蜡","pinyin":"la","short":[],"senses":[],"note":"这个词有多个读音，当前读音尚未完成英语词义整理。请输入完整词组；不自动套用其他读音的释义。","source":"词伴 · 多读音保护","license":"GPL-3.0-or-later","review":"待按读音整理","blocked":true}
蜡#zha	{"word":"蜡","pinyin":"zha","short":[],"senses":[],"note":"这个词有多个读音，当前读音尚未完成英语词义整理。请输入完整词组；不自动套用其他读音的释义。","source":"词伴 · 多读音保护","license":"GPL-3.0-or-later","review":"待按读音整理","blocked":true}
蝤#qiu	{"word":"蝤","pinyin":"qiu","short":[],"senses":[],"note":"这个词有多个读音，当前读音尚未完成英语词义整理。请输入完整词组；不自动套用其他读音的释义。","source":"词伴 · 多读音保护","license":"GPL-3.0-or-later","review":"待按读音整理","blocked":true}
蝤#you	{"word":"蝤","pinyin":"you","short":[],"senses":[],"note":"这个词有多个读音，当前读音尚未完成英语词义整理。请输入完整词组；不自动套用其他读音的释义。","source":"词伴 · 多读音保护","license":"GPL-3.0-or-later","review":"待按读音整理","blocked":true}
螣#te	{"word":"螣","pinyin":"te","short":[],"senses":[],"note":"这个词有多个读音，当前读音尚未完成英语词义整理。请输入完整词组；不自动套用其他读音的释义。","source":"词伴 · 多读音保护","license":"GPL-3.0-or-later","review":"待按读音整理","blocked":true}
螣#teng	{"word":"螣","pinyin":"teng","short":[],"senses":[],"note":"这个词有多个读音，当前读音尚未完成英语词义整理。请输入完整词组；不自动套用其他读音的释义。","source":"词伴 · 多读音保护","license":"GPL-3.0-or-later","review":"待按读音整理","blocked":true}
血#xie	{"word":"血","pinyin":"xie","short":[],"senses":[],"note":"这个词有多个读音，当前读音尚未完成英语词义整理。请输入完整词组；不自动套用其他读音的释义。","source":"词伴 · 多读音保护","license":"GPL-3.0-or-later","review":"待按读音整理","blocked":true}
血#xue	{"word":"血","pinyin":"xue","short":[],"senses":[],"note":"这个词有多个读音，当前读音尚未完成英语词义整理。请输入完整词组；不自动套用其他读音的释义。","source":"词伴 · 多读音保护","license":"GPL-3.0-or-later","review":"待按读音整理","blocked":true}
血晕#xie yun	{"word":"血晕","pinyin":"xie yun","short":[],"senses":[],"note":"这个词有多个读音，当前读音尚未完成英语词义整理。请输入完整词组；不自动套用其他读音的释义。","source":"词伴 · 多读音保护","license":"GPL-3.0-or-later","review":"待按读音整理","blocked":true}
血晕#xue yun	{"word":"血晕","pinyin":"xue yun","short":[],"senses":[],"note":"这个词有多个读音，当前读音尚未完成英语词义整理。请输入完整词组；不自动套用其他读音的释义。","source":"词伴 · 多读音保护","license":"GPL-3.0-or-later","review":"待按读音整理","blocked":true}
血淋淋#xie lin lin	{"word":"血淋淋","pinyin":"xie lin lin","short":[],"senses":[],"note":"这个词有多个读音，当前读音尚未完成英语词义整理。请输入完整词组；不自动套用其他读音的释义。","source":"词伴 · 多读音保护","license":"GPL-3.0-or-later","review":"待按读音整理","blocked":true}
血淋淋#xue lin lin	{"word":"血淋淋","pinyin":"xue lin lin","short":[],"senses":[],"note":"这个词有多个读音，当前读音尚未完成英语词义整理。请输入完整词组；不自动套用其他读音的释义。","source":"词伴 · 多读音保护","license":"GPL-3.0-or-later","review":"待按读音整理","blocked":true}
血糊糊#xie hu hu	{"word":"血糊糊","pinyin":"xie hu hu","short":[],"senses":[],"note":"这个词有多个读音，当前读音尚未完成英语词义整理。请输入完整词组；不自动套用其他读音的释义。","source":"词伴 · 多读音保护","license":"GPL-3.0-or-later","review":"待按读音整理","blocked":true}
血糊糊#xue hu hu	{"word":"血糊糊","pinyin":"xue hu hu","short":[],"senses":[],"note":"这个词有多个读音，当前读音尚未完成英语词义整理。请输入完整词组；不自动套用其他读音的释义。","source":"词伴 · 多读音保护","license":"GPL-3.0-or-later","review":"待按读音整理","blocked":true}
行#hang	{"word":"行","pinyin":"hang","short":["line","profession"],"senses":[{"text":"line","pos":"名词","lemma":"line"},{"text":"profession","pos":"名词","lemma":"profession"}],"note":"行列或行业含义；银行 bank 是完整词组的译法。","source":"词伴 · AI 英语学习整理","license":"GPL-3.0-or-later","review":"未独立英语编辑校审"}
行#heng	{"word":"行","pinyin":"heng","short":[],"senses":[],"note":"这个词有多个读音，当前读音尚未完成英语词义整理。请输入完整词组；不自动套用其他读音的释义。","source":"词伴 · 多读音保护","license":"GPL-3.0-or-later","review":"待按读音整理","blocked":true}
行#xing	{"word":"行","pinyin":"xing","short":["okay","walk"],"senses":[{"text":"okay","pos":"会话表达 / 短语"},{"text":"walk","pos":"动词 / 动词短语","lemma":"walk"}],"note":"表示可以或行走；“银行”的行读 hang，不能套用 walk。","source":"词伴 · AI 英语学习整理","license":"GPL-3.0-or-later","review":"未独立英语编辑校审"}
行成于思#xing cheng yu sai	{"word":"行成于思","pinyin":"xing cheng yu sai","short":[],"senses":[],"note":"这个词有多个读音，当前读音尚未完成英语词义整理。请输入完整词组；不自动套用其他读音的释义。","source":"词伴 · 多读音保护","license":"GPL-3.0-or-later","review":"待按读音整理","blocked":true}
行成于思#xing cheng yu si	{"word":"行成于思","pinyin":"xing cheng yu si","short":[],"senses":[],"note":"这个词有多个读音，当前读音尚未完成英语词义整理。请输入完整词组；不自动套用其他读音的释义。","source":"词伴 · 多读音保护","license":"GPL-3.0-or-later","review":"待按读音整理","blocked":true}
行李#xing li	{"word":"行李","pinyin":"xing li","short":["luggage"],"senses":[{"text":"luggage","pos":"名词","lemma":"luggage"}],"countability":"通常不可数","forms":"","note":"一件行李 a piece of luggage。","example":"Where is my luggage?","source":"词伴 · AI 英语学习整理","license":"GPL-3.0-or-later","review":"未独立英语编辑校审"}
衣服#yi fu	{"word":"衣服","pinyin":"yi fu","short":["clothes"],"senses":[{"text":"clothes","pos":"名词","lemma":"clothes"}],"countability":"通常为复数；一件用 a piece of clothing","forms":"","note":"不要说 a clothes。","example":"I need some warm clothes.","source":"词伴 · AI 英语学习整理","license":"GPL-3.0-or-later","review":"未独立英语编辑校审"}
衰#cui	{"word":"衰","pinyin":"cui","short":[],"senses":[],"note":"这个词有多个读音，当前读音尚未完成英语词义整理。请输入完整词组；不自动套用其他读音的释义。","source":"词伴 · 多读音保护","license":"GPL-3.0-or-later","review":"待按读音整理","blocked":true}
衰#shuai	{"word":"衰","pinyin":"shuai","short":[],"senses":[],"note":"这个词有多个读音，当前读音尚未完成英语词义整理。请输入完整词组；不自动套用其他读音的释义。","source":"词伴 · 多读音保护","license":"GPL-3.0-or-later","review":"待按读音整理","blocked":true}
袷#jia	{"word":"袷","pinyin":"jia","short":[],"senses":[],"note":"这个词有多个读音，当前读音尚未完成英语词义整理。请输入完整词组；不自动套用其他读音的释义。","source":"词伴 · 多读音保护","license":"GPL-3.0-or-later","review":"待按读音整理","blocked":true}
袷#qia	{"word":"袷","pinyin":"qia","short":[],"senses":[],"note":"这个词有多个读音，当前读音尚未完成英语词义整理。请输入完整词组；不自动套用其他读音的释义。","source":"词伴 · 多读音保护","license":"GPL-3.0-or-later","review":"待按读音整理","blocked":true}
裁判长#cai pan chang	{"word":"裁判长","pinyin":"cai pan chang","short":[],"senses":[],"note":"这个词有多个读音，当前读音尚未完成英语词义整理。请输入完整词组；不自动套用其他读音的释义。","source":"词伴 · 多读音保护","license":"GPL-3.0-or-later","review":"待按读音整理","blocked":true}
裁判长#cai pan zhang	{"word":"裁判长","pinyin":"cai pan zhang","short":[],"senses":[],"note":"这个词有多个读音，当前读音尚未完成英语词义整理。请输入完整词组；不自动套用其他读音的释义。","source":"词伴 · 多读音保护","license":"GPL-3.0-or-later","review":"待按读音整理","blocked":true}
裨#bi	{"word":"裨","pinyin":"bi","short":[],"senses":[],"note":"这个词有多个读音，当前读音尚未完成英语词义整理。请输入完整词组；不自动套用其他读音的释义。","source":"词伴 · 多读音保护","license":"GPL-3.0-or-later","review":"待按读音整理","blocked":true}
裨#pi	{"word":"裨","pinyin":"pi","short":[],"senses":[],"note":"这个词有多个读音，当前读音尚未完成英语词义整理。请输入完整词组；不自动套用其他读音的释义。","source":"词伴 · 多读音保护","license":"GPL-3.0-or-later","review":"待按读音整理","blocked":true}
裳#chang	{"word":"裳","pinyin":"chang","short":[],"senses":[],"note":"这个词有多个读音，当前读音尚未完成英语词义整理。请输入完整词组；不自动套用其他读音的释义。","source":"词伴 · 多读音保护","license":"GPL-3.0-or-later","review":"待按读音整理","blocked":true}
裳#shang	{"word":"裳","pinyin":"shang","short":[],"senses":[],"note":"这个词有多个读音，当前读音尚未完成英语词义整理。请输入完整词组；不自动套用其他读音的释义。","source":"词伴 · 多读音保护","license":"GPL-3.0-or-later","review":"待按读音整理","blocked":true}
裼#ti	{"word":"裼","pinyin":"ti","short":[],"senses":[],"note":"这个词有多个读音，当前读音尚未完成英语词义整理。请输入完整词组；不自动套用其他读音的释义。","source":"词伴 · 多读音保护","license":"GPL-3.0-or-later","review":"待按读音整理","blocked":true}
裼#xi	{"word":"裼","pinyin":"xi","short":[],"senses":[],"note":"这个词有多个读音，当前读音尚未完成英语词义整理。请输入完整词组；不自动套用其他读音的释义。","source":"词伴 · 多读音保护","license":"GPL-3.0-or-later","review":"待按读音整理","blocked":true}
褚#chu	{"word":"褚","pinyin":"chu","short":[],"senses":[],"note":"这个词有多个读音，当前读音尚未完成英语词义整理。请输入完整词组；不自动套用其他读音的释义。","source":"词伴 · 多读音保护","license":"GPL-3.0-or-later","review":"待按读音整理","blocked":true}
褚#zhu	{"word":"褚","pinyin":"zhu","short":[],"senses":[],"note":"这个词有多个读音，当前读音尚未完成英语词义整理。请输入完整词组；不自动套用其他读音的释义。","source":"词伴 · 多读音保护","license":"GPL-3.0-or-later","review":"待按读音整理","blocked":true}
褪#tui	{"word":"褪","pinyin":"tui","short":[],"senses":[],"note":"这个词有多个读音，当前读音尚未完成英语词义整理。请输入完整词组；不自动套用其他读音的释义。","source":"词伴 · 多读音保护","license":"GPL-3.0-or-later","review":"待按读音整理","blocked":true}
褪#tun	{"word":"褪","pinyin":"tun","short":[],"senses":[],"note":"这个词有多个读音，当前读音尚未完成英语词义整理。请输入完整词组；不自动套用其他读音的释义。","source":"词伴 · 多读音保护","license":"GPL-3.0-or-later","review":"待按读音整理","blocked":true}
褪色#tui se	{"word":"褪色","pinyin":"tui se","short":[],"senses":[],"note":"这个词有多个读音，当前读音尚未完成英语词义整理。请输入完整词组；不自动套用其他读音的释义。","source":"词伴 · 多读音保护","license":"GPL-3.0-or-later","review":"待按读音整理","blocked":true}
褪色#tui shai	{"word":"褪色","pinyin":"tui shai","short":[],"senses":[],"note":"这个词有多个读音，当前读音尚未完成英语词义整理。请输入完整词组；不自动套用其他读音的释义。","source":"词伴 · 多读音保护","license":"GPL-3.0-or-later","review":"待按读音整理","blocked":true}
西藏#xi cang	{"word":"西藏","pinyin":"xi cang","short":[],"senses":[],"note":"这个词有多个读音，当前读音尚未完成英语词义整理。请输入完整词组；不自动套用其他读音的释义。","source":"词伴 · 多读音保护","license":"GPL-3.0-or-later","review":"待按读音整理","blocked":true}
西藏#xi zang	{"word":"西藏","pinyin":"xi zang","short":[],"senses":[],"note":"这个词有多个读音，当前读音尚未完成英语词义整理。请输入完整词组；不自动套用其他读音的释义。","source":"词伴 · 多读音保护","license":"GPL-3.0-or-later","review":"待按读音整理","blocked":true}
要不要#yao bu yao	{"word":"要不要","pinyin":"yao bu yao","short":["do you want…?"],"senses":[{"text":"do you want…?","pos":"会话表达 / 短语"}],"note":"邀请或询问意愿；礼貌请求可用 Would you like…?","example":"Would you like some coffee?","source":"词伴 · AI 英语学习整理","license":"GPL-3.0-or-later","review":"未独立英语编辑校审"}
要去#yao qu	{"word":"要去","pinyin":"yao qu","short":["be going to…"],"senses":[{"text":"be going to…","pos":"会话表达 / 短语"}],"note":"目的地与将来计划用法不同，需要完整句子。","example":"I'm going to the station.","source":"词伴 · AI 英语学习整理","license":"GPL-3.0-or-later","review":"未独立英语编辑校审"}
要著#yao zhe	{"word":"要著","pinyin":"yao zhe","short":[],"senses":[],"note":"这个词有多个读音，当前读音尚未完成英语词义整理。请输入完整词组；不自动套用其他读音的释义。","source":"词伴 · 多读音保护","license":"GPL-3.0-or-later","review":"待按读音整理","blocked":true}
要著#yao zhu	{"word":"要著","pinyin":"yao zhu","short":[],"senses":[],"note":"这个词有多个读音，当前读音尚未完成英语词义整理。请输入完整词组；不自动套用其他读音的释义。","source":"词伴 · 多读音保护","license":"GPL-3.0-or-later","review":"待按读音整理","blocked":true}
覃#qin	{"word":"覃","pinyin":"qin","short":[],"senses":[],"note":"这个词有多个读音，当前读音尚未完成英语词义整理。请输入完整词组；不自动套用其他读音的释义。","source":"词伴 · 多读音保护","license":"GPL-3.0-or-later","review":"待按读音整理","blocked":true}
覃#tan	{"word":"覃","pinyin":"tan","short":[],"senses":[],"note":"这个词有多个读音，当前读音尚未完成英语词义整理。请输入完整词组；不自动套用其他读音的释义。","source":"词伴 · 多读音保护","license":"GPL-3.0-or-later","review":"待按读音整理","blocked":true}
见#jian	{"word":"见","pinyin":"jian","short":["see","meet"],"senses":[{"text":"see","pos":"动词 / 动词短语","lemma":"see"},{"text":"meet","pos":"动词 / 动词短语","lemma":"meet"}],"note":"看见与会见；过去式、分词分别为 saw/seen、met/met。","source":"词伴 · AI 英语学习整理","license":"GPL-3.0-or-later","review":"未独立英语编辑校审"}
见#xian	{"word":"见","pinyin":"xian","short":[],"senses":[],"note":"这个词有多个读音，当前读音尚未完成英语词义整理。请输入完整词组；不自动套用其他读音的释义。","source":"词伴 · 多读音保护","license":"GPL-3.0-or-later","review":"待按读音整理","blocked":true}
见长#jian chang	{"word":"见长","pinyin":"jian chang","short":[],"senses":[],"note":"这个词有多个读音，当前读音尚未完成英语词义整理。请输入完整词组；不自动套用其他读音的释义。","source":"词伴 · 多读音保护","license":"GPL-3.0-or-later","review":"待按读音整理","blocked":true}
见长#jian zhang	{"word":"见长","pinyin":"jian zhang","short":[],"senses":[],"note":"这个词有多个读音，当前读音尚未完成英语词义整理。请输入完整词组；不自动套用其他读音的释义。","source":"词伴 · 多读音保护","license":"GPL-3.0-or-later","review":"待按读音整理","blocked":true}
觉#jiao	{"word":"觉","pinyin":"jiao","short":["sleep"],"senses":[{"text":"sleep","pos":"名词","lemma":"sleep"}],"note":"睡眠含义；“睡觉”完整词组通常用 sleep 作动词。","source":"词伴 · AI 英语学习整理","license":"GPL-3.0-or-later","review":"未独立英语编辑校审"}
觉#jue	{"word":"觉","pinyin":"jue","short":["feel","perceive"],"senses":[{"text":"feel","pos":"动词 / 动词短语","lemma":"feel"},{"text":"perceive","pos":"动词 / 动词短语","lemma":"perceive"}],"note":"察觉、感觉；表达观点的“觉得”常用 think。","source":"词伴 · AI 英语学习整理","license":"GPL-3.0-or-later","review":"未独立英语编辑校审"}
觉得#jue de	{"word":"觉得","pinyin":"jue de","short":["think","feel"],"senses":[{"text":"think","pos":"动词 / 动词短语","lemma":"think"},{"text":"feel","pos":"动词 / 动词短语","lemma":"feel"}],"countability":"","forms":"think–thought–thought；feel–felt–felt","note":"表达观点常用 think；感受常用 feel。","example":"I think it's useful.","source":"词伴 · AI 英语学习整理","license":"GPL-3.0-or-later","review":"未独立英语编辑校审"}
角#jiao	{"word":"角","pinyin":"jiao","short":[],"senses":[],"note":"这个词有多个读音，当前读音尚未完成英语词义整理。请输入完整词组；不自动套用其他读音的释义。","source":"词伴 · 多读音保护","license":"GPL-3.0-or-later","review":"待按读音整理","blocked":true}
角#jue	{"word":"角","pinyin":"jue","short":[],"senses":[],"note":"这个词有多个读音，当前读音尚未完成英语词义整理。请输入完整词组；不自动套用其他读音的释义。","source":"词伴 · 多读音保护","license":"GPL-3.0-or-later","review":"待按读音整理","blocked":true}
觜#zi	{"word":"觜","pinyin":"zi","short":[],"senses":[],"note":"这个词有多个读音，当前读音尚未完成英语词义整理。请输入完整词组；不自动套用其他读音的释义。","source":"词伴 · 多读音保护","license":"GPL-3.0-or-later","review":"待按读音整理","blocked":true}
觜#zui	{"word":"觜","pinyin":"zui","short":[],"senses":[],"note":"这个词有多个读音，当前读音尚未完成英语词义整理。请输入完整词组；不自动套用其他读音的释义。","source":"词伴 · 多读音保护","license":"GPL-3.0-or-later","review":"待按读音整理","blocked":true}
解#jie	{"word":"解","pinyin":"jie","short":[],"senses":[],"note":"这个词有多个读音，当前读音尚未完成英语词义整理。请输入完整词组；不自动套用其他读音的释义。","source":"词伴 · 多读音保护","license":"GPL-3.0-or-later","review":"待按读音整理","blocked":true}
解#xie	{"word":"解","pinyin":"xie","short":[],"senses":[],"note":"这个词有多个读音，当前读音尚未完成英语词义整理。请输入完整词组；不自动套用其他读音的释义。","source":"词伴 · 多读音保护","license":"GPL-3.0-or-later","review":"待按读音整理","blocked":true}
让你#rang ni	{"word":"让你","pinyin":"rang ni","short":["let you…","make you…"],"senses":[{"text":"let you…","pos":"会话表达 / 短语"},{"text":"make you…","pos":"会话表达 / 短语"}],"note":"允许用 let；使某人处于某状态常用 make。","example":"This will make you happy.","source":"词伴 · AI 英语学习整理","license":"GPL-3.0-or-later","review":"未独立英语编辑校审"}
让我#rang wo	{"word":"让我","pinyin":"rang wo","short":["let me…"],"senses":[{"text":"let me…","pos":"会话表达 / 短语"}],"note":"请求允许自己做事；“让我高兴”用 make me happy。","example":"Let me help you.","source":"词伴 · AI 英语学习整理","license":"GPL-3.0-or-later","review":"未独立英语编辑校审"}
识#shi	{"word":"识","pinyin":"shi","short":[],"senses":[],"note":"这个词有多个读音，当前读音尚未完成英语词义整理。请输入完整词组；不自动套用其他读音的释义。","source":"词伴 · 多读音保护","license":"GPL-3.0-or-later","review":"待按读音整理","blocked":true}
识#zhi	{"word":"识","pinyin":"zhi","short":[],"senses":[],"note":"这个词有多个读音，当前读音尚未完成英语词义整理。请输入完整词组；不自动套用其他读音的释义。","source":"词伴 · 多读音保护","license":"GPL-3.0-or-later","review":"待按读音整理","blocked":true}
诘#ji	{"word":"诘","pinyin":"ji","short":[],"senses":[],"note":"这个词有多个读音，当前读音尚未完成英语词义整理。请输入完整词组；不自动套用其他读音的释义。","source":"词伴 · 多读音保护","license":"GPL-3.0-or-later","review":"待按读音整理","blocked":true}
诘#jie	{"word":"诘","pinyin":"jie","short":[],"senses":[],"note":"这个词有多个读音，当前读音尚未完成英语词义整理。请输入完整词组；不自动套用其他读音的释义。","source":"词伴 · 多读音保护","license":"GPL-3.0-or-later","review":"待按读音整理","blocked":true}
说#shui	{"word":"说","pinyin":"shui","short":["persuade"],"senses":[{"text":"persuade","pos":"动词 / 动词短语","lemma":"persuade"}],"note":"如游说；常用说话读 shuo。","source":"词伴 · AI 英语学习整理","license":"GPL-3.0-or-later","review":"未独立英语编辑校审"}
说#shuo	{"word":"说","pinyin":"shuo","short":["say"],"senses":[{"text":"say","pos":"动词 / 动词短语","lemma":"say"}],"countability":"","forms":"say–said–said","note":"say something；告诉某人常用 tell someone。","example":"What did you say?","source":"词伴 · AI 英语学习整理","license":"GPL-3.0-or-later","review":"未独立英语编辑校审"}
说#yue	{"word":"说","pinyin":"yue","short":[],"senses":[],"note":"这个词有多个读音，当前读音尚未完成英语词义整理。请输入完整词组；不自动套用其他读音的释义。","source":"词伴 · 多读音保护","license":"GPL-3.0-or-later","review":"待按读音整理","blocked":true}
说不着#shuo bu zhao	{"word":"说不着","pinyin":"shuo bu zhao","short":[],"senses":[],"note":"这个词有多个读音，当前读音尚未完成英语词义整理。请输入完整词组；不自动套用其他读音的释义。","source":"词伴 · 多读音保护","license":"GPL-3.0-or-later","review":"待按读音整理","blocked":true}
说不着#shuo bu zhe	{"word":"说不着","pinyin":"shuo bu zhe","short":[],"senses":[],"note":"这个词有多个读音，当前读音尚未完成英语词义整理。请输入完整词组；不自动套用其他读音的释义。","source":"词伴 · 多读音保护","license":"GPL-3.0-or-later","review":"待按读音整理","blocked":true}
请帮我#qing bang wo	{"word":"请帮我","pinyin":"qing bang wo","short":["could you help me?"],"senses":[{"text":"could you help me?","pos":"会话表达 / 短语"}],"note":"礼貌请求帮助。","example":"Could you help me, please?","source":"词伴 · AI 英语学习整理","license":"GPL-3.0-or-later","review":"未独立英语编辑校审"}
请稍等#qing shao deng	{"word":"请稍等","pinyin":"qing shao deng","short":["please wait a moment"],"senses":[{"text":"please wait a moment","pos":"会话表达 / 短语"}],"note":"礼貌请求等待。","example":"Please wait a moment.","source":"词伴 · AI 英语学习整理","license":"GPL-3.0-or-later","review":"未独立英语编辑校审"}
请问#qing wen	{"word":"请问","pinyin":"qing wen","short":["excuse me"],"senses":[{"text":"excuse me","pos":"会话表达 / 短语"}],"note":"引出礼貌询问；后面需要问句。","example":"Excuse me, where is the station?","source":"词伴 · AI 英语学习整理","license":"GPL-3.0-or-later","review":"未独立英语编辑校审"}
读#dou	{"word":"读","pinyin":"dou","short":[],"senses":[],"note":"这个词有多个读音，当前读音尚未完成英语词义整理。请输入完整词组；不自动套用其他读音的释义。","source":"词伴 · 多读音保护","license":"GPL-3.0-or-later","review":"待按读音整理","blocked":true}
读#du	{"word":"读","pinyin":"du","short":["read"],"senses":[{"text":"read","pos":"动词 / 动词短语","lemma":"read"}],"countability":"","forms":"read–read–read；过去式/分词读音不同","note":"三种形式拼写相同，过去式与分词发音类似 red。","example":"I read a book yesterday.","source":"词伴 · AI 英语学习整理","license":"GPL-3.0-or-later","review":"未独立英语编辑校审"}
谁#shei	{"word":"谁","pinyin":"shei","short":["who"],"senses":[{"text":"who","pos":"代词"}],"note":"询问身份；常见口语读音。","source":"词伴 · AI 英语学习整理","license":"GPL-3.0-or-later","review":"未独立英语编辑校审"}
谁#shui	{"word":"谁","pinyin":"shui","short":["who"],"senses":[{"text":"who","pos":"代词"}],"note":"询问身份；另一常见读音为 shei。","source":"词伴 · AI 英语学习整理","license":"GPL-3.0-or-later","review":"未独立英语编辑校审"}
调#diao	{"word":"调","pinyin":"diao","short":[],"senses":[],"note":"这个词有多个读音，当前读音尚未完成英语词义整理。请输入完整词组；不自动套用其他读音的释义。","source":"词伴 · 多读音保护","license":"GPL-3.0-or-later","review":"待按读音整理","blocked":true}
调#tiao	{"word":"调","pinyin":"tiao","short":[],"senses":[],"note":"这个词有多个读音，当前读音尚未完成英语词义整理。请输入完整词组；不自动套用其他读音的释义。","source":"词伴 · 多读音保护","license":"GPL-3.0-or-later","review":"待按读音整理","blocked":true}
调休#diao xiu	{"word":"调休","pinyin":"diao xiu","short":[],"senses":[],"note":"这个词有多个读音，当前读音尚未完成英语词义整理。请输入完整词组；不自动套用其他读音的释义。","source":"词伴 · 多读音保护","license":"GPL-3.0-or-later","review":"待按读音整理","blocked":true}
调休#tiao xiu	{"word":"调休","pinyin":"tiao xiu","short":[],"senses":[],"note":"这个词有多个读音，当前读音尚未完成英语词义整理。请输入完整词组；不自动套用其他读音的释义。","source":"词伴 · 多读音保护","license":"GPL-3.0-or-later","review":"待按读音整理","blocked":true}
调演#diao yan	{"word":"调演","pinyin":"diao yan","short":[],"senses":[],"note":"这个词有多个读音，当前读音尚未完成英语词义整理。请输入完整词组；不自动套用其他读音的释义。","source":"词伴 · 多读音保护","license":"GPL-3.0-or-later","review":"待按读音整理","blocked":true}
调演#tiao yan	{"word":"调演","pinyin":"tiao yan","short":[],"senses":[],"note":"这个词有多个读音，当前读音尚未完成英语词义整理。请输入完整词组；不自动套用其他读音的释义。","source":"词伴 · 多读音保护","license":"GPL-3.0-or-later","review":"待按读音整理","blocked":true}
调色板#diao se ban	{"word":"调色板","pinyin":"diao se ban","short":[],"senses":[],"note":"这个词有多个读音，当前读音尚未完成英语词义整理。请输入完整词组；不自动套用其他读音的释义。","source":"词伴 · 多读音保护","license":"GPL-3.0-or-later","review":"待按读音整理","blocked":true}
调色板#tiao se ban	{"word":"调色板","pinyin":"tiao se ban","short":[],"senses":[],"note":"这个词有多个读音，当前读音尚未完成英语词义整理。请输入完整词组；不自动套用其他读音的释义。","source":"词伴 · 多读音保护","license":"GPL-3.0-or-later","review":"待按读音整理","blocked":true}
调配#diao pei	{"word":"调配","pinyin":"diao pei","short":[],"senses":[],"note":"这个词有多个读音，当前读音尚未完成英语词义整理。请输入完整词组；不自动套用其他读音的释义。","source":"词伴 · 多读音保护","license":"GPL-3.0-or-later","review":"待按读音整理","blocked":true}
调配#tiao pei	{"word":"调配","pinyin":"tiao pei","short":[],"senses":[],"note":"这个词有多个读音，当前读音尚未完成英语词义整理。请输入完整词组；不自动套用其他读音的释义。","source":"词伴 · 多读音保护","license":"GPL-3.0-or-later","review":"待按读音整理","blocked":true}
谜#mei	{"word":"谜","pinyin":"mei","short":[],"senses":[],"note":"这个词有多个读音，当前读音尚未完成英语词义整理。请输入完整词组；不自动套用其他读音的释义。","source":"词伴 · 多读音保护","license":"GPL-3.0-or-later","review":"待按读音整理","blocked":true}
谜#mi	{"word":"谜","pinyin":"mi","short":[],"senses":[],"note":"这个词有多个读音，当前读音尚未完成英语词义整理。请输入完整词组；不自动套用其他读音的释义。","source":"词伴 · 多读音保护","license":"GPL-3.0-or-later","review":"待按读音整理","blocked":true}
谢谢#xie xie	{"word":"谢谢","pinyin":"xie xie","short":["thank you"],"senses":[{"text":"thank you","pos":"会话表达 / 短语"}],"countability":"","forms":"","note":"回应可用 You're welcome。","example":"Thank you for your help.","source":"词伴 · AI 英语学习整理","license":"GPL-3.0-or-later","review":"未独立英语编辑校审"}
谷#gu	{"word":"谷","pinyin":"gu","short":[],"senses":[],"note":"这个词有多个读音，当前读音尚未完成英语词义整理。请输入完整词组；不自动套用其他读音的释义。","source":"词伴 · 多读音保护","license":"GPL-3.0-or-later","review":"待按读音整理","blocked":true}
谷#yu	{"word":"谷","pinyin":"yu","short":[],"senses":[],"note":"这个词有多个读音，当前读音尚未完成英语词义整理。请输入完整词组；不自动套用其他读音的释义。","source":"词伴 · 多读音保护","license":"GPL-3.0-or-later","review":"待按读音整理","blocked":true}
豁#hua	{"word":"豁","pinyin":"hua","short":[],"senses":[],"note":"这个词有多个读音，当前读音尚未完成英语词义整理。请输入完整词组；不自动套用其他读音的释义。","source":"词伴 · 多读音保护","license":"GPL-3.0-or-later","review":"待按读音整理","blocked":true}
豁#huo	{"word":"豁","pinyin":"huo","short":[],"senses":[],"note":"这个词有多个读音，当前读音尚未完成英语词义整理。请输入完整词组；不自动套用其他读音的释义。","source":"词伴 · 多读音保护","license":"GPL-3.0-or-later","review":"待按读音整理","blocked":true}
貉#hao	{"word":"貉","pinyin":"hao","short":[],"senses":[],"note":"这个词有多个读音，当前读音尚未完成英语词义整理。请输入完整词组；不自动套用其他读音的释义。","source":"词伴 · 多读音保护","license":"GPL-3.0-or-later","review":"待按读音整理","blocked":true}
貉#he	{"word":"貉","pinyin":"he","short":[],"senses":[],"note":"这个词有多个读音，当前读音尚未完成英语词义整理。请输入完整词组；不自动套用其他读音的释义。","source":"词伴 · 多读音保护","license":"GPL-3.0-or-later","review":"待按读音整理","blocked":true}
贲#ben	{"word":"贲","pinyin":"ben","short":[],"senses":[],"note":"这个词有多个读音，当前读音尚未完成英语词义整理。请输入完整词组；不自动套用其他读音的释义。","source":"词伴 · 多读音保护","license":"GPL-3.0-or-later","review":"待按读音整理","blocked":true}
贲#bi	{"word":"贲","pinyin":"bi","short":[],"senses":[],"note":"这个词有多个读音，当前读音尚未完成英语词义整理。请输入完整词组；不自动套用其他读音的释义。","source":"词伴 · 多读音保护","license":"GPL-3.0-or-later","review":"待按读音整理","blocked":true}
贾#gu	{"word":"贾","pinyin":"gu","short":[],"senses":[],"note":"这个词有多个读音，当前读音尚未完成英语词义整理。请输入完整词组；不自动套用其他读音的释义。","source":"词伴 · 多读音保护","license":"GPL-3.0-or-later","review":"待按读音整理","blocked":true}
贾#jia	{"word":"贾","pinyin":"jia","short":[],"senses":[],"note":"这个词有多个读音，当前读音尚未完成英语词义整理。请输入完整词组；不自动套用其他读音的释义。","source":"词伴 · 多读音保护","license":"GPL-3.0-or-later","review":"待按读音整理","blocked":true}
赚#zhuan	{"word":"赚","pinyin":"zhuan","short":[],"senses":[],"note":"这个词有多个读音，当前读音尚未完成英语词义整理。请输入完整词组；不自动套用其他读音的释义。","source":"词伴 · 多读音保护","license":"GPL-3.0-or-later","review":"待按读音整理","blocked":true}
赚#zuan	{"word":"赚","pinyin":"zuan","short":[],"senses":[],"note":"这个词有多个读音，当前读音尚未完成英语词义整理。请输入完整词组；不自动套用其他读音的释义。","source":"词伴 · 多读音保护","license":"GPL-3.0-or-later","review":"待按读音整理","blocked":true}
走#zou	{"word":"走","pinyin":"zou","short":["walk","leave"],"senses":[{"text":"walk","pos":"动词 / 动词短语","lemma":"walk"},{"text":"leave","pos":"动词 / 动词短语","lemma":"leave"}],"countability":"","forms":"walk–walked–walked；leave–left–left","note":"步行与离开是两个义项。","example":"Let's walk home.","source":"词伴 · AI 英语学习整理","license":"GPL-3.0-or-later","review":"未独立英语编辑校审"}
起床#qi chuang	{"word":"起床","pinyin":"qi chuang","short":["get up"],"senses":[{"text":"get up","pos":"动词 / 动词短语","lemma":"get up"}],"countability":"","forms":"get–got–got/gotten；英美用法不同","note":"get up 与醒来 wake up 含义不同。","example":"I get up at seven.","source":"词伴 · AI 英语学习整理","license":"GPL-3.0-or-later","review":"未独立英语编辑校审"}
起落架#qi lao jia	{"word":"起落架","pinyin":"qi lao jia","short":[],"senses":[],"note":"这个词有多个读音，当前读音尚未完成英语词义整理。请输入完整词组；不自动套用其他读音的释义。","source":"词伴 · 多读音保护","license":"GPL-3.0-or-later","review":"待按读音整理","blocked":true}
起落架#qi luo jia	{"word":"起落架","pinyin":"qi luo jia","short":[],"senses":[],"note":"这个词有多个读音，当前读音尚未完成英语词义整理。请输入完整词组；不自动套用其他读音的释义。","source":"词伴 · 多读音保护","license":"GPL-3.0-or-later","review":"待按读音整理","blocked":true}
趄#ju	{"word":"趄","pinyin":"ju","short":[],"senses":[],"note":"这个词有多个读音，当前读音尚未完成英语词义整理。请输入完整词组；不自动套用其他读音的释义。","source":"词伴 · 多读音保护","license":"GPL-3.0-or-later","review":"待按读音整理","blocked":true}
趄#qie	{"word":"趄","pinyin":"qie","short":[],"senses":[],"note":"这个词有多个读音，当前读音尚未完成英语词义整理。请输入完整词组；不自动套用其他读音的释义。","source":"词伴 · 多读音保护","license":"GPL-3.0-or-later","review":"待按读音整理","blocked":true}
趣#cu	{"word":"趣","pinyin":"cu","short":[],"senses":[],"note":"这个词有多个读音，当前读音尚未完成英语词义整理。请输入完整词组；不自动套用其他读音的释义。","source":"词伴 · 多读音保护","license":"GPL-3.0-or-later","review":"待按读音整理","blocked":true}
趣#qu	{"word":"趣","pinyin":"qu","short":[],"senses":[],"note":"这个词有多个读音，当前读音尚未完成英语词义整理。请输入完整词组；不自动套用其他读音的释义。","source":"词伴 · 多读音保护","license":"GPL-3.0-or-later","review":"待按读音整理","blocked":true}
趵#bao	{"word":"趵","pinyin":"bao","short":[],"senses":[],"note":"这个词有多个读音，当前读音尚未完成英语词义整理。请输入完整词组；不自动套用其他读音的释义。","source":"词伴 · 多读音保护","license":"GPL-3.0-or-later","review":"待按读音整理","blocked":true}
趵#bo	{"word":"趵","pinyin":"bo","short":[],"senses":[],"note":"这个词有多个读音，当前读音尚未完成英语词义整理。请输入完整词组；不自动套用其他读音的释义。","source":"词伴 · 多读音保护","license":"GPL-3.0-or-later","review":"待按读音整理","blocked":true}
跞#li	{"word":"跞","pinyin":"li","short":[],"senses":[],"note":"这个词有多个读音，当前读音尚未完成英语词义整理。请输入完整词组；不自动套用其他读音的释义。","source":"词伴 · 多读音保护","license":"GPL-3.0-or-later","review":"待按读音整理","blocked":true}
跞#luo	{"word":"跞","pinyin":"luo","short":[],"senses":[],"note":"这个词有多个读音，当前读音尚未完成英语词义整理。请输入完整词组；不自动套用其他读音的释义。","source":"词伴 · 多读音保护","license":"GPL-3.0-or-later","review":"待按读音整理","blocked":true}
跟你#gen ni	{"word":"跟你","pinyin":"gen ni","short":["with you"],"senses":[{"text":"with you","pos":"会话表达 / 短语"}],"note":"常见伴随含义；“跟你说”用 talk to you。","example":"I'll come with you.","source":"词伴 · AI 英语学习整理","license":"GPL-3.0-or-later","review":"未独立英语编辑校审"}
跟我#gen wo	{"word":"跟我","pinyin":"gen wo","short":["with me"],"senses":[{"text":"with me","pos":"会话表达 / 短语"}],"note":"“跟我来”可用 follow me 或 come with me。","example":"Come with me.","source":"词伴 · AI 英语学习整理","license":"GPL-3.0-or-later","review":"未独立英语编辑校审"}
路卡#lu ka	{"word":"路卡","pinyin":"lu ka","short":[],"senses":[],"note":"这个词有多个读音，当前读音尚未完成英语词义整理。请输入完整词组；不自动套用其他读音的释义。","source":"词伴 · 多读音保护","license":"GPL-3.0-or-later","review":"待按读音整理","blocked":true}
路卡#lu qia	{"word":"路卡","pinyin":"lu qia","short":[],"senses":[],"note":"这个词有多个读音，当前读音尚未完成英语词义整理。请输入完整词组；不自动套用其他读音的释义。","source":"词伴 · 多读音保护","license":"GPL-3.0-or-later","review":"待按读音整理","blocked":true}
蹊#qi	{"word":"蹊","pinyin":"qi","short":[],"senses":[],"note":"这个词有多个读音，当前读音尚未完成英语词义整理。请输入完整词组；不自动套用其他读音的释义。","source":"词伴 · 多读音保护","license":"GPL-3.0-or-later","review":"待按读音整理","blocked":true}
蹊#xi	{"word":"蹊","pinyin":"xi","short":[],"senses":[],"note":"这个词有多个读音，当前读音尚未完成英语词义整理。请输入完整词组；不自动套用其他读音的释义。","source":"词伴 · 多读音保护","license":"GPL-3.0-or-later","review":"待按读音整理","blocked":true}
蹢#di	{"word":"蹢","pinyin":"di","short":[],"senses":[],"note":"这个词有多个读音，当前读音尚未完成英语词义整理。请输入完整词组；不自动套用其他读音的释义。","source":"词伴 · 多读音保护","license":"GPL-3.0-or-later","review":"待按读音整理","blocked":true}
蹢#zhi	{"word":"蹢","pinyin":"zhi","short":[],"senses":[],"note":"这个词有多个读音，当前读音尚未完成英语词义整理。请输入完整词组；不自动套用其他读音的释义。","source":"词伴 · 多读音保护","license":"GPL-3.0-or-later","review":"待按读音整理","blocked":true}
蹲#cun	{"word":"蹲","pinyin":"cun","short":[],"senses":[],"note":"这个词有多个读音，当前读音尚未完成英语词义整理。请输入完整词组；不自动套用其他读音的释义。","source":"词伴 · 多读音保护","license":"GPL-3.0-or-later","review":"待按读音整理","blocked":true}
蹲#dun	{"word":"蹲","pinyin":"dun","short":[],"senses":[],"note":"这个词有多个读音，当前读音尚未完成英语词义整理。请输入完整词组；不自动套用其他读音的释义。","source":"词伴 · 多读音保护","license":"GPL-3.0-or-later","review":"待按读音整理","blocked":true}
蹴#cu	{"word":"蹴","pinyin":"cu","short":[],"senses":[],"note":"这个词有多个读音，当前读音尚未完成英语词义整理。请输入完整词组；不自动套用其他读音的释义。","source":"词伴 · 多读音保护","license":"GPL-3.0-or-later","review":"待按读音整理","blocked":true}
蹴#jiu	{"word":"蹴","pinyin":"jiu","short":[],"senses":[],"note":"这个词有多个读音，当前读音尚未完成英语词义整理。请输入完整词组；不自动套用其他读音的释义。","source":"词伴 · 多读音保护","license":"GPL-3.0-or-later","review":"待按读音整理","blocked":true}
车#che	{"word":"车","pinyin":"che","short":["vehicle","car"],"senses":[{"text":"vehicle","pos":"名词","lemma":"vehicle"},{"text":"car","pos":"名词","lemma":"car"}],"note":"交通工具；具体车型需要完整词组。","source":"词伴 · AI 英语学习整理","license":"GPL-3.0-or-later","review":"未独立英语编辑校审"}
车#ju	{"word":"车","pinyin":"ju","short":["chariot","rook"],"senses":[{"text":"chariot","pos":"名词","lemma":"chariot"},{"text":"rook","pos":"名词","lemma":"rook"}],"note":"古代车或中国象棋车；象棋的车英文常称 rook。","source":"词伴 · AI 英语学习整理","license":"GPL-3.0-or-later","review":"未独立英语编辑校审"}
车行#che hang	{"word":"车行","pinyin":"che hang","short":[],"senses":[],"note":"这个词有多个读音，当前读音尚未完成英语词义整理。请输入完整词组；不自动套用其他读音的释义。","source":"词伴 · 多读音保护","license":"GPL-3.0-or-later","review":"待按读音整理","blocked":true}
车行#che xing	{"word":"车行","pinyin":"che xing","short":[],"senses":[],"note":"这个词有多个读音，当前读音尚未完成英语词义整理。请输入完整词组；不自动套用其他读音的释义。","source":"词伴 · 多读音保护","license":"GPL-3.0-or-later","review":"待按读音整理","blocked":true}
轧#ga	{"word":"轧","pinyin":"ga","short":[],"senses":[],"note":"这个词有多个读音，当前读音尚未完成英语词义整理。请输入完整词组；不自动套用其他读音的释义。","source":"词伴 · 多读音保护","license":"GPL-3.0-or-later","review":"待按读音整理","blocked":true}
轧#ya	{"word":"轧","pinyin":"ya","short":[],"senses":[],"note":"这个词有多个读音，当前读音尚未完成英语词义整理。请输入完整词组；不自动套用其他读音的释义。","source":"词伴 · 多读音保护","license":"GPL-3.0-or-later","review":"待按读音整理","blocked":true}
轧#zha	{"word":"轧","pinyin":"zha","short":[],"senses":[],"note":"这个词有多个读音，当前读音尚未完成英语词义整理。请输入完整词组；不自动套用其他读音的释义。","source":"词伴 · 多读音保护","license":"GPL-3.0-or-later","review":"待按读音整理","blocked":true}
轧制#ya zhi	{"word":"轧制","pinyin":"ya zhi","short":[],"senses":[],"note":"这个词有多个读音，当前读音尚未完成英语词义整理。请输入完整词组；不自动套用其他读音的释义。","source":"词伴 · 多读音保护","license":"GPL-3.0-or-later","review":"待按读音整理","blocked":true}
轧制#zha zhi	{"word":"轧制","pinyin":"zha zhi","short":[],"senses":[],"note":"这个词有多个读音，当前读音尚未完成英语词义整理。请输入完整词组；不自动套用其他读音的释义。","source":"词伴 · 多读音保护","license":"GPL-3.0-or-later","review":"待按读音整理","blocked":true}
转#zhuai	{"word":"转","pinyin":"zhuai","short":[],"senses":[],"note":"这个词有多个读音，当前读音尚未完成英语词义整理。请输入完整词组；不自动套用其他读音的释义。","source":"词伴 · 多读音保护","license":"GPL-3.0-or-later","review":"待按读音整理","blocked":true}
转#zhuan	{"word":"转","pinyin":"zhuan","short":["turn","transfer"],"senses":[{"text":"turn","pos":"动词 / 动词短语","lemma":"turn"},{"text":"transfer","pos":"动词 / 动词短语","lemma":"transfer"}],"note":"zhuan3 转移，zhuan4 转动；同无声调拼音需靠完整词组。","source":"词伴 · AI 英语学习整理","license":"GPL-3.0-or-later","review":"未独立英语编辑校审"}
转文#zhuai wen	{"word":"转文","pinyin":"zhuai wen","short":[],"senses":[],"note":"这个词有多个读音，当前读音尚未完成英语词义整理。请输入完整词组；不自动套用其他读音的释义。","source":"词伴 · 多读音保护","license":"GPL-3.0-or-later","review":"待按读音整理","blocked":true}
转文#zhuan wen	{"word":"转文","pinyin":"zhuan wen","short":[],"senses":[],"note":"这个词有多个读音，当前读音尚未完成英语词义整理。请输入完整词组；不自动套用其他读音的释义。","source":"词伴 · 多读音保护","license":"GPL-3.0-or-later","review":"待按读音整理","blocked":true}
辗#nian	{"word":"辗","pinyin":"nian","short":[],"senses":[],"note":"这个词有多个读音，当前读音尚未完成英语词义整理。请输入完整词组；不自动套用其他读音的释义。","source":"词伴 · 多读音保护","license":"GPL-3.0-or-later","review":"待按读音整理","blocked":true}
辗#zhan	{"word":"辗","pinyin":"zhan","short":[],"senses":[],"note":"这个词有多个读音，当前读音尚未完成英语词义整理。请输入完整词组；不自动套用其他读音的释义。","source":"词伴 · 多读音保护","license":"GPL-3.0-or-later","review":"待按读音整理","blocked":true}
辟#bi	{"word":"辟","pinyin":"bi","short":[],"senses":[],"note":"这个词有多个读音，当前读音尚未完成英语词义整理。请输入完整词组；不自动套用其他读音的释义。","source":"词伴 · 多读音保护","license":"GPL-3.0-or-later","review":"待按读音整理","blocked":true}
辟#pi	{"word":"辟","pinyin":"pi","short":[],"senses":[],"note":"这个词有多个读音，当前读音尚未完成英语词义整理。请输入完整词组；不自动套用其他读音的释义。","source":"词伴 · 多读音保护","license":"GPL-3.0-or-later","review":"待按读音整理","blocked":true}
还#hai	{"word":"还","pinyin":"hai","short":["still","also"],"senses":[{"text":"still","pos":"副词"},{"text":"also","pos":"副词"}],"note":"表示仍然、还会；“还钱”的还读 huan。","source":"词伴 · AI 英语学习整理","license":"GPL-3.0-or-later","review":"未独立英语编辑校审"}
还#huan	{"word":"还","pinyin":"huan","short":["return","repay"],"senses":[{"text":"return","pos":"动词 / 动词短语","lemma":"return"},{"text":"repay","pos":"动词 / 动词短语","lemma":"repay"}],"note":"归还物品用 return；偿还钱款用 repay。","source":"词伴 · AI 英语学习整理","license":"GPL-3.0-or-later","review":"未独立英语编辑校审"}
还乡#hai xiang	{"word":"还乡","pinyin":"hai xiang","short":[],"senses":[],"note":"这个词有多个读音，当前读音尚未完成英语词义整理。请输入完整词组；不自动套用其他读音的释义。","source":"词伴 · 多读音保护","license":"GPL-3.0-or-later","review":"待按读音整理","blocked":true}
还乡#huan xiang	{"word":"还乡","pinyin":"huan xiang","short":[],"senses":[],"note":"这个词有多个读音，当前读音尚未完成英语词义整理。请输入完整词组；不自动套用其他读音的释义。","source":"词伴 · 多读音保护","license":"GPL-3.0-or-later","review":"待按读音整理","blocked":true}
还乡团#hai xiang tuan	{"word":"还乡团","pinyin":"hai xiang tuan","short":[],"senses":[],"note":"这个词有多个读音，当前读音尚未完成英语词义整理。请输入完整词组；不自动套用其他读音的释义。","source":"词伴 · 多读音保护","license":"GPL-3.0-or-later","review":"待按读音整理","blocked":true}
还乡团#huan xiang tuan	{"word":"还乡团","pinyin":"huan xiang tuan","short":[],"senses":[],"note":"这个词有多个读音，当前读音尚未完成英语词义整理。请输入完整词组；不自动套用其他读音的释义。","source":"词伴 · 多读音保护","license":"GPL-3.0-or-later","review":"待按读音整理","blocked":true}
还政#hai zheng	{"word":"还政","pinyin":"hai zheng","short":[],"senses":[],"note":"这个词有多个读音，当前读音尚未完成英语词义整理。请输入完整词组；不自动套用其他读音的释义。","source":"词伴 · 多读音保护","license":"GPL-3.0-or-later","review":"待按读音整理","blocked":true}
还政#huan zheng	{"word":"还政","pinyin":"huan zheng","short":[],"senses":[],"note":"这个词有多个读音，当前读音尚未完成英语词义整理。请输入完整词组；不自动套用其他读音的释义。","source":"词伴 · 多读音保护","license":"GPL-3.0-or-later","review":"待按读音整理","blocked":true}
还田#hai tian	{"word":"还田","pinyin":"hai tian","short":[],"senses":[],"note":"这个词有多个读音，当前读音尚未完成英语词义整理。请输入完整词组；不自动套用其他读音的释义。","source":"词伴 · 多读音保护","license":"GPL-3.0-or-later","review":"待按读音整理","blocked":true}
还田#huan tian	{"word":"还田","pinyin":"huan tian","short":[],"senses":[],"note":"这个词有多个读音，当前读音尚未完成英语词义整理。请输入完整词组；不自动套用其他读音的释义。","source":"词伴 · 多读音保护","license":"GPL-3.0-or-later","review":"待按读音整理","blocked":true}
还能#hai neng	{"word":"还能","pinyin":"hai neng","short":["can still…"],"senses":[{"text":"can still…","pos":"会话表达 / 短语"}],"note":"can 后接动词原形。","example":"I can still walk.","source":"词伴 · AI 英语学习整理","license":"GPL-3.0-or-later","review":"未独立英语编辑校审"}
还要#hai yao	{"word":"还要","pinyin":"hai yao","short":["want more","still need…"],"senses":[{"text":"want more","pos":"会话表达 / 短语"},{"text":"still need…","pos":"会话表达 / 短语"}],"note":"额外需要与尚未完成的需要不同。","example":"I still need your help.","source":"词伴 · AI 英语学习整理","license":"GPL-3.0-or-later","review":"未独立英语编辑校审"}
还贷#hai dai	{"word":"还贷","pinyin":"hai dai","short":[],"senses":[],"note":"这个词有多个读音，当前读音尚未完成英语词义整理。请输入完整词组；不自动套用其他读音的释义。","source":"词伴 · 多读音保护","license":"GPL-3.0-or-later","review":"待按读音整理","blocked":true}
还贷#huan dai	{"word":"还贷","pinyin":"huan dai","short":[],"senses":[],"note":"这个词有多个读音，当前读音尚未完成英语词义整理。请输入完整词组；不自动套用其他读音的释义。","source":"词伴 · 多读音保护","license":"GPL-3.0-or-later","review":"待按读音整理","blocked":true}
这#zhe	{"word":"这","pinyin":"zhe","short":["this"],"senses":[{"text":"this","pos":"代词"}],"note":"指示代词或限定词；复数通常用 these。","source":"词伴 · AI 英语学习整理","license":"GPL-3.0-or-later","review":"未独立英语编辑校审"}
这#zhei	{"word":"这","pinyin":"zhei","short":["this"],"senses":[{"text":"this","pos":"代词"}],"note":"口语读音，常见于“这个”；完整词组依语境处理。","source":"词伴 · AI 英语学习整理","license":"GPL-3.0-or-later","review":"未独立英语编辑校审"}
这是#zhe shi	{"word":"这是","pinyin":"zhe shi","short":["this is…"],"senses":[{"text":"this is…","pos":"会话表达 / 短语"}],"note":"指介绍眼前事物；复数用 these are。","example":"This is my book.","source":"词伴 · AI 英语学习整理","license":"GPL-3.0-or-later","review":"未独立英语编辑校审"}
这样的#zhe yang de	{"word":"这样的","pinyin":"zhe yang de","short":["like this"],"senses":[{"text":"like this","pos":"会话表达 / 短语"}],"note":"修饰名词也可用 this kind of。","example":"I've never seen anything like this.","source":"词伴 · AI 英语学习整理","license":"GPL-3.0-or-later","review":"未独立英语编辑校审"}
这里#zhe li	{"word":"这里","pinyin":"zhe li","short":["here"],"senses":[{"text":"here","pos":"副词"}],"countability":"","forms":"","note":"表示地点；come here 不加 to。","example":"Come here, please.","source":"词伴 · AI 英语学习整理","license":"GPL-3.0-or-later","review":"未独立英语编辑校审"}
迫#pai	{"word":"迫","pinyin":"pai","short":[],"senses":[],"note":"这个词有多个读音，当前读音尚未完成英语词义整理。请输入完整词组；不自动套用其他读音的释义。","source":"词伴 · 多读音保护","license":"GPL-3.0-or-later","review":"待按读音整理","blocked":true}
迫#po	{"word":"迫","pinyin":"po","short":[],"senses":[],"note":"这个词有多个读音，当前读音尚未完成英语词义整理。请输入完整词组；不自动套用其他读音的释义。","source":"词伴 · 多读音保护","license":"GPL-3.0-or-later","review":"待按读音整理","blocked":true}
迫降#po jiang	{"word":"迫降","pinyin":"po jiang","short":[],"senses":[],"note":"这个词有多个读音，当前读音尚未完成英语词义整理。请输入完整词组；不自动套用其他读音的释义。","source":"词伴 · 多读音保护","license":"GPL-3.0-or-later","review":"待按读音整理","blocked":true}
迫降#po xiang	{"word":"迫降","pinyin":"po xiang","short":[],"senses":[],"note":"这个词有多个读音，当前读音尚未完成英语词义整理。请输入完整词组；不自动套用其他读音的释义。","source":"词伴 · 多读音保护","license":"GPL-3.0-or-later","review":"待按读音整理","blocked":true}
送还#song hai	{"word":"送还","pinyin":"song hai","short":[],"senses":[],"note":"这个词有多个读音，当前读音尚未完成英语词义整理。请输入完整词组；不自动套用其他读音的释义。","source":"词伴 · 多读音保护","license":"GPL-3.0-or-later","review":"待按读音整理","blocked":true}
送还#song huan	{"word":"送还","pinyin":"song huan","short":[],"senses":[],"note":"这个词有多个读音，当前读音尚未完成英语词义整理。请输入完整词组；不自动套用其他读音的释义。","source":"词伴 · 多读音保护","license":"GPL-3.0-or-later","review":"待按读音整理","blocked":true}
适#kuo	{"word":"适","pinyin":"kuo","short":[],"senses":[],"note":"这个词有多个读音，当前读音尚未完成英语词义整理。请输入完整词组；不自动套用其他读音的释义。","source":"词伴 · 多读音保护","license":"GPL-3.0-or-later","review":"待按读音整理","blocked":true}
适#shi	{"word":"适","pinyin":"shi","short":[],"senses":[],"note":"这个词有多个读音，当前读音尚未完成英语词义整理。请输入完整词组；不自动套用其他读音的释义。","source":"词伴 · 多读音保护","license":"GPL-3.0-or-later","review":"待按读音整理","blocked":true}
遗#wei	{"word":"遗","pinyin":"wei","short":[],"senses":[],"note":"这个词有多个读音，当前读音尚未完成英语词义整理。请输入完整词组；不自动套用其他读音的释义。","source":"词伴 · 多读音保护","license":"GPL-3.0-or-later","review":"待按读音整理","blocked":true}
遗#yi	{"word":"遗","pinyin":"yi","short":[],"senses":[],"note":"这个词有多个读音，当前读音尚未完成英语词义整理。请输入完整词组；不自动套用其他读音的释义。","source":"词伴 · 多读音保护","license":"GPL-3.0-or-later","review":"待按读音整理","blocked":true}
那#na	{"word":"那","pinyin":"na","short":["that","then"],"senses":[{"text":"that","pos":"代词"},{"text":"then","pos":"副词"}],"note":"指示或承接语；“那时”等应学习完整词组。","source":"词伴 · AI 英语学习整理","license":"GPL-3.0-or-later","review":"未独立英语编辑校审"}
那#nai	{"word":"那","pinyin":"nai","short":[],"senses":[],"note":"这个词有多个读音，当前读音尚未完成英语词义整理。请输入完整词组；不自动套用其他读音的释义。","source":"词伴 · 多读音保护","license":"GPL-3.0-or-later","review":"待按读音整理","blocked":true}
那#ne	{"word":"那","pinyin":"ne","short":[],"senses":[],"note":"这个词有多个读音，当前读音尚未完成英语词义整理。请输入完整词组；不自动套用其他读音的释义。","source":"词伴 · 多读音保护","license":"GPL-3.0-or-later","review":"待按读音整理","blocked":true}
那#nei	{"word":"那","pinyin":"nei","short":["that"],"senses":[{"text":"that","pos":"代词"}],"note":"常见口语读音，如“那个”。","source":"词伴 · AI 英语学习整理","license":"GPL-3.0-or-later","review":"未独立英语编辑校审"}
那你#na ni	{"word":"那你","pinyin":"na ni","short":["what about you?"],"senses":[{"text":"what about you?","pos":"会话表达 / 短语"}],"note":"询问对方；其他句子片段需要补全。","example":"I'm fine. What about you?","source":"词伴 · AI 英语学习整理","license":"GPL-3.0-or-later","review":"未独立英语编辑校审"}
那就#na jiu	{"word":"那就","pinyin":"na jiu","short":["then"],"senses":[{"text":"then","pos":"会话表达 / 短语"}],"note":"引出行动或结论。","example":"Then let's go.","source":"词伴 · AI 英语学习整理","license":"GPL-3.0-or-later","review":"未独立英语编辑校审"}
那我#na wo	{"word":"那我","pinyin":"na wo","short":["what about me?"],"senses":[{"text":"what about me?","pos":"会话表达 / 短语"}],"note":"询问自己；作为句子开头需补完。","example":"What about me?","source":"词伴 · AI 英语学习整理","license":"GPL-3.0-or-later","review":"未独立英语编辑校审"}
那里#na li	{"word":"那里","pinyin":"na li","short":["there"],"senses":[{"text":"there","pos":"副词"}],"countability":"","forms":"","note":"表示地点；go there 不加 to。","example":"I'll meet you there.","source":"词伴 · AI 英语学习整理","license":"GPL-3.0-or-later","review":"未独立英语编辑校审"}
邪#xie	{"word":"邪","pinyin":"xie","short":[],"senses":[],"note":"这个词有多个读音，当前读音尚未完成英语词义整理。请输入完整词组；不自动套用其他读音的释义。","source":"词伴 · 多读音保护","license":"GPL-3.0-or-later","review":"待按读音整理","blocked":true}
邪#ye	{"word":"邪","pinyin":"ye","short":[],"senses":[],"note":"这个词有多个读音，当前读音尚未完成英语词义整理。请输入完整词组；不自动套用其他读音的释义。","source":"词伴 · 多读音保护","license":"GPL-3.0-or-later","review":"待按读音整理","blocked":true}
郇#huan	{"word":"郇","pinyin":"huan","short":[],"senses":[],"note":"这个词有多个读音，当前读音尚未完成英语词义整理。请输入完整词组；不自动套用其他读音的释义。","source":"词伴 · 多读音保护","license":"GPL-3.0-or-later","review":"待按读音整理","blocked":true}
郇#xun	{"word":"郇","pinyin":"xun","short":[],"senses":[],"note":"这个词有多个读音，当前读音尚未完成英语词义整理。请输入完整词组；不自动套用其他读音的释义。","source":"词伴 · 多读音保护","license":"GPL-3.0-or-later","review":"待按读音整理","blocked":true}
部长#bu chang	{"word":"部长","pinyin":"bu chang","short":[],"senses":[],"note":"这个词有多个读音，当前读音尚未完成英语词义整理。请输入完整词组；不自动套用其他读音的释义。","source":"词伴 · 多读音保护","license":"GPL-3.0-or-later","review":"待按读音整理","blocked":true}
部长#bu zhang	{"word":"部长","pinyin":"bu zhang","short":[],"senses":[],"note":"这个词有多个读音，当前读音尚未完成英语词义整理。请输入完整词组；不自动套用其他读音的释义。","source":"词伴 · 多读音保护","license":"GPL-3.0-or-later","review":"待按读音整理","blocked":true}
都#dou	{"word":"都","pinyin":"dou","short":["all","both"],"senses":[{"text":"all","pos":"副词"},{"text":"both","pos":"副词"}],"note":"范围需由整句决定；两者都可用 both，多者通常用 all。","source":"词伴 · AI 英语学习整理","license":"GPL-3.0-or-later","review":"未独立英语编辑校审"}
都#du	{"word":"都","pinyin":"du","short":["capital"],"senses":[{"text":"capital","pos":"名词","lemma":"capital"}],"note":"首都的含义；都市 city 需要按词组学习。","source":"词伴 · AI 英语学习整理","license":"GPL-3.0-or-later","review":"未独立英语编辑校审"}
都在#dou zai	{"word":"都在","pinyin":"dou zai","short":["all are…"],"senses":[{"text":"all are…","pos":"会话表达 / 短语"}],"note":"位置或活动需要完整补语。","example":"They are all here.","source":"词伴 · AI 英语学习整理","license":"GPL-3.0-or-later","review":"未独立英语编辑校审"}
都是#dou shi	{"word":"都是","pinyin":"dou shi","short":["all are…"],"senses":[{"text":"all are…","pos":"会话表达 / 短语"}],"note":"句子片段；人称、时态和后面的补语需要随句子调整。","example":"They are all students.","source":"词伴 · AI 英语学习整理","license":"GPL-3.0-or-later","review":"未独立英语编辑校审"}
都有#dou you	{"word":"都有","pinyin":"dou you","short":["all have…"],"senses":[{"text":"all have…","pos":"会话表达 / 短语"}],"note":"后接宾语；主语和时态须随语境变化。","example":"We all have tickets.","source":"词伴 · AI 英语学习整理","license":"GPL-3.0-or-later","review":"未独立英语编辑校审"}
都没有#dou mei you	{"word":"都没有","pinyin":"dou mei you","short":["none","neither"],"senses":[{"text":"none","pos":"会话表达 / 短语"},{"text":"neither","pos":"会话表达 / 短语"}],"note":"none 用于没有一个；两者都没有常用 neither。","example":"None of us has a car.","source":"词伴 · AI 英语学习整理","license":"GPL-3.0-or-later","review":"未独立英语编辑校审"}
酂#cuo	{"word":"酂","pinyin":"cuo","short":[],"senses":[],"note":"这个词有多个读音，当前读音尚未完成英语词义整理。请输入完整词组；不自动套用其他读音的释义。","source":"词伴 · 多读音保护","license":"GPL-3.0-or-later","review":"待按读音整理","blocked":true}
酂#zan	{"word":"酂","pinyin":"zan","short":[],"senses":[],"note":"这个词有多个读音，当前读音尚未完成英语词义整理。请输入完整词组；不自动套用其他读音的释义。","source":"词伴 · 多读音保护","license":"GPL-3.0-or-later","review":"待按读音整理","blocked":true}
酢#cu	{"word":"酢","pinyin":"cu","short":[],"senses":[],"note":"这个词有多个读音，当前读音尚未完成英语词义整理。请输入完整词组；不自动套用其他读音的释义。","source":"词伴 · 多读音保护","license":"GPL-3.0-or-later","review":"待按读音整理","blocked":true}
酢#zuo	{"word":"酢","pinyin":"zuo","short":[],"senses":[],"note":"这个词有多个读音，当前读音尚未完成英语词义整理。请输入完整词组；不自动套用其他读音的释义。","source":"词伴 · 多读音保护","license":"GPL-3.0-or-later","review":"待按读音整理","blocked":true}
酦#fa	{"word":"酦","pinyin":"fa","short":[],"senses":[],"note":"这个词有多个读音，当前读音尚未完成英语词义整理。请输入完整词组；不自动套用其他读音的释义。","source":"词伴 · 多读音保护","license":"GPL-3.0-or-later","review":"待按读音整理","blocked":true}
酦#po	{"word":"酦","pinyin":"po","short":[],"senses":[],"note":"这个词有多个读音，当前读音尚未完成英语词义整理。请输入完整词组；不自动套用其他读音的释义。","source":"词伴 · 多读音保护","license":"GPL-3.0-or-later","review":"待按读音整理","blocked":true}
酾#shai	{"word":"酾","pinyin":"shai","short":[],"senses":[],"note":"这个词有多个读音，当前读音尚未完成英语词义整理。请输入完整词组；不自动套用其他读音的释义。","source":"词伴 · 多读音保护","license":"GPL-3.0-or-later","review":"待按读音整理","blocked":true}
酾#shi	{"word":"酾","pinyin":"shi","short":[],"senses":[],"note":"这个词有多个读音，当前读音尚未完成英语词义整理。请输入完整词组；不自动套用其他读音的释义。","source":"词伴 · 多读音保护","license":"GPL-3.0-or-later","review":"待按读音整理","blocked":true}
采血#cai xie	{"word":"采血","pinyin":"cai xie","short":[],"senses":[],"note":"这个词有多个读音，当前读音尚未完成英语词义整理。请输入完整词组；不自动套用其他读音的释义。","source":"词伴 · 多读音保护","license":"GPL-3.0-or-later","review":"待按读音整理","blocked":true}
采血#cai xue	{"word":"采血","pinyin":"cai xue","short":[],"senses":[],"note":"这个词有多个读音，当前读音尚未完成英语词义整理。请输入完整词组；不自动套用其他读音的释义。","source":"词伴 · 多读音保护","license":"GPL-3.0-or-later","review":"待按读音整理","blocked":true}
重#chong	{"word":"重","pinyin":"chong","short":["again"],"senses":[{"text":"again","pos":"副词"}],"note":"表示重复；“重做”常用 redo。","source":"词伴 · AI 英语学习整理","license":"GPL-3.0-or-later","review":"未独立英语编辑校审"}
重#zhong	{"word":"重","pinyin":"zhong","short":["heavy","important"],"senses":[{"text":"heavy","pos":"形容词"},{"text":"important","pos":"形容词"}],"note":"重量或重要性。","source":"词伴 · AI 英语学习整理","license":"GPL-3.0-or-later","review":"未独立英语编辑校审"}
重围#chong wei	{"word":"重围","pinyin":"chong wei","short":[],"senses":[],"note":"这个词有多个读音，当前读音尚未完成英语词义整理。请输入完整词组；不自动套用其他读音的释义。","source":"词伴 · 多读音保护","license":"GPL-3.0-or-later","review":"待按读音整理","blocked":true}
重围#zhong wei	{"word":"重围","pinyin":"zhong wei","short":[],"senses":[],"note":"这个词有多个读音，当前读音尚未完成英语词义整理。请输入完整词组；不自动套用其他读音的释义。","source":"词伴 · 多读音保护","license":"GPL-3.0-or-later","review":"待按读音整理","blocked":true}
重庆#chong qing	{"word":"重庆","pinyin":"chong qing","short":[],"senses":[],"note":"这个词有多个读音，当前读音尚未完成英语词义整理。请输入完整词组；不自动套用其他读音的释义。","source":"词伴 · 多读音保护","license":"GPL-3.0-or-later","review":"待按读音整理","blocked":true}
重庆#zhong qing	{"word":"重庆","pinyin":"zhong qing","short":[],"senses":[],"note":"这个词有多个读音，当前读音尚未完成英语词义整理。请输入完整词组；不自动套用其他读音的释义。","source":"词伴 · 多读音保护","license":"GPL-3.0-or-later","review":"待按读音整理","blocked":true}
重建#chong jian	{"word":"重建","pinyin":"chong jian","short":[],"senses":[],"note":"这个词有多个读音，当前读音尚未完成英语词义整理。请输入完整词组；不自动套用其他读音的释义。","source":"词伴 · 多读音保护","license":"GPL-3.0-or-later","review":"待按读音整理","blocked":true}
重建#zhong jian	{"word":"重建","pinyin":"zhong jian","short":[],"senses":[],"note":"这个词有多个读音，当前读音尚未完成英语词义整理。请输入完整词组；不自动套用其他读音的释义。","source":"词伴 · 多读音保护","license":"GPL-3.0-or-later","review":"待按读音整理","blocked":true}
重弹#chong tan	{"word":"重弹","pinyin":"chong tan","short":[],"senses":[],"note":"这个词有多个读音，当前读音尚未完成英语词义整理。请输入完整词组；不自动套用其他读音的释义。","source":"词伴 · 多读音保护","license":"GPL-3.0-or-later","review":"待按读音整理","blocked":true}
重弹#zhong dan	{"word":"重弹","pinyin":"zhong dan","short":[],"senses":[],"note":"这个词有多个读音，当前读音尚未完成英语词义整理。请输入完整词组；不自动套用其他读音的释义。","source":"词伴 · 多读音保护","license":"GPL-3.0-or-later","review":"待按读音整理","blocked":true}
重振#chong zhen	{"word":"重振","pinyin":"chong zhen","short":[],"senses":[],"note":"这个词有多个读音，当前读音尚未完成英语词义整理。请输入完整词组；不自动套用其他读音的释义。","source":"词伴 · 多读音保护","license":"GPL-3.0-or-later","review":"待按读音整理","blocked":true}
重振#zhong zhen	{"word":"重振","pinyin":"zhong zhen","short":[],"senses":[],"note":"这个词有多个读音，当前读音尚未完成英语词义整理。请输入完整词组；不自动套用其他读音的释义。","source":"词伴 · 多读音保护","license":"GPL-3.0-or-later","review":"待按读音整理","blocked":true}
重提#chong ti	{"word":"重提","pinyin":"chong ti","short":[],"senses":[],"note":"这个词有多个读音，当前读音尚未完成英语词义整理。请输入完整词组；不自动套用其他读音的释义。","source":"词伴 · 多读音保护","license":"GPL-3.0-or-later","review":"待按读音整理","blocked":true}
重提#zhong ti	{"word":"重提","pinyin":"zhong ti","short":[],"senses":[],"note":"这个词有多个读音，当前读音尚未完成英语词义整理。请输入完整词组；不自动套用其他读音的释义。","source":"词伴 · 多读音保护","license":"GPL-3.0-or-later","review":"待按读音整理","blocked":true}
重整#chong zheng	{"word":"重整","pinyin":"chong zheng","short":[],"senses":[],"note":"这个词有多个读音，当前读音尚未完成英语词义整理。请输入完整词组；不自动套用其他读音的释义。","source":"词伴 · 多读音保护","license":"GPL-3.0-or-later","review":"待按读音整理","blocked":true}
重整#zhong zheng	{"word":"重整","pinyin":"zhong zheng","short":[],"senses":[],"note":"这个词有多个读音，当前读音尚未完成英语词义整理。请输入完整词组；不自动套用其他读音的释义。","source":"词伴 · 多读音保护","license":"GPL-3.0-or-later","review":"待按读音整理","blocked":true}
重檐#chong yan	{"word":"重檐","pinyin":"chong yan","short":[],"senses":[],"note":"这个词有多个读音，当前读音尚未完成英语词义整理。请输入完整词组；不自动套用其他读音的释义。","source":"词伴 · 多读音保护","license":"GPL-3.0-or-later","review":"待按读音整理","blocked":true}
重檐#zhong yan	{"word":"重檐","pinyin":"zhong yan","short":[],"senses":[],"note":"这个词有多个读音，当前读音尚未完成英语词义整理。请输入完整词组；不自动套用其他读音的释义。","source":"词伴 · 多读音保护","license":"GPL-3.0-or-later","review":"待按读音整理","blocked":true}
重温#chong wen	{"word":"重温","pinyin":"chong wen","short":[],"senses":[],"note":"这个词有多个读音，当前读音尚未完成英语词义整理。请输入完整词组；不自动套用其他读音的释义。","source":"词伴 · 多读音保护","license":"GPL-3.0-or-later","review":"待按读音整理","blocked":true}
重温#zhong wen	{"word":"重温","pinyin":"zhong wen","short":[],"senses":[],"note":"这个词有多个读音，当前读音尚未完成英语词义整理。请输入完整词组；不自动套用其他读音的释义。","source":"词伴 · 多读音保护","license":"GPL-3.0-or-later","review":"待按读音整理","blocked":true}
重犯#chong fan	{"word":"重犯","pinyin":"chong fan","short":[],"senses":[],"note":"这个词有多个读音，当前读音尚未完成英语词义整理。请输入完整词组；不自动套用其他读音的释义。","source":"词伴 · 多读音保护","license":"GPL-3.0-or-later","review":"待按读音整理","blocked":true}
重犯#zhong fan	{"word":"重犯","pinyin":"zhong fan","short":[],"senses":[],"note":"这个词有多个读音，当前读音尚未完成英语词义整理。请输入完整词组；不自动套用其他读音的释义。","source":"词伴 · 多读音保护","license":"GPL-3.0-or-later","review":"待按读音整理","blocked":true}
重现#chong xian	{"word":"重现","pinyin":"chong xian","short":[],"senses":[],"note":"这个词有多个读音，当前读音尚未完成英语词义整理。请输入完整词组；不自动套用其他读音的释义。","source":"词伴 · 多读音保护","license":"GPL-3.0-or-later","review":"待按读音整理","blocked":true}
重现#zhong xian	{"word":"重现","pinyin":"zhong xian","short":[],"senses":[],"note":"这个词有多个读音，当前读音尚未完成英语词义整理。请输入完整词组；不自动套用其他读音的释义。","source":"词伴 · 多读音保护","license":"GPL-3.0-or-later","review":"待按读音整理","blocked":true}
重聚#chong ju	{"word":"重聚","pinyin":"chong ju","short":[],"senses":[],"note":"这个词有多个读音，当前读音尚未完成英语词义整理。请输入完整词组；不自动套用其他读音的释义。","source":"词伴 · 多读音保护","license":"GPL-3.0-or-later","review":"待按读音整理","blocked":true}
重聚#zhong ju	{"word":"重聚","pinyin":"zhong ju","short":[],"senses":[],"note":"这个词有多个读音，当前读音尚未完成英语词义整理。请输入完整词组；不自动套用其他读音的释义。","source":"词伴 · 多读音保护","license":"GPL-3.0-or-later","review":"待按读音整理","blocked":true}
重要#zhong yao	{"word":"重要","pinyin":"zhong yao","short":["important"],"senses":[{"text":"important","pos":"形容词"}],"countability":"","forms":"","note":"常见搭配 important to/for。","example":"This is important to me.","source":"词伴 · AI 英语学习整理","license":"GPL-3.0-or-later","review":"未独立英语编辑校审"}
重言#chong yan	{"word":"重言","pinyin":"chong yan","short":[],"senses":[],"note":"这个词有多个读音，当前读音尚未完成英语词义整理。请输入完整词组；不自动套用其他读音的释义。","source":"词伴 · 多读音保护","license":"GPL-3.0-or-later","review":"待按读音整理","blocked":true}
重言#zhong yan	{"word":"重言","pinyin":"zhong yan","short":[],"senses":[],"note":"这个词有多个读音，当前读音尚未完成英语词义整理。请输入完整词组；不自动套用其他读音的释义。","source":"词伴 · 多读音保护","license":"GPL-3.0-or-later","review":"待按读音整理","blocked":true}
重返#chong fan	{"word":"重返","pinyin":"chong fan","short":[],"senses":[],"note":"这个词有多个读音，当前读音尚未完成英语词义整理。请输入完整词组；不自动套用其他读音的释义。","source":"词伴 · 多读音保护","license":"GPL-3.0-or-later","review":"待按读音整理","blocked":true}
重返#zhong fan	{"word":"重返","pinyin":"zhong fan","short":[],"senses":[],"note":"这个词有多个读音，当前读音尚未完成英语词义整理。请输入完整词组；不自动套用其他读音的释义。","source":"词伴 · 多读音保护","license":"GPL-3.0-or-later","review":"待按读音整理","blocked":true}
野山参#ye shan can	{"word":"野山参","pinyin":"ye shan can","short":[],"senses":[],"note":"这个词有多个读音，当前读音尚未完成英语词义整理。请输入完整词组；不自动套用其他读音的释义。","source":"词伴 · 多读音保护","license":"GPL-3.0-or-later","review":"待按读音整理","blocked":true}
野山参#ye shan shen	{"word":"野山参","pinyin":"ye shan shen","short":[],"senses":[],"note":"这个词有多个读音，当前读音尚未完成英语词义整理。请输入完整词组；不自动套用其他读音的释义。","source":"词伴 · 多读音保护","license":"GPL-3.0-or-later","review":"待按读音整理","blocked":true}
釐#li	{"word":"釐","pinyin":"li","short":[],"senses":[],"note":"这个词有多个读音，当前读音尚未完成英语词义整理。请输入完整词组；不自动套用其他读音的释义。","source":"词伴 · 多读音保护","license":"GPL-3.0-or-later","review":"待按读音整理","blocked":true}
釐#xi	{"word":"釐","pinyin":"xi","short":[],"senses":[],"note":"这个词有多个读音，当前读音尚未完成英语词义整理。请输入完整词组；不自动套用其他读音的释义。","source":"词伴 · 多读音保护","license":"GPL-3.0-or-later","review":"待按读音整理","blocked":true}
钥#yao	{"word":"钥","pinyin":"yao","short":[],"senses":[],"note":"这个词有多个读音，当前读音尚未完成英语词义整理。请输入完整词组；不自动套用其他读音的释义。","source":"词伴 · 多读音保护","license":"GPL-3.0-or-later","review":"待按读音整理","blocked":true}
钥#yue	{"word":"钥","pinyin":"yue","short":[],"senses":[],"note":"这个词有多个读音，当前读音尚未完成英语词义整理。请输入完整词组；不自动套用其他读音的释义。","source":"词伴 · 多读音保护","license":"GPL-3.0-or-later","review":"待按读音整理","blocked":true}
钭#dou	{"word":"钭","pinyin":"dou","short":[],"senses":[],"note":"这个词有多个读音，当前读音尚未完成英语词义整理。请输入完整词组；不自动套用其他读音的释义。","source":"词伴 · 多读音保护","license":"GPL-3.0-or-later","review":"待按读音整理","blocked":true}
钭#tou	{"word":"钭","pinyin":"tou","short":[],"senses":[],"note":"这个词有多个读音，当前读音尚未完成英语词义整理。请输入完整词组；不自动套用其他读音的释义。","source":"词伴 · 多读音保护","license":"GPL-3.0-or-later","review":"待按读音整理","blocked":true}
钯#ba	{"word":"钯","pinyin":"ba","short":[],"senses":[],"note":"这个词有多个读音，当前读音尚未完成英语词义整理。请输入完整词组；不自动套用其他读音的释义。","source":"词伴 · 多读音保护","license":"GPL-3.0-or-later","review":"待按读音整理","blocked":true}
钯#pa	{"word":"钯","pinyin":"pa","short":[],"senses":[],"note":"这个词有多个读音，当前读音尚未完成英语词义整理。请输入完整词组；不自动套用其他读音的释义。","source":"词伴 · 多读音保护","license":"GPL-3.0-or-later","review":"待按读音整理","blocked":true}
钱#qian	{"word":"钱","pinyin":"qian","short":["money"],"senses":[{"text":"money","pos":"名词","lemma":"money"}],"countability":"通常不可数","forms":"","note":"不用 a money 或 moneys 表达一笔钱。","example":"I don't have much money.","source":"词伴 · AI 英语学习整理","license":"GPL-3.0-or-later","review":"未独立英语编辑校审"}
钿#dian	{"word":"钿","pinyin":"dian","short":[],"senses":[],"note":"这个词有多个读音，当前读音尚未完成英语词义整理。请输入完整词组；不自动套用其他读音的释义。","source":"词伴 · 多读音保护","license":"GPL-3.0-or-later","review":"待按读音整理","blocked":true}
钿#tian	{"word":"钿","pinyin":"tian","short":[],"senses":[],"note":"这个词有多个读音，当前读音尚未完成英语词义整理。请输入完整词组；不自动套用其他读音的释义。","source":"词伴 · 多读音保护","license":"GPL-3.0-or-later","review":"待按读音整理","blocked":true}
铁杉#tie sha	{"word":"铁杉","pinyin":"tie sha","short":[],"senses":[],"note":"这个词有多个读音，当前读音尚未完成英语词义整理。请输入完整词组；不自动套用其他读音的释义。","source":"词伴 · 多读音保护","license":"GPL-3.0-or-later","review":"待按读音整理","blocked":true}
铁杉#tie shan	{"word":"铁杉","pinyin":"tie shan","short":[],"senses":[],"note":"这个词有多个读音，当前读音尚未完成英语词义整理。请输入完整词组；不自动套用其他读音的释义。","source":"词伴 · 多读音保护","license":"GPL-3.0-or-later","review":"待按读音整理","blocked":true}
铅#qian	{"word":"铅","pinyin":"qian","short":[],"senses":[],"note":"这个词有多个读音，当前读音尚未完成英语词义整理。请输入完整词组；不自动套用其他读音的释义。","source":"词伴 · 多读音保护","license":"GPL-3.0-or-later","review":"待按读音整理","blocked":true}
铅#yan	{"word":"铅","pinyin":"yan","short":[],"senses":[],"note":"这个词有多个读音，当前读音尚未完成英语词义整理。请输入完整词组；不自动套用其他读音的释义。","source":"词伴 · 多读音保护","license":"GPL-3.0-or-later","review":"待按读音整理","blocked":true}
铊#ta	{"word":"铊","pinyin":"ta","short":[],"senses":[],"note":"这个词有多个读音，当前读音尚未完成英语词义整理。请输入完整词组；不自动套用其他读音的释义。","source":"词伴 · 多读音保护","license":"GPL-3.0-or-later","review":"待按读音整理","blocked":true}
铊#tuo	{"word":"铊","pinyin":"tuo","short":[],"senses":[],"note":"这个词有多个读音，当前读音尚未完成英语词义整理。请输入完整词组；不自动套用其他读音的释义。","source":"词伴 · 多读音保护","license":"GPL-3.0-or-later","review":"待按读音整理","blocked":true}
铛#cheng	{"word":"铛","pinyin":"cheng","short":[],"senses":[],"note":"这个词有多个读音，当前读音尚未完成英语词义整理。请输入完整词组；不自动套用其他读音的释义。","source":"词伴 · 多读音保护","license":"GPL-3.0-or-later","review":"待按读音整理","blocked":true}
铛#dang	{"word":"铛","pinyin":"dang","short":[],"senses":[],"note":"这个词有多个读音，当前读音尚未完成英语词义整理。请输入完整词组；不自动套用其他读音的释义。","source":"词伴 · 多读音保护","license":"GPL-3.0-or-later","review":"待按读音整理","blocked":true}
铜管乐#tong guan le	{"word":"铜管乐","pinyin":"tong guan le","short":[],"senses":[],"note":"这个词有多个读音，当前读音尚未完成英语词义整理。请输入完整词组；不自动套用其他读音的释义。","source":"词伴 · 多读音保护","license":"GPL-3.0-or-later","review":"待按读音整理","blocked":true}
铜管乐#tong guan yue	{"word":"铜管乐","pinyin":"tong guan yue","short":[],"senses":[],"note":"这个词有多个读音，当前读音尚未完成英语词义整理。请输入完整词组；不自动套用其他读音的释义。","source":"词伴 · 多读音保护","license":"GPL-3.0-or-later","review":"待按读音整理","blocked":true}
铣#xi	{"word":"铣","pinyin":"xi","short":[],"senses":[],"note":"这个词有多个读音，当前读音尚未完成英语词义整理。请输入完整词组；不自动套用其他读音的释义。","source":"词伴 · 多读音保护","license":"GPL-3.0-or-later","review":"待按读音整理","blocked":true}
铣#xian	{"word":"铣","pinyin":"xian","short":[],"senses":[],"note":"这个词有多个读音，当前读音尚未完成英语词义整理。请输入完整词组；不自动套用其他读音的释义。","source":"词伴 · 多读音保护","license":"GPL-3.0-or-later","review":"待按读音整理","blocked":true}
铤#ding	{"word":"铤","pinyin":"ding","short":[],"senses":[],"note":"这个词有多个读音，当前读音尚未完成英语词义整理。请输入完整词组；不自动套用其他读音的释义。","source":"词伴 · 多读音保护","license":"GPL-3.0-or-later","review":"待按读音整理","blocked":true}
铤#ting	{"word":"铤","pinyin":"ting","short":[],"senses":[],"note":"这个词有多个读音，当前读音尚未完成英语词义整理。请输入完整词组；不自动套用其他读音的释义。","source":"词伴 · 多读音保护","license":"GPL-3.0-or-later","review":"待按读音整理","blocked":true}
铫#diao	{"word":"铫","pinyin":"diao","short":[],"senses":[],"note":"这个词有多个读音，当前读音尚未完成英语词义整理。请输入完整词组；不自动套用其他读音的释义。","source":"词伴 · 多读音保护","license":"GPL-3.0-or-later","review":"待按读音整理","blocked":true}
铫#yao	{"word":"铫","pinyin":"yao","short":[],"senses":[],"note":"这个词有多个读音，当前读音尚未完成英语词义整理。请输入完整词组；不自动套用其他读音的释义。","source":"词伴 · 多读音保护","license":"GPL-3.0-or-later","review":"待按读音整理","blocked":true}
银杉#yin sha	{"word":"银杉","pinyin":"yin sha","short":[],"senses":[],"note":"这个词有多个读音，当前读音尚未完成英语词义整理。请输入完整词组；不自动套用其他读音的释义。","source":"词伴 · 多读音保护","license":"GPL-3.0-or-later","review":"待按读音整理","blocked":true}
银杉#yin shan	{"word":"银杉","pinyin":"yin shan","short":[],"senses":[],"note":"这个词有多个读音，当前读音尚未完成英语词义整理。请输入完整词组；不自动套用其他读音的释义。","source":"词伴 · 多读音保护","license":"GPL-3.0-or-later","review":"待按读音整理","blocked":true}
银行#yin hang	{"word":"银行","pinyin":"yin hang","short":["bank"],"senses":[{"text":"bank","pos":"名词","lemma":"bank"}],"countability":"可数名词","forms":"复数 banks","note":"这里指金融机构；bank 也可指河岸，须结合语境。","example":"I need to go to the bank.","source":"词伴 · AI 英语学习整理","license":"GPL-3.0-or-later","review":"未独立英语编辑校审"}
铻#wu	{"word":"铻","pinyin":"wu","short":[],"senses":[],"note":"这个词有多个读音，当前读音尚未完成英语词义整理。请输入完整词组；不自动套用其他读音的释义。","source":"词伴 · 多读音保护","license":"GPL-3.0-or-later","review":"待按读音整理","blocked":true}
铻#yu	{"word":"铻","pinyin":"yu","short":[],"senses":[],"note":"这个词有多个读音，当前读音尚未完成英语词义整理。请输入完整词组；不自动套用其他读音的释义。","source":"词伴 · 多读音保护","license":"GPL-3.0-or-later","review":"待按读音整理","blocked":true}
销差#xiao cha	{"word":"销差","pinyin":"xiao cha","short":[],"senses":[],"note":"这个词有多个读音，当前读音尚未完成英语词义整理。请输入完整词组；不自动套用其他读音的释义。","source":"词伴 · 多读音保护","license":"GPL-3.0-or-later","review":"待按读音整理","blocked":true}
销差#xiao chai	{"word":"销差","pinyin":"xiao chai","short":[],"senses":[],"note":"这个词有多个读音，当前读音尚未完成英语词义整理。请输入完整词组；不自动套用其他读音的释义。","source":"词伴 · 多读音保护","license":"GPL-3.0-or-later","review":"待按读音整理","blocked":true}
锬#tan	{"word":"锬","pinyin":"tan","short":[],"senses":[],"note":"这个词有多个读音，当前读音尚未完成英语词义整理。请输入完整词组；不自动套用其他读音的释义。","source":"词伴 · 多读音保护","license":"GPL-3.0-or-later","review":"待按读音整理","blocked":true}
锬#xian	{"word":"锬","pinyin":"xian","short":[],"senses":[],"note":"这个词有多个读音，当前读音尚未完成英语词义整理。请输入完整词组；不自动套用其他读音的释义。","source":"词伴 · 多读音保护","license":"GPL-3.0-or-later","review":"待按读音整理","blocked":true}
镇长#zhen chang	{"word":"镇长","pinyin":"zhen chang","short":[],"senses":[],"note":"这个词有多个读音，当前读音尚未完成英语词义整理。请输入完整词组；不自动套用其他读音的释义。","source":"词伴 · 多读音保护","license":"GPL-3.0-or-later","review":"待按读音整理","blocked":true}
镇长#zhen zhang	{"word":"镇长","pinyin":"zhen zhang","short":[],"senses":[],"note":"这个词有多个读音，当前读音尚未完成英语词义整理。请输入完整词组；不自动套用其他读音的释义。","source":"词伴 · 多读音保护","license":"GPL-3.0-or-later","review":"待按读音整理","blocked":true}
镐#gao	{"word":"镐","pinyin":"gao","short":[],"senses":[],"note":"这个词有多个读音，当前读音尚未完成英语词义整理。请输入完整词组；不自动套用其他读音的释义。","source":"词伴 · 多读音保护","license":"GPL-3.0-or-later","review":"待按读音整理","blocked":true}
镐#hao	{"word":"镐","pinyin":"hao","short":[],"senses":[],"note":"这个词有多个读音，当前读音尚未完成英语词义整理。请输入完整词组；不自动套用其他读音的释义。","source":"词伴 · 多读音保护","license":"GPL-3.0-or-later","review":"待按读音整理","blocked":true}
镡#chan	{"word":"镡","pinyin":"chan","short":[],"senses":[],"note":"这个词有多个读音，当前读音尚未完成英语词义整理。请输入完整词组；不自动套用其他读音的释义。","source":"词伴 · 多读音保护","license":"GPL-3.0-or-later","review":"待按读音整理","blocked":true}
镡#tan	{"word":"镡","pinyin":"tan","short":[],"senses":[],"note":"这个词有多个读音，当前读音尚未完成英语词义整理。请输入完整词组；不自动套用其他读音的释义。","source":"词伴 · 多读音保护","license":"GPL-3.0-or-later","review":"待按读音整理","blocked":true}
镡#xin	{"word":"镡","pinyin":"xin","short":[],"senses":[],"note":"这个词有多个读音，当前读音尚未完成英语词义整理。请输入完整词组；不自动套用其他读音的释义。","source":"词伴 · 多读音保护","license":"GPL-3.0-or-later","review":"待按读音整理","blocked":true}
镦#dui	{"word":"镦","pinyin":"dui","short":[],"senses":[],"note":"这个词有多个读音，当前读音尚未完成英语词义整理。请输入完整词组；不自动套用其他读音的释义。","source":"词伴 · 多读音保护","license":"GPL-3.0-or-later","review":"待按读音整理","blocked":true}
镦#dun	{"word":"镦","pinyin":"dun","short":[],"senses":[],"note":"这个词有多个读音，当前读音尚未完成英语词义整理。请输入完整词组；不自动套用其他读音的释义。","source":"词伴 · 多读音保护","license":"GPL-3.0-or-later","review":"待按读音整理","blocked":true}
长#chang	{"word":"长","pinyin":"chang","short":["long"],"senses":[{"text":"long","pos":"形容词"}],"note":"表示长度；“长大”的长读 zhang。","source":"词伴 · AI 英语学习整理","license":"GPL-3.0-or-later","review":"未独立英语编辑校审"}
长#zhang	{"word":"长","pinyin":"zhang","short":["grow","head"],"senses":[{"text":"grow","pos":"动词 / 动词短语","lemma":"grow"},{"text":"head","pos":"名词","lemma":"head"}],"note":"长大、生长或负责人；词组决定实际义项。","source":"词伴 · AI 英语学习整理","license":"GPL-3.0-or-later","review":"未独立英语编辑校审"}
长兄#chang xiong	{"word":"长兄","pinyin":"chang xiong","short":[],"senses":[],"note":"这个词有多个读音，当前读音尚未完成英语词义整理。请输入完整词组；不自动套用其他读音的释义。","source":"词伴 · 多读音保护","license":"GPL-3.0-or-later","review":"待按读音整理","blocked":true}
长兄#zhang xiong	{"word":"长兄","pinyin":"zhang xiong","short":[],"senses":[],"note":"这个词有多个读音，当前读音尚未完成英语词义整理。请输入完整词组；不自动套用其他读音的释义。","source":"词伴 · 多读音保护","license":"GPL-3.0-or-later","review":"待按读音整理","blocked":true}
长势#chang shi	{"word":"长势","pinyin":"chang shi","short":[],"senses":[],"note":"这个词有多个读音，当前读音尚未完成英语词义整理。请输入完整词组；不自动套用其他读音的释义。","source":"词伴 · 多读音保护","license":"GPL-3.0-or-later","review":"待按读音整理","blocked":true}
长势#zhang shi	{"word":"长势","pinyin":"zhang shi","short":[],"senses":[],"note":"这个词有多个读音，当前读音尚未完成英语词义整理。请输入完整词组；不自动套用其他读音的释义。","source":"词伴 · 多读音保护","license":"GPL-3.0-or-later","review":"待按读音整理","blocked":true}
长大#chang da	{"word":"长大","pinyin":"chang da","short":[],"senses":[],"note":"这个词有多个读音，当前读音尚未完成英语词义整理。请输入完整词组；不自动套用其他读音的释义。","source":"词伴 · 多读音保护","license":"GPL-3.0-or-later","review":"待按读音整理","blocked":true}
长大#zhang da	{"word":"长大","pinyin":"zhang da","short":[],"senses":[],"note":"这个词有多个读音，当前读音尚未完成英语词义整理。请输入完整词组；不自动套用其他读音的释义。","source":"词伴 · 多读音保护","license":"GPL-3.0-or-later","review":"待按读音整理","blocked":true}
长女#chang nv	{"word":"长女","pinyin":"chang nv","short":[],"senses":[],"note":"这个词有多个读音，当前读音尚未完成英语词义整理。请输入完整词组；不自动套用其他读音的释义。","source":"词伴 · 多读音保护","license":"GPL-3.0-or-later","review":"待按读音整理","blocked":true}
长女#zhang nv	{"word":"长女","pinyin":"zhang nv","short":[],"senses":[],"note":"这个词有多个读音，当前读音尚未完成英语词义整理。请输入完整词组；不自动套用其他读音的释义。","source":"词伴 · 多读音保护","license":"GPL-3.0-or-later","review":"待按读音整理","blocked":true}
长幼#chang you	{"word":"长幼","pinyin":"chang you","short":[],"senses":[],"note":"这个词有多个读音，当前读音尚未完成英语词义整理。请输入完整词组；不自动套用其他读音的释义。","source":"词伴 · 多读音保护","license":"GPL-3.0-or-later","review":"待按读音整理","blocked":true}
长幼#zhang you	{"word":"长幼","pinyin":"zhang you","short":[],"senses":[],"note":"这个词有多个读音，当前读音尚未完成英语词义整理。请输入完整词组；不自动套用其他读音的释义。","source":"词伴 · 多读音保护","license":"GPL-3.0-or-later","review":"待按读音整理","blocked":true}
长相#chang xiang	{"word":"长相","pinyin":"chang xiang","short":[],"senses":[],"note":"这个词有多个读音，当前读音尚未完成英语词义整理。请输入完整词组；不自动套用其他读音的释义。","source":"词伴 · 多读音保护","license":"GPL-3.0-or-later","review":"待按读音整理","blocked":true}
长相#zhang xiang	{"word":"长相","pinyin":"zhang xiang","short":[],"senses":[],"note":"这个词有多个读音，当前读音尚未完成英语词义整理。请输入完整词组；不自动套用其他读音的释义。","source":"词伴 · 多读音保护","license":"GPL-3.0-or-later","review":"待按读音整理","blocked":true}
长脸#chang lian	{"word":"长脸","pinyin":"chang lian","short":[],"senses":[],"note":"这个词有多个读音，当前读音尚未完成英语词义整理。请输入完整词组；不自动套用其他读音的释义。","source":"词伴 · 多读音保护","license":"GPL-3.0-or-later","review":"待按读音整理","blocked":true}
长脸#zhang lian	{"word":"长脸","pinyin":"zhang lian","short":[],"senses":[],"note":"这个词有多个读音，当前读音尚未完成英语词义整理。请输入完整词组；不自动套用其他读音的释义。","source":"词伴 · 多读音保护","license":"GPL-3.0-or-later","review":"待按读音整理","blocked":true}
长门#chang men	{"word":"长门","pinyin":"chang men","short":[],"senses":[],"note":"这个词有多个读音，当前读音尚未完成英语词义整理。请输入完整词组；不自动套用其他读音的释义。","source":"词伴 · 多读音保护","license":"GPL-3.0-or-later","review":"待按读音整理","blocked":true}
长门#zhang men	{"word":"长门","pinyin":"zhang men","short":[],"senses":[],"note":"这个词有多个读音，当前读音尚未完成英语词义整理。请输入完整词组；不自动套用其他读音的释义。","source":"词伴 · 多读音保护","license":"GPL-3.0-or-later","review":"待按读音整理","blocked":true}
阇#du	{"word":"阇","pinyin":"du","short":[],"senses":[],"note":"这个词有多个读音，当前读音尚未完成英语词义整理。请输入完整词组；不自动套用其他读音的释义。","source":"词伴 · 多读音保护","license":"GPL-3.0-or-later","review":"待按读音整理","blocked":true}
阇#she	{"word":"阇","pinyin":"she","short":[],"senses":[],"note":"这个词有多个读音，当前读音尚未完成英语词义整理。请输入完整词组；不自动套用其他读音的释义。","source":"词伴 · 多读音保护","license":"GPL-3.0-or-later","review":"待按读音整理","blocked":true}
阏#e	{"word":"阏","pinyin":"e","short":[],"senses":[],"note":"这个词有多个读音，当前读音尚未完成英语词义整理。请输入完整词组；不自动套用其他读音的释义。","source":"词伴 · 多读音保护","license":"GPL-3.0-or-later","review":"待按读音整理","blocked":true}
阏#yan	{"word":"阏","pinyin":"yan","short":[],"senses":[],"note":"这个词有多个读音，当前读音尚未完成英语词义整理。请输入完整词组；不自动套用其他读音的释义。","source":"词伴 · 多读音保护","license":"GPL-3.0-or-later","review":"待按读音整理","blocked":true}
阘#da	{"word":"阘","pinyin":"da","short":[],"senses":[],"note":"这个词有多个读音，当前读音尚未完成英语词义整理。请输入完整词组；不自动套用其他读音的释义。","source":"词伴 · 多读音保护","license":"GPL-3.0-or-later","review":"待按读音整理","blocked":true}
阘#ta	{"word":"阘","pinyin":"ta","short":[],"senses":[],"note":"这个词有多个读音，当前读音尚未完成英语词义整理。请输入完整词组；不自动套用其他读音的释义。","source":"词伴 · 多读音保护","license":"GPL-3.0-or-later","review":"待按读音整理","blocked":true}
阚#han	{"word":"阚","pinyin":"han","short":[],"senses":[],"note":"这个词有多个读音，当前读音尚未完成英语词义整理。请输入完整词组；不自动套用其他读音的释义。","source":"词伴 · 多读音保护","license":"GPL-3.0-or-later","review":"待按读音整理","blocked":true}
阚#kan	{"word":"阚","pinyin":"kan","short":[],"senses":[],"note":"这个词有多个读音，当前读音尚未完成英语词义整理。请输入完整词组；不自动套用其他读音的释义。","source":"词伴 · 多读音保护","license":"GPL-3.0-or-later","review":"待按读音整理","blocked":true}
队长#dui chang	{"word":"队长","pinyin":"dui chang","short":[],"senses":[],"note":"这个词有多个读音，当前读音尚未完成英语词义整理。请输入完整词组；不自动套用其他读音的释义。","source":"词伴 · 多读音保护","license":"GPL-3.0-or-later","review":"待按读音整理","blocked":true}
队长#dui zhang	{"word":"队长","pinyin":"dui zhang","short":[],"senses":[],"note":"这个词有多个读音，当前读音尚未完成英语词义整理。请输入完整词组；不自动套用其他读音的释义。","source":"词伴 · 多读音保护","license":"GPL-3.0-or-later","review":"待按读音整理","blocked":true}
阽#dian	{"word":"阽","pinyin":"dian","short":[],"senses":[],"note":"这个词有多个读音，当前读音尚未完成英语词义整理。请输入完整词组；不自动套用其他读音的释义。","source":"词伴 · 多读音保护","license":"GPL-3.0-or-later","review":"待按读音整理","blocked":true}
阽#yan	{"word":"阽","pinyin":"yan","short":[],"senses":[],"note":"这个词有多个读音，当前读音尚未完成英语词义整理。请输入完整词组；不自动套用其他读音的释义。","source":"词伴 · 多读音保护","license":"GPL-3.0-or-later","review":"待按读音整理","blocked":true}
阿#a	{"word":"阿","pinyin":"a","short":["familiar name prefix"],"senses":[{"text":"familiar name prefix","pos":"助词 / 语法说明"}],"note":"昵称前缀；“阿姨”等完整词组有独立译法。","source":"词伴 · AI 英语学习整理","license":"GPL-3.0-or-later","review":"未独立英语编辑校审"}
阿#e	{"word":"阿","pinyin":"e","short":[],"senses":[],"note":"这个词有多个读音，当前读音尚未完成英语词义整理。请输入完整词组；不自动套用其他读音的释义。","source":"词伴 · 多读音保护","license":"GPL-3.0-or-later","review":"待按读音整理","blocked":true}
陂#bei	{"word":"陂","pinyin":"bei","short":[],"senses":[],"note":"这个词有多个读音，当前读音尚未完成英语词义整理。请输入完整词组；不自动套用其他读音的释义。","source":"词伴 · 多读音保护","license":"GPL-3.0-or-later","review":"待按读音整理","blocked":true}
陂#pi	{"word":"陂","pinyin":"pi","short":[],"senses":[],"note":"这个词有多个读音，当前读音尚未完成英语词义整理。请输入完整词组；不自动套用其他读音的释义。","source":"词伴 · 多读音保护","license":"GPL-3.0-or-later","review":"待按读音整理","blocked":true}
陂#po	{"word":"陂","pinyin":"po","short":[],"senses":[],"note":"这个词有多个读音，当前读音尚未完成英语词义整理。请输入完整词组；不自动套用其他读音的释义。","source":"词伴 · 多读音保护","license":"GPL-3.0-or-later","review":"待按读音整理","blocked":true}
陆#liu	{"word":"陆","pinyin":"liu","short":[],"senses":[],"note":"这个词有多个读音，当前读音尚未完成英语词义整理。请输入完整词组；不自动套用其他读音的释义。","source":"词伴 · 多读音保护","license":"GPL-3.0-or-later","review":"待按读音整理","blocked":true}
陆#lu	{"word":"陆","pinyin":"lu","short":[],"senses":[],"note":"这个词有多个读音，当前读音尚未完成英语词义整理。请输入完整词组；不自动套用其他读音的释义。","source":"词伴 · 多读音保护","license":"GPL-3.0-or-later","review":"待按读音整理","blocked":true}
降#jiang	{"word":"降","pinyin":"jiang","short":[],"senses":[],"note":"这个词有多个读音，当前读音尚未完成英语词义整理。请输入完整词组；不自动套用其他读音的释义。","source":"词伴 · 多读音保护","license":"GPL-3.0-or-later","review":"待按读音整理","blocked":true}
降#xiang	{"word":"降","pinyin":"xiang","short":[],"senses":[],"note":"这个词有多个读音，当前读音尚未完成英语词义整理。请输入完整词组；不自动套用其他读音的释义。","source":"词伴 · 多读音保护","license":"GPL-3.0-or-later","review":"待按读音整理","blocked":true}
降将#jiang jiang	{"word":"降将","pinyin":"jiang jiang","short":[],"senses":[],"note":"这个词有多个读音，当前读音尚未完成英语词义整理。请输入完整词组；不自动套用其他读音的释义。","source":"词伴 · 多读音保护","license":"GPL-3.0-or-later","review":"待按读音整理","blocked":true}
降将#xiang jiang	{"word":"降将","pinyin":"xiang jiang","short":[],"senses":[],"note":"这个词有多个读音，当前读音尚未完成英语词义整理。请输入完整词组；不自动套用其他读音的释义。","source":"词伴 · 多读音保护","license":"GPL-3.0-or-later","review":"待按读音整理","blocked":true}
院长#yuan chang	{"word":"院长","pinyin":"yuan chang","short":[],"senses":[],"note":"这个词有多个读音，当前读音尚未完成英语词义整理。请输入完整词组；不自动套用其他读音的释义。","source":"词伴 · 多读音保护","license":"GPL-3.0-or-later","review":"待按读音整理","blocked":true}
院长#yuan zhang	{"word":"院长","pinyin":"yuan zhang","short":[],"senses":[],"note":"这个词有多个读音，当前读音尚未完成英语词义整理。请输入完整词组；不自动套用其他读音的释义。","source":"词伴 · 多读音保护","license":"GPL-3.0-or-later","review":"待按读音整理","blocked":true}
陶#tao	{"word":"陶","pinyin":"tao","short":[],"senses":[],"note":"这个词有多个读音，当前读音尚未完成英语词义整理。请输入完整词组；不自动套用其他读音的释义。","source":"词伴 · 多读音保护","license":"GPL-3.0-or-later","review":"待按读音整理","blocked":true}
陶#yao	{"word":"陶","pinyin":"yao","short":[],"senses":[],"note":"这个词有多个读音，当前读音尚未完成英语词义整理。请输入完整词组；不自动套用其他读音的释义。","source":"词伴 · 多读音保护","license":"GPL-3.0-or-later","review":"待按读音整理","blocked":true}
隗#kui	{"word":"隗","pinyin":"kui","short":[],"senses":[],"note":"这个词有多个读音，当前读音尚未完成英语词义整理。请输入完整词组；不自动套用其他读音的释义。","source":"词伴 · 多读音保护","license":"GPL-3.0-or-later","review":"待按读音整理","blocked":true}
隗#wei	{"word":"隗","pinyin":"wei","short":[],"senses":[],"note":"这个词有多个读音，当前读音尚未完成英语词义整理。请输入完整词组；不自动套用其他读音的释义。","source":"词伴 · 多读音保护","license":"GPL-3.0-or-later","review":"待按读音整理","blocked":true}
隩#ao	{"word":"隩","pinyin":"ao","short":[],"senses":[],"note":"这个词有多个读音，当前读音尚未完成英语词义整理。请输入完整词组；不自动套用其他读音的释义。","source":"词伴 · 多读音保护","license":"GPL-3.0-or-later","review":"待按读音整理","blocked":true}
隩#yu	{"word":"隩","pinyin":"yu","short":[],"senses":[],"note":"这个词有多个读音，当前读音尚未完成英语词义整理。请输入完整词组；不自动套用其他读音的释义。","source":"词伴 · 多读音保护","license":"GPL-3.0-or-later","review":"待按读音整理","blocked":true}
隽#juan	{"word":"隽","pinyin":"juan","short":[],"senses":[],"note":"这个词有多个读音，当前读音尚未完成英语词义整理。请输入完整词组；不自动套用其他读音的释义。","source":"词伴 · 多读音保护","license":"GPL-3.0-or-later","review":"待按读音整理","blocked":true}
隽#jun	{"word":"隽","pinyin":"jun","short":[],"senses":[],"note":"这个词有多个读音，当前读音尚未完成英语词义整理。请输入完整词组；不自动套用其他读音的释义。","source":"词伴 · 多读音保护","license":"GPL-3.0-or-later","review":"待按读音整理","blocked":true}
难#nan	{"word":"难","pinyin":"nan","short":["difficult"],"senses":[{"text":"difficult","pos":"形容词"}],"countability":"","forms":"","note":"困难含义读 nan2，灾难 nan4 与此不同；无声调需词组。","example":"This question is difficult.","source":"词伴 · AI 英语学习整理","license":"GPL-3.0-or-later","review":"未独立英语编辑校审"}
雀#qiao	{"word":"雀","pinyin":"qiao","short":[],"senses":[],"note":"这个词有多个读音，当前读音尚未完成英语词义整理。请输入完整词组；不自动套用其他读音的释义。","source":"词伴 · 多读音保护","license":"GPL-3.0-or-later","review":"待按读音整理","blocked":true}
雀#que	{"word":"雀","pinyin":"que","short":[],"senses":[],"note":"这个词有多个读音，当前读音尚未完成英语词义整理。请输入完整词组；不自动套用其他读音的释义。","source":"词伴 · 多读音保护","license":"GPL-3.0-or-later","review":"待按读音整理","blocked":true}
需要#xu yao	{"word":"需要","pinyin":"xu yao","short":["need"],"senses":[{"text":"need","pos":"动词 / 动词短语","lemma":"need"}],"countability":"","forms":"need–needed–needed","note":"need something 或 need to do something。","example":"I need to rest.","source":"词伴 · AI 英语学习整理","license":"GPL-3.0-or-later","review":"未独立英语编辑校审"}
霰#san	{"word":"霰","pinyin":"san","short":[],"senses":[],"note":"这个词有多个读音，当前读音尚未完成英语词义整理。请输入完整词组；不自动套用其他读音的释义。","source":"词伴 · 多读音保护","license":"GPL-3.0-or-later","review":"待按读音整理","blocked":true}
霰#xian	{"word":"霰","pinyin":"xian","short":[],"senses":[],"note":"这个词有多个读音，当前读音尚未完成英语词义整理。请输入完整词组；不自动套用其他读音的释义。","source":"词伴 · 多读音保护","license":"GPL-3.0-or-later","review":"待按读音整理","blocked":true}
露#lou	{"word":"露","pinyin":"lou","short":[],"senses":[],"note":"这个词有多个读音，当前读音尚未完成英语词义整理。请输入完整词组；不自动套用其他读音的释义。","source":"词伴 · 多读音保护","license":"GPL-3.0-or-later","review":"待按读音整理","blocked":true}
露#lu	{"word":"露","pinyin":"lu","short":[],"senses":[],"note":"这个词有多个读音，当前读音尚未完成英语词义整理。请输入完整词组；不自动套用其他读音的释义。","source":"词伴 · 多读音保护","license":"GPL-3.0-or-later","review":"待按读音整理","blocked":true}
露头#lou tou	{"word":"露头","pinyin":"lou tou","short":[],"senses":[],"note":"这个词有多个读音，当前读音尚未完成英语词义整理。请输入完整词组；不自动套用其他读音的释义。","source":"词伴 · 多读音保护","license":"GPL-3.0-or-later","review":"待按读音整理","blocked":true}
露头#lu tou	{"word":"露头","pinyin":"lu tou","short":[],"senses":[],"note":"这个词有多个读音，当前读音尚未完成英语词义整理。请输入完整词组；不自动套用其他读音的释义。","source":"词伴 · 多读音保护","license":"GPL-3.0-or-later","review":"待按读音整理","blocked":true}
露富#lou fu	{"word":"露富","pinyin":"lou fu","short":[],"senses":[],"note":"这个词有多个读音，当前读音尚未完成英语词义整理。请输入完整词组；不自动套用其他读音的释义。","source":"词伴 · 多读音保护","license":"GPL-3.0-or-later","review":"待按读音整理","blocked":true}
露富#lu fu	{"word":"露富","pinyin":"lu fu","short":[],"senses":[],"note":"这个词有多个读音，当前读音尚未完成英语词义整理。请输入完整词组；不自动套用其他读音的释义。","source":"词伴 · 多读音保护","license":"GPL-3.0-or-later","review":"待按读音整理","blocked":true}
露底#lou di	{"word":"露底","pinyin":"lou di","short":[],"senses":[],"note":"这个词有多个读音，当前读音尚未完成英语词义整理。请输入完整词组；不自动套用其他读音的释义。","source":"词伴 · 多读音保护","license":"GPL-3.0-or-later","review":"待按读音整理","blocked":true}
露底#lu di	{"word":"露底","pinyin":"lu di","short":[],"senses":[],"note":"这个词有多个读音，当前读音尚未完成英语词义整理。请输入完整词组；不自动套用其他读音的释义。","source":"词伴 · 多读音保护","license":"GPL-3.0-or-later","review":"待按读音整理","blocked":true}
露白#lou bai	{"word":"露白","pinyin":"lou bai","short":[],"senses":[],"note":"这个词有多个读音，当前读音尚未完成英语词义整理。请输入完整词组；不自动套用其他读音的释义。","source":"词伴 · 多读音保护","license":"GPL-3.0-or-later","review":"待按读音整理","blocked":true}
露白#lu bai	{"word":"露白","pinyin":"lu bai","short":[],"senses":[],"note":"这个词有多个读音，当前读音尚未完成英语词义整理。请输入完整词组；不自动套用其他读音的释义。","source":"词伴 · 多读音保护","license":"GPL-3.0-or-later","review":"待按读音整理","blocked":true}
露脸#lou lian	{"word":"露脸","pinyin":"lou lian","short":[],"senses":[],"note":"这个词有多个读音，当前读音尚未完成英语词义整理。请输入完整词组；不自动套用其他读音的释义。","source":"词伴 · 多读音保护","license":"GPL-3.0-or-later","review":"待按读音整理","blocked":true}
露脸#lu lian	{"word":"露脸","pinyin":"lu lian","short":[],"senses":[],"note":"这个词有多个读音，当前读音尚未完成英语词义整理。请输入完整词组；不自动套用其他读音的释义。","source":"词伴 · 多读音保护","license":"GPL-3.0-or-later","review":"待按读音整理","blocked":true}
露面#lou mian	{"word":"露面","pinyin":"lou mian","short":[],"senses":[],"note":"这个词有多个读音，当前读音尚未完成英语词义整理。请输入完整词组；不自动套用其他读音的释义。","source":"词伴 · 多读音保护","license":"GPL-3.0-or-later","review":"待按读音整理","blocked":true}
露面#lu mian	{"word":"露面","pinyin":"lu mian","short":[],"senses":[],"note":"这个词有多个读音，当前读音尚未完成英语词义整理。请输入完整词组；不自动套用其他读音的释义。","source":"词伴 · 多读音保护","license":"GPL-3.0-or-later","review":"待按读音整理","blocked":true}
露馅儿#lou xian er	{"word":"露馅儿","pinyin":"lou xian er","short":[],"senses":[],"note":"这个词有多个读音，当前读音尚未完成英语词义整理。请输入完整词组；不自动套用其他读音的释义。","source":"词伴 · 多读音保护","license":"GPL-3.0-or-later","review":"待按读音整理","blocked":true}
露馅儿#lu xian er	{"word":"露馅儿","pinyin":"lu xian er","short":[],"senses":[],"note":"这个词有多个读音，当前读音尚未完成英语词义整理。请输入完整词组；不自动套用其他读音的释义。","source":"词伴 · 多读音保护","license":"GPL-3.0-or-later","review":"待按读音整理","blocked":true}
露马脚#lou ma jiao	{"word":"露马脚","pinyin":"lou ma jiao","short":[],"senses":[],"note":"这个词有多个读音，当前读音尚未完成英语词义整理。请输入完整词组；不自动套用其他读音的释义。","source":"词伴 · 多读音保护","license":"GPL-3.0-or-later","review":"待按读音整理","blocked":true}
露马脚#lu ma jiao	{"word":"露马脚","pinyin":"lu ma jiao","short":[],"senses":[],"note":"这个词有多个读音，当前读音尚未完成英语词义整理。请输入完整词组；不自动套用其他读音的释义。","source":"词伴 · 多读音保护","license":"GPL-3.0-or-later","review":"待按读音整理","blocked":true}
靓#jing	{"word":"靓","pinyin":"jing","short":[],"senses":[],"note":"这个词有多个读音，当前读音尚未完成英语词义整理。请输入完整词组；不自动套用其他读音的释义。","source":"词伴 · 多读音保护","license":"GPL-3.0-or-later","review":"待按读音整理","blocked":true}
靓#liang	{"word":"靓","pinyin":"liang","short":[],"senses":[],"note":"这个词有多个读音，当前读音尚未完成英语词义整理。请输入完整词组；不自动套用其他读音的释义。","source":"词伴 · 多读音保护","license":"GPL-3.0-or-later","review":"待按读音整理","blocked":true}
面包#mian bao	{"word":"面包","pinyin":"mian bao","short":["bread"],"senses":[{"text":"bread","pos":"名词","lemma":"bread"}],"countability":"通常不可数","forms":"","note":"一片 a slice of bread，一条 a loaf of bread。","example":"We need some bread.","source":"词伴 · AI 英语学习整理","license":"GPL-3.0-or-later","review":"未独立英语编辑校审"}
革#ge	{"word":"革","pinyin":"ge","short":[],"senses":[],"note":"这个词有多个读音，当前读音尚未完成英语词义整理。请输入完整词组；不自动套用其他读音的释义。","source":"词伴 · 多读音保护","license":"GPL-3.0-or-later","review":"待按读音整理","blocked":true}
革#ji	{"word":"革","pinyin":"ji","short":[],"senses":[],"note":"这个词有多个读音，当前读音尚未完成英语词义整理。请输入完整词组；不自动套用其他读音的释义。","source":"词伴 · 多读音保护","license":"GPL-3.0-or-later","review":"待按读音整理","blocked":true}
靸#sa	{"word":"靸","pinyin":"sa","short":[],"senses":[],"note":"这个词有多个读音，当前读音尚未完成英语词义整理。请输入完整词组；不自动套用其他读音的释义。","source":"词伴 · 多读音保护","license":"GPL-3.0-or-later","review":"待按读音整理","blocked":true}
靸#ta	{"word":"靸","pinyin":"ta","short":[],"senses":[],"note":"这个词有多个读音，当前读音尚未完成英语词义整理。请输入完整词组；不自动套用其他读音的释义。","source":"词伴 · 多读音保护","license":"GPL-3.0-or-later","review":"待按读音整理","blocked":true}
鞘#qiao	{"word":"鞘","pinyin":"qiao","short":[],"senses":[],"note":"这个词有多个读音，当前读音尚未完成英语词义整理。请输入完整词组；不自动套用其他读音的释义。","source":"词伴 · 多读音保护","license":"GPL-3.0-or-later","review":"待按读音整理","blocked":true}
鞘#shao	{"word":"鞘","pinyin":"shao","short":[],"senses":[],"note":"这个词有多个读音，当前读音尚未完成英语词义整理。请输入完整词组；不自动套用其他读音的释义。","source":"词伴 · 多读音保护","license":"GPL-3.0-or-later","review":"待按读音整理","blocked":true}
顿#du	{"word":"顿","pinyin":"du","short":[],"senses":[],"note":"这个词有多个读音，当前读音尚未完成英语词义整理。请输入完整词组；不自动套用其他读音的释义。","source":"词伴 · 多读音保护","license":"GPL-3.0-or-later","review":"待按读音整理","blocked":true}
顿#dun	{"word":"顿","pinyin":"dun","short":[],"senses":[],"note":"这个词有多个读音，当前读音尚未完成英语词义整理。请输入完整词组；不自动套用其他读音的释义。","source":"词伴 · 多读音保护","license":"GPL-3.0-or-later","review":"待按读音整理","blocked":true}
顿觉#dun jiao	{"word":"顿觉","pinyin":"dun jiao","short":[],"senses":[],"note":"这个词有多个读音，当前读音尚未完成英语词义整理。请输入完整词组；不自动套用其他读音的释义。","source":"词伴 · 多读音保护","license":"GPL-3.0-or-later","review":"待按读音整理","blocked":true}
顿觉#dun jue	{"word":"顿觉","pinyin":"dun jue","short":[],"senses":[],"note":"这个词有多个读音，当前读音尚未完成英语词义整理。请输入完整词组；不自动套用其他读音的释义。","source":"词伴 · 多读音保护","license":"GPL-3.0-or-later","review":"待按读音整理","blocked":true}
预订#yu ding	{"word":"预订","pinyin":"yu ding","short":["make a reservation","book"],"senses":[{"text":"make a reservation","pos":"会话表达 / 短语"},{"text":"book","pos":"会话表达 / 短语"}],"note":"酒店、餐厅、票等预订；reserve/book 搭配不同。","example":"I'd like to book a room.","source":"词伴 · AI 英语学习整理","license":"GPL-3.0-or-later","review":"未独立英语编辑校审"}
颈#geng	{"word":"颈","pinyin":"geng","short":[],"senses":[],"note":"这个词有多个读音，当前读音尚未完成英语词义整理。请输入完整词组；不自动套用其他读音的释义。","source":"词伴 · 多读音保护","license":"GPL-3.0-or-later","review":"待按读音整理","blocked":true}
颈#jing	{"word":"颈","pinyin":"jing","short":[],"senses":[],"note":"这个词有多个读音，当前读音尚未完成英语词义整理。请输入完整词组；不自动套用其他读音的释义。","source":"词伴 · 多读音保护","license":"GPL-3.0-or-later","review":"待按读音整理","blocked":true}
颉#jie	{"word":"颉","pinyin":"jie","short":[],"senses":[],"note":"这个词有多个读音，当前读音尚未完成英语词义整理。请输入完整词组；不自动套用其他读音的释义。","source":"词伴 · 多读音保护","license":"GPL-3.0-or-later","review":"待按读音整理","blocked":true}
颉#xie	{"word":"颉","pinyin":"xie","short":[],"senses":[],"note":"这个词有多个读音，当前读音尚未完成英语词义整理。请输入完整词组；不自动套用其他读音的释义。","source":"词伴 · 多读音保护","license":"GPL-3.0-or-later","review":"待按读音整理","blocked":true}
颌#ge	{"word":"颌","pinyin":"ge","short":[],"senses":[],"note":"这个词有多个读音，当前读音尚未完成英语词义整理。请输入完整词组；不自动套用其他读音的释义。","source":"词伴 · 多读音保护","license":"GPL-3.0-or-later","review":"待按读音整理","blocked":true}
颌#he	{"word":"颌","pinyin":"he","short":[],"senses":[],"note":"这个词有多个读音，当前读音尚未完成英语词义整理。请输入完整词组；不自动套用其他读音的释义。","source":"词伴 · 多读音保护","license":"GPL-3.0-or-later","review":"待按读音整理","blocked":true}
颜色#yan se	{"word":"颜色","pinyin":"yan se","short":[],"senses":[],"note":"这个词有多个读音，当前读音尚未完成英语词义整理。请输入完整词组；不自动套用其他读音的释义。","source":"词伴 · 多读音保护","license":"GPL-3.0-or-later","review":"待按读音整理","blocked":true}
颜色#yan shai	{"word":"颜色","pinyin":"yan shai","short":[],"senses":[],"note":"这个词有多个读音，当前读音尚未完成英语词义整理。请输入完整词组；不自动套用其他读音的释义。","source":"词伴 · 多读音保护","license":"GPL-3.0-or-later","review":"待按读音整理","blocked":true}
颤#chan	{"word":"颤","pinyin":"chan","short":[],"senses":[],"note":"这个词有多个读音，当前读音尚未完成英语词义整理。请输入完整词组；不自动套用其他读音的释义。","source":"词伴 · 多读音保护","license":"GPL-3.0-or-later","review":"待按读音整理","blocked":true}
颤#zhan	{"word":"颤","pinyin":"zhan","short":[],"senses":[],"note":"这个词有多个读音，当前读音尚未完成英语词义整理。请输入完整词组；不自动套用其他读音的释义。","source":"词伴 · 多读音保护","license":"GPL-3.0-or-later","review":"待按读音整理","blocked":true}
食#shi	{"word":"食","pinyin":"shi","short":[],"senses":[],"note":"这个词有多个读音，当前读音尚未完成英语词义整理。请输入完整词组；不自动套用其他读音的释义。","source":"词伴 · 多读音保护","license":"GPL-3.0-or-later","review":"待按读音整理","blocked":true}
食#si	{"word":"食","pinyin":"si","short":[],"senses":[],"note":"这个词有多个读音，当前读音尚未完成英语词义整理。请输入完整词组；不自动套用其他读音的释义。","source":"词伴 · 多读音保护","license":"GPL-3.0-or-later","review":"待按读音整理","blocked":true}
食#yi	{"word":"食","pinyin":"yi","short":[],"senses":[],"note":"这个词有多个读音，当前读音尚未完成英语词义整理。请输入完整词组；不自动套用其他读音的释义。","source":"词伴 · 多读音保护","license":"GPL-3.0-or-later","review":"待按读音整理","blocked":true}
饧#tang	{"word":"饧","pinyin":"tang","short":[],"senses":[],"note":"这个词有多个读音，当前读音尚未完成英语词义整理。请输入完整词组；不自动套用其他读音的释义。","source":"词伴 · 多读音保护","license":"GPL-3.0-or-later","review":"待按读音整理","blocked":true}
饧#xing	{"word":"饧","pinyin":"xing","short":[],"senses":[],"note":"这个词有多个读音，当前读音尚未完成英语词义整理。请输入完整词组；不自动套用其他读音的释义。","source":"词伴 · 多读音保护","license":"GPL-3.0-or-later","review":"待按读音整理","blocked":true}
馆长#guan chang	{"word":"馆长","pinyin":"guan chang","short":[],"senses":[],"note":"这个词有多个读音，当前读音尚未完成英语词义整理。请输入完整词组；不自动套用其他读音的释义。","source":"词伴 · 多读音保护","license":"GPL-3.0-or-later","review":"待按读音整理","blocked":true}
馆长#guan zhang	{"word":"馆长","pinyin":"guan zhang","short":[],"senses":[],"note":"这个词有多个读音，当前读音尚未完成英语词义整理。请输入完整词组；不自动套用其他读音的释义。","source":"词伴 · 多读音保护","license":"GPL-3.0-or-later","review":"待按读音整理","blocked":true}
马圈#ma juan	{"word":"马圈","pinyin":"ma juan","short":[],"senses":[],"note":"这个词有多个读音，当前读音尚未完成英语词义整理。请输入完整词组；不自动套用其他读音的释义。","source":"词伴 · 多读音保护","license":"GPL-3.0-or-later","review":"待按读音整理","blocked":true}
马圈#ma quan	{"word":"马圈","pinyin":"ma quan","short":[],"senses":[],"note":"这个词有多个读音，当前读音尚未完成英语词义整理。请输入完整词组；不自动套用其他读音的释义。","source":"词伴 · 多读音保护","license":"GPL-3.0-or-later","review":"待按读音整理","blocked":true}
驮#duo	{"word":"驮","pinyin":"duo","short":[],"senses":[],"note":"这个词有多个读音，当前读音尚未完成英语词义整理。请输入完整词组；不自动套用其他读音的释义。","source":"词伴 · 多读音保护","license":"GPL-3.0-or-later","review":"待按读音整理","blocked":true}
驮#tuo	{"word":"驮","pinyin":"tuo","short":[],"senses":[],"note":"这个词有多个读音，当前读音尚未完成英语词义整理。请输入完整词组；不自动套用其他读音的释义。","source":"词伴 · 多读音保护","license":"GPL-3.0-or-later","review":"待按读音整理","blocked":true}
骀#dai	{"word":"骀","pinyin":"dai","short":[],"senses":[],"note":"这个词有多个读音，当前读音尚未完成英语词义整理。请输入完整词组；不自动套用其他读音的释义。","source":"词伴 · 多读音保护","license":"GPL-3.0-or-later","review":"待按读音整理","blocked":true}
骀#tai	{"word":"骀","pinyin":"tai","short":[],"senses":[],"note":"这个词有多个读音，当前读音尚未完成英语词义整理。请输入完整词组；不自动套用其他读音的释义。","source":"词伴 · 多读音保护","license":"GPL-3.0-or-later","review":"待按读音整理","blocked":true}
骠#biao	{"word":"骠","pinyin":"biao","short":[],"senses":[],"note":"这个词有多个读音，当前读音尚未完成英语词义整理。请输入完整词组；不自动套用其他读音的释义。","source":"词伴 · 多读音保护","license":"GPL-3.0-or-later","review":"待按读音整理","blocked":true}
骠#piao	{"word":"骠","pinyin":"piao","short":[],"senses":[],"note":"这个词有多个读音，当前读音尚未完成英语词义整理。请输入完整词组；不自动套用其他读音的释义。","source":"词伴 · 多读音保护","license":"GPL-3.0-or-later","review":"待按读音整理","blocked":true}
高丽参#gao li can	{"word":"高丽参","pinyin":"gao li can","short":[],"senses":[],"note":"这个词有多个读音，当前读音尚未完成英语词义整理。请输入完整词组；不自动套用其他读音的释义。","source":"词伴 · 多读音保护","license":"GPL-3.0-or-later","review":"待按读音整理","blocked":true}
高丽参#gao li shen	{"word":"高丽参","pinyin":"gao li shen","short":[],"senses":[],"note":"这个词有多个读音，当前读音尚未完成英语词义整理。请输入完整词组；不自动套用其他读音的释义。","source":"词伴 · 多读音保护","license":"GPL-3.0-or-later","review":"待按读音整理","blocked":true}
高兴#gao xing	{"word":"高兴","pinyin":"gao xing","short":["happy","glad"],"senses":[{"text":"happy","pos":"形容词"},{"text":"glad","pos":"形容词"}],"countability":"","forms":"","note":"glad to do 常表达乐意或高兴做某事。","example":"I'm glad to see you.","source":"词伴 · AI 英语学习整理","license":"GPL-3.0-or-later","review":"未独立英语编辑校审"}
鬲#ge	{"word":"鬲","pinyin":"ge","short":[],"senses":[],"note":"这个词有多个读音，当前读音尚未完成英语词义整理。请输入完整词组；不自动套用其他读音的释义。","source":"词伴 · 多读音保护","license":"GPL-3.0-or-later","review":"待按读音整理","blocked":true}
鬲#li	{"word":"鬲","pinyin":"li","short":[],"senses":[],"note":"这个词有多个读音，当前读音尚未完成英语词义整理。请输入完整词组；不自动套用其他读音的释义。","source":"词伴 · 多读音保护","license":"GPL-3.0-or-later","review":"待按读音整理","blocked":true}
魄#bo	{"word":"魄","pinyin":"bo","short":[],"senses":[],"note":"这个词有多个读音，当前读音尚未完成英语词义整理。请输入完整词组；不自动套用其他读音的释义。","source":"词伴 · 多读音保护","license":"GPL-3.0-or-later","review":"待按读音整理","blocked":true}
魄#po	{"word":"魄","pinyin":"po","short":[],"senses":[],"note":"这个词有多个读音，当前读音尚未完成英语词义整理。请输入完整词组；不自动套用其他读音的释义。","source":"词伴 · 多读音保护","license":"GPL-3.0-or-later","review":"待按读音整理","blocked":true}
魄#tuo	{"word":"魄","pinyin":"tuo","short":[],"senses":[],"note":"这个词有多个读音，当前读音尚未完成英语词义整理。请输入完整词组；不自动套用其他读音的释义。","source":"词伴 · 多读音保护","license":"GPL-3.0-or-later","review":"待按读音整理","blocked":true}
鲅#ba	{"word":"鲅","pinyin":"ba","short":[],"senses":[],"note":"这个词有多个读音，当前读音尚未完成英语词义整理。请输入完整词组；不自动套用其他读音的释义。","source":"词伴 · 多读音保护","license":"GPL-3.0-or-later","review":"待按读音整理","blocked":true}
鲅#bo	{"word":"鲅","pinyin":"bo","short":[],"senses":[],"note":"这个词有多个读音，当前读音尚未完成英语词义整理。请输入完整词组；不自动套用其他读音的释义。","source":"词伴 · 多读音保护","license":"GPL-3.0-or-later","review":"待按读音整理","blocked":true}
鲌#ba	{"word":"鲌","pinyin":"ba","short":[],"senses":[],"note":"这个词有多个读音，当前读音尚未完成英语词义整理。请输入完整词组；不自动套用其他读音的释义。","source":"词伴 · 多读音保护","license":"GPL-3.0-or-later","review":"待按读音整理","blocked":true}
鲌#bo	{"word":"鲌","pinyin":"bo","short":[],"senses":[],"note":"这个词有多个读音，当前读音尚未完成英语词义整理。请输入完整词组；不自动套用其他读音的释义。","source":"词伴 · 多读音保护","license":"GPL-3.0-or-later","review":"待按读音整理","blocked":true}
鲑#gui	{"word":"鲑","pinyin":"gui","short":[],"senses":[],"note":"这个词有多个读音，当前读音尚未完成英语词义整理。请输入完整词组；不自动套用其他读音的释义。","source":"词伴 · 多读音保护","license":"GPL-3.0-or-later","review":"待按读音整理","blocked":true}
鲑#xie	{"word":"鲑","pinyin":"xie","short":[],"senses":[],"note":"这个词有多个读音，当前读音尚未完成英语词义整理。请输入完整词组；不自动套用其他读音的释义。","source":"词伴 · 多读音保护","license":"GPL-3.0-or-later","review":"待按读音整理","blocked":true}
鲭#qing	{"word":"鲭","pinyin":"qing","short":[],"senses":[],"note":"这个词有多个读音，当前读音尚未完成英语词义整理。请输入完整词组；不自动套用其他读音的释义。","source":"词伴 · 多读音保护","license":"GPL-3.0-or-later","review":"待按读音整理","blocked":true}
鲭#zheng	{"word":"鲭","pinyin":"zheng","short":[],"senses":[],"note":"这个词有多个读音，当前读音尚未完成英语词义整理。请输入完整词组；不自动套用其他读音的释义。","source":"词伴 · 多读音保护","license":"GPL-3.0-or-later","review":"待按读音整理","blocked":true}
鸟#diao	{"word":"鸟","pinyin":"diao","short":[],"senses":[],"note":"这个词有多个读音，当前读音尚未完成英语词义整理。请输入完整词组；不自动套用其他读音的释义。","source":"词伴 · 多读音保护","license":"GPL-3.0-or-later","review":"待按读音整理","blocked":true}
鸟#niao	{"word":"鸟","pinyin":"niao","short":[],"senses":[],"note":"这个词有多个读音，当前读音尚未完成英语词义整理。请输入完整词组；不自动套用其他读音的释义。","source":"词伴 · 多读音保护","license":"GPL-3.0-or-later","review":"待按读音整理","blocked":true}
鹄#gu	{"word":"鹄","pinyin":"gu","short":[],"senses":[],"note":"这个词有多个读音，当前读音尚未完成英语词义整理。请输入完整词组；不自动套用其他读音的释义。","source":"词伴 · 多读音保护","license":"GPL-3.0-or-later","review":"待按读音整理","blocked":true}
鹄#hu	{"word":"鹄","pinyin":"hu","short":[],"senses":[],"note":"这个词有多个读音，当前读音尚未完成英语词义整理。请输入完整词组；不自动套用其他读音的释义。","source":"词伴 · 多读音保护","license":"GPL-3.0-or-later","review":"待按读音整理","blocked":true}
鹘#gu	{"word":"鹘","pinyin":"gu","short":[],"senses":[],"note":"这个词有多个读音，当前读音尚未完成英语词义整理。请输入完整词组；不自动套用其他读音的释义。","source":"词伴 · 多读音保护","license":"GPL-3.0-or-later","review":"待按读音整理","blocked":true}
鹘#hu	{"word":"鹘","pinyin":"hu","short":[],"senses":[],"note":"这个词有多个读音，当前读音尚未完成英语词义整理。请输入完整词组；不自动套用其他读音的释义。","source":"词伴 · 多读音保护","license":"GPL-3.0-or-later","review":"待按读音整理","blocked":true}
麇#jun	{"word":"麇","pinyin":"jun","short":[],"senses":[],"note":"这个词有多个读音，当前读音尚未完成英语词义整理。请输入完整词组；不自动套用其他读音的释义。","source":"词伴 · 多读音保护","license":"GPL-3.0-or-later","review":"待按读音整理","blocked":true}
麇#qun	{"word":"麇","pinyin":"qun","short":[],"senses":[],"note":"这个词有多个读音，当前读音尚未完成英语词义整理。请输入完整词组；不自动套用其他读音的释义。","source":"词伴 · 多读音保护","license":"GPL-3.0-or-later","review":"待按读音整理","blocked":true}
麽#me	{"word":"麽","pinyin":"me","short":[],"senses":[],"note":"这个词有多个读音，当前读音尚未完成英语词义整理。请输入完整词组；不自动套用其他读音的释义。","source":"词伴 · 多读音保护","license":"GPL-3.0-or-later","review":"待按读音整理","blocked":true}
麽#mo	{"word":"麽","pinyin":"mo","short":[],"senses":[],"note":"这个词有多个读音，当前读音尚未完成英语词义整理。请输入完整词组；不自动套用其他读音的释义。","source":"词伴 · 多读音保护","license":"GPL-3.0-or-later","review":"待按读音整理","blocked":true}
黾#mian	{"word":"黾","pinyin":"mian","short":[],"senses":[],"note":"这个词有多个读音，当前读音尚未完成英语词义整理。请输入完整词组；不自动套用其他读音的释义。","source":"词伴 · 多读音保护","license":"GPL-3.0-or-later","review":"待按读音整理","blocked":true}
黾#min	{"word":"黾","pinyin":"min","short":[],"senses":[],"note":"这个词有多个读音，当前读音尚未完成英语词义整理。请输入完整词组；不自动套用其他读音的释义。","source":"词伴 · 多读音保护","license":"GPL-3.0-or-later","review":"待按读音整理","blocked":true}
齐#ji	{"word":"齐","pinyin":"ji","short":[],"senses":[],"note":"这个词有多个读音，当前读音尚未完成英语词义整理。请输入完整词组；不自动套用其他读音的释义。","source":"词伴 · 多读音保护","license":"GPL-3.0-or-later","review":"待按读音整理","blocked":true}
齐#qi	{"word":"齐","pinyin":"qi","short":[],"senses":[],"note":"这个词有多个读音，当前读音尚未完成英语词义整理。请输入完整词组；不自动套用其他读音的释义。","source":"词伴 · 多读音保护","license":"GPL-3.0-or-later","review":"待按读音整理","blocked":true}
龈#ken	{"word":"龈","pinyin":"ken","short":[],"senses":[],"note":"这个词有多个读音，当前读音尚未完成英语词义整理。请输入完整词组；不自动套用其他读音的释义。","source":"词伴 · 多读音保护","license":"GPL-3.0-or-later","review":"待按读音整理","blocked":true}
龈#yin	{"word":"龈","pinyin":"yin","short":[],"senses":[],"note":"这个词有多个读音，当前读音尚未完成英语词义整理。请输入完整词组；不自动套用其他读音的释义。","source":"词伴 · 多读音保护","license":"GPL-3.0-or-later","review":"待按读音整理","blocked":true}
龙爪槐#long zhao huai	{"word":"龙爪槐","pinyin":"long zhao huai","short":[],"senses":[],"note":"这个词有多个读音，当前读音尚未完成英语词义整理。请输入完整词组；不自动套用其他读音的释义。","source":"词伴 · 多读音保护","license":"GPL-3.0-or-later","review":"待按读音整理","blocked":true}
龙爪槐#long zhua huai	{"word":"龙爪槐","pinyin":"long zhua huai","short":[],"senses":[],"note":"这个词有多个读音，当前读音尚未完成英语词义整理。请输入完整词组；不自动套用其他读音的释义。","source":"词伴 · 多读音保护","license":"GPL-3.0-or-later","review":"待按读音整理","blocked":true}
龟#gui	{"word":"龟","pinyin":"gui","short":[],"senses":[],"note":"这个词有多个读音，当前读音尚未完成英语词义整理。请输入完整词组；不自动套用其他读音的释义。","source":"词伴 · 多读音保护","license":"GPL-3.0-or-later","review":"待按读音整理","blocked":true}
龟#jun	{"word":"龟","pinyin":"jun","short":[],"senses":[],"note":"这个词有多个读音，当前读音尚未完成英语词义整理。请输入完整词组；不自动套用其他读音的释义。","source":"词伴 · 多读音保护","license":"GPL-3.0-or-later","review":"待按读音整理","blocked":true}
龟#qiu	{"word":"龟","pinyin":"qiu","short":[],"senses":[],"note":"这个词有多个读音，当前读音尚未完成英语词义整理。请输入完整词组；不自动套用其他读音的释义。","source":"词伴 · 多读音保护","license":"GPL-3.0-or-later","review":"待按读音整理","blocked":true}
𬘭#chen	{"word":"𬘭","pinyin":"chen","short":[],"senses":[],"note":"这个词有多个读音，当前读音尚未完成英语词义整理。请输入完整词组；不自动套用其他读音的释义。","source":"词伴 · 多读音保护","license":"GPL-3.0-or-later","review":"待按读音整理","blocked":true}
𬘭#lin	{"word":"𬘭","pinyin":"lin","short":[],"senses":[],"note":"这个词有多个读音，当前读音尚未完成英语词义整理。请输入完整词组；不自动套用其他读音的释义。","source":"词伴 · 多读音保护","license":"GPL-3.0-or-later","review":"待按读音整理","blocked":true}
𬭚#chun	{"word":"𬭚","pinyin":"chun","short":[],"senses":[],"note":"这个词有多个读音，当前读音尚未完成英语词义整理。请输入完整词组；不自动套用其他读音的释义。","source":"词伴 · 多读音保护","license":"GPL-3.0-or-later","review":"待按读音整理","blocked":true}
𬭚#dui	{"word":"𬭚","pinyin":"dui","short":[],"senses":[],"note":"这个词有多个读音，当前读音尚未完成英语词义整理。请输入完整词组；不自动套用其他读音的释义。","source":"词伴 · 多读音保护","license":"GPL-3.0-or-later","review":"待按读音整理","blocked":true}
