# 词伴 AI / GPL-3.0-or-later; pronunciation-aware learning records
一#yi	{"word":"一","pinyin":"yi","short":["un"],"senses":[{"text":"un","pos":"数词"}],"note":"常用译法，词形和具体含义需随语境调整。","source":"词伴常用词与短语整理（AI）","license":"GPL-3.0-or-later","review":"未独立法语编辑校审"}
一个#yi ge	{"word":"一个","pinyin":"yi ge","short":["un","une"],"senses":[{"text":"un","pos":"会话表达 / 短语"},{"text":"une","pos":"会话表达 / 短语"}],"note":"冠词随后面的名词性别变化；强调数量时可用 un seul / une seule。","source":"词伴常用词与短语整理（AI）","license":"GPL-3.0-or-later","review":"未独立法语编辑校审"}
一个人#yi ge ren	{"word":"一个人","pinyin":"yi ge ren","short":["une personne","seul / seule"],"senses":[{"text":"une personne","pos":"会话表达 / 短语"},{"text":"seul / seule","pos":"会话表达 / 短语"}],"note":"表示人数或“独自一人”；seul 随所指人的性别变化。","source":"词伴常用词与短语整理（AI）","license":"GPL-3.0-or-later","review":"未独立法语编辑校审"}
一人#yi ren	{"word":"一人","pinyin":"yi ren","short":["une personne"],"senses":[{"text":"une personne","pos":"数词"}],"note":"常用表达；词形、主语和时态需随语境变化。","category":"priority-common-2026-10-04","source":"词伴常用词与短语整理（AI）","license":"GPL-3.0-or-later","review":"未独立法语编辑校审"}
一会儿见#yi hui er jian	{"word":"一会儿见","pinyin":"yi hui er jian","short":["à tout à l'heure"],"senses":[{"text":"à tout à l'heure","pos":"会话表达 / 短语"}],"note":"表示稍后当天再见。","source":"词伴常用词与短语整理（AI）","license":"GPL-3.0-or-later","review":"未独立法语编辑校审"}
一只#yi zhi	{"word":"一只","pinyin":"yi zhi","short":["un","une"],"senses":[{"text":"un","pos":"数词"},{"text":"une","pos":"数词"}],"note":"随动物等名词性别变化，中文量词不单译。","category":"priority-common-2026-10-04","source":"词伴常用词与短语整理（AI）","license":"GPL-3.0-or-later","review":"未独立法语编辑校审"}
一圈#yi quan	{"word":"一圈","pinyin":"yi quan","short":["un tour"],"senses":[{"text":"un tour","pos":"名词","article":"un","lemma":"tour","gender":"阳性"}],"note":"绕行一圈；圆圈可用 un cercle。","category":"priority-common-2026-10-04","source":"词伴常用词与短语整理（AI）","license":"GPL-3.0-or-later","review":"未独立法语编辑校审"}
一场#yi chang	{"word":"一场","pinyin":"yi chang","short":["un","une"],"senses":[{"text":"un","pos":"数词"},{"text":"une","pos":"数词"}],"note":"活动、比赛等计数，需接具体名词。","category":"priority-common-2026-10-04","source":"词伴常用词与短语整理（AI）","license":"GPL-3.0-or-later","review":"未独立法语编辑校审"}
一定是#yi ding shi	{"word":"一定是","pinyin":"yi ding shi","short":["c’est sûrement…"],"senses":[{"text":"c’est sûrement…","pos":"短语"}],"note":"推测，需接表语。","category":"priority-common-2026-10-04","source":"词伴常用词与短语整理（AI）","license":"GPL-3.0-or-later","review":"未独立法语编辑校审"}
一年#yi nian	{"word":"一年","pinyin":"yi nian","short":["un an","une année"],"senses":[{"text":"un an","pos":"会话表达 / 短语"},{"text":"une année","pos":"会话表达 / 短语"}],"note":"an 常用于计量时长，année 常强调年份经历或特征。","source":"词伴常用词与短语整理（AI）","license":"GPL-3.0-or-later","review":"未独立法语编辑校审"}
一座#yi zuo	{"word":"一座","pinyin":"yi zuo","short":["un","une"],"senses":[{"text":"un","pos":"数词"},{"text":"une","pos":"数词"}],"note":"随建筑/山等名词性别变化，中文量词不单译。","category":"priority-common-2026-10-04","source":"词伴常用词与短语整理（AI）","license":"GPL-3.0-or-later","review":"未独立法语编辑校审"}
一开始#yi kai shi	{"word":"一开始","pinyin":"yi kai shi","short":["au début"],"senses":[{"text":"au début","pos":"副词"}],"note":"常用表达；词形、主语和时态需随语境变化。","category":"priority-common-2026-10-04","source":"词伴常用词与短语整理（AI）","license":"GPL-3.0-or-later","review":"未独立法语编辑校审"}
一张票#yi zhang piao	{"word":"一张票","pinyin":"yi zhang piao","short":["un billet"],"senses":[{"text":"un billet","pos":"会话表达 / 短语"}],"note":"交通或入场票；具体类型依语境。","source":"词伴常用词与短语整理（AI）","license":"GPL-3.0-or-later","review":"未独立法语编辑校审"}
一条#yi tiao	{"word":"一条","pinyin":"yi tiao","short":["un","une"],"senses":[{"text":"un","pos":"数词"},{"text":"une","pos":"数词"}],"note":"随名词性别变化，中文量词不单译。","category":"priority-common-2026-10-04","source":"词伴常用词与短语整理（AI）","license":"GPL-3.0-or-later","review":"未独立法语编辑校审"}
一样的#yi yang de	{"word":"一样的","pinyin":"yi yang de","short":["identique"],"senses":[{"text":"identique","pos":"形容词"}],"note":"常用表达；词形、主语和时态需随语境变化。","category":"priority-common-2026-10-04","source":"词伴常用词与短语整理（AI）","license":"GPL-3.0-or-later","review":"未独立法语编辑校审"}
一段#yi duan	{"word":"一段","pinyin":"yi duan","short":["un passage"],"senses":[{"text":"un passage","pos":"名词","article":"un","lemma":"passage","gender":"阳性"}],"note":"文本、音乐片段；时间段可用 une période。","category":"priority-common-2026-10-04","source":"词伴常用词与短语整理（AI）","license":"GPL-3.0-or-later","review":"未独立法语编辑校审"}
一段时间#yi duan shi jian	{"word":"一段时间","pinyin":"yi duan shi jian","short":["une période"],"senses":[{"text":"une période","pos":"名词","article":"une","lemma":"période","gender":"阴性"}],"note":"常用表达；词形、主语和时态需随语境变化。","category":"priority-common-2026-10-04","source":"词伴常用词与短语整理（AI）","license":"GPL-3.0-or-later","review":"未独立法语编辑校审"}
一波#yi bo	{"word":"一波","pinyin":"yi bo","short":["une vague"],"senses":[{"text":"une vague","pos":"名词","article":"une","lemma":"vague","gender":"阴性"}],"note":"字面一波；网络“一波操作”需另译。","category":"priority-common-2026-10-04","source":"词伴常用词与短语整理（AI）","license":"GPL-3.0-or-later","review":"未独立法语编辑校审"}
一直#yi zhi	{"word":"一直","pinyin":"yi zhi","short":["toujours"],"senses":[{"text":"toujours","pos":"副词"}],"note":"常用译法，词形和具体含义需随语境调整。","source":"词伴常用词与短语整理（AI）","license":"GPL-3.0-or-later","review":"未独立法语编辑校审"}
一觉#yi jiao	{"word":"一觉","pinyin":"yi jiao","short":["un somme"],"senses":[{"text":"un somme","pos":"名词","article":"un","lemma":"somme","gender":"阳性"}],"note":"一次睡眠。","category":"priority-common-2026-10-04","source":"词伴常用词与短语整理（AI）","license":"GPL-3.0-or-later","review":"未独立法语编辑校审"}
一起#yi qi	{"word":"一起","pinyin":"yi qi","short":["ensemble"],"senses":[{"text":"ensemble","pos":"副词"}],"note":"常用译法，词形和具体含义需随语境调整。","source":"词伴常用词与短语整理（AI）","license":"GPL-3.0-or-later","review":"未独立法语编辑校审"}
一起加油#yi qi jia you	{"word":"一起加油","pinyin":"yi qi jia you","short":["courage à nous !"],"senses":[{"text":"courage à nous !","pos":"短语"}],"note":"常用表达；词形、主语和时态需随语境变化。","category":"priority-common-2026-10-04","source":"词伴常用词与短语整理（AI）","license":"GPL-3.0-or-later","review":"未独立法语编辑校审"}
一起去#yi qi qu	{"word":"一起去","pinyin":"yi qi qu","short":["y aller ensemble"],"senses":[{"text":"y aller ensemble","pos":"会话表达 / 短语"}],"note":"“我们一起去”：Allons-y ensemble。","source":"词伴常用词与短语整理（AI）","license":"GPL-3.0-or-later","review":"未独立法语编辑校审"}
一顿#yi dun	{"word":"一顿","pinyin":"yi dun","short":["un repas"],"senses":[{"text":"un repas","pos":"名词","article":"un","lemma":"repas","gender":"阳性"}],"note":"按一顿饭整理；“一顿打”需另译。","category":"priority-common-2026-10-04","source":"词伴常用词与短语整理（AI）","license":"GPL-3.0-or-later","review":"未独立法语编辑校审"}
一颗#yi ke	{"word":"一颗","pinyin":"yi ke","short":["un","une"],"senses":[{"text":"un","pos":"数词"},{"text":"une","pos":"数词"}],"note":"随名词性别变化，中文量词不单译。","category":"priority-common-2026-10-04","source":"词伴常用词与短语整理（AI）","license":"GPL-3.0-or-later","review":"未独立法语编辑校审"}
一首#yi shou	{"word":"一首","pinyin":"yi shou","short":["un morceau"],"senses":[{"text":"un morceau","pos":"数词"}],"note":"歌曲或音乐作品计数，诗歌可用 un poème。","category":"priority-common-2026-10-04","source":"词伴常用词与短语整理（AI）","license":"GPL-3.0-or-later","review":"未独立法语编辑校审"}
七#qi	{"word":"七","pinyin":"qi","short":["sept"],"senses":[{"text":"sept","pos":"数词"}],"note":"常用译法，词形和具体含义需随语境调整。","source":"词伴常用词与短语整理（AI）","license":"GPL-3.0-or-later","review":"未独立法语编辑校审"}
万元#wan yuan	{"word":"万元","pinyin":"wan yuan","short":["dix mille yuans"],"senses":[{"text":"dix mille yuans","pos":"数词"}],"note":"中国货币语境。","category":"priority-common-2026-10-04","source":"词伴常用词与短语整理（AI）","license":"GPL-3.0-or-later","review":"未独立法语编辑校审"}
丈夫#zhang fu	{"word":"丈夫","pinyin":"zhang fu","short":["le mari"],"senses":[{"text":"le mari","pos":"名词","gender":"阳性","lemma":"mari","article":"le"}],"note":"常用译法，词形和具体含义需随语境调整。","source":"词伴常用词与短语整理（AI）","license":"GPL-3.0-or-later","review":"未独立法语编辑校审"}
三#san	{"word":"三","pinyin":"san","short":["trois"],"senses":[{"text":"trois","pos":"数词"}],"note":"常用译法，词形和具体含义需随语境调整。","source":"词伴常用词与短语整理（AI）","license":"GPL-3.0-or-later","review":"未独立法语编辑校审"}
三个#san ge	{"word":"三个","pinyin":"san ge","short":["trois"],"senses":[{"text":"trois","pos":"数词"}],"note":"中文量词通常不单独翻译。","category":"priority-common-2026-10-04","source":"词伴常用词与短语整理（AI）","license":"GPL-3.0-or-later","review":"未独立法语编辑校审"}
三十#san shi	{"word":"三十","pinyin":"san shi","short":["trente"],"senses":[{"text":"trente","pos":"数词"}],"note":"常用表达；词形、主语和时态需随语境变化。","category":"priority-common-2026-10-04","source":"词伴常用词与短语整理（AI）","license":"GPL-3.0-or-later","review":"未独立法语编辑校审"}
三文鱼#san wen yu	{"word":"三文鱼","pinyin":"san wen yu","short":["le saumon"],"senses":[{"text":"le saumon","pos":"名词","article":"le","lemma":"saumon","gender":"阳性"}],"note":"常用表达；词形、主语和时态需随语境变化。","category":"priority-common-2026-10-04","source":"词伴常用词与短语整理（AI）","license":"GPL-3.0-or-later","review":"未独立法语编辑校审"}
上传#shang chuan	{"word":"上传","pinyin":"shang chuan","short":["mettre en ligne"],"senses":[{"text":"mettre en ligne","pos":"动词 / 动词短语","lemma":"mettre en ligne"}],"note":"常用表达；词形、主语和时态需随语境变化。","category":"priority-common-2026-10-04","source":"词伴常用词与短语整理（AI）","license":"GPL-3.0-or-later","review":"未独立法语编辑校审"}
上午#shang wu	{"word":"上午","pinyin":"shang wu","short":["la matinée"],"senses":[{"text":"la matinée","pos":"名词","gender":"阴性","lemma":"matinée","article":"la"}],"note":"常用译法，词形和具体含义需随语境调整。","source":"词伴常用词与短语整理（AI）","license":"GPL-3.0-or-later","review":"未独立法语编辑校审"}
上班#shang ban	{"word":"上班","pinyin":"shang ban","short":["aller au travail"],"senses":[{"text":"aller au travail","pos":"会话表达 / 短语"}],"note":"表示去工作；正在工作用 travailler。","source":"词伴常用词与短语整理（AI）","license":"GPL-3.0-or-later","review":"未独立法语编辑校审"}
上班了#shang ban le	{"word":"上班了","pinyin":"shang ban le","short":["être allé travailler"],"senses":[{"text":"être allé travailler","pos":"动词 / 动词短语","lemma":"être allé travailler"}],"note":"需补主语并按性别加 e。","category":"priority-common-2026-10-04","source":"词伴常用词与短语整理（AI）","license":"GPL-3.0-or-later","review":"未独立法语编辑校审"}
下午#xia wu	{"word":"下午","pinyin":"xia wu","short":["l'après-midi"],"senses":[{"text":"l'après-midi","pos":"名词","gender":"阳性","lemma":"après-midi","article":"l'"}],"note":"常用译法，词形和具体含义需随语境调整。","source":"词伴常用词与短语整理（AI）","license":"GPL-3.0-or-later","review":"未独立法语编辑校审"}
下单#xia dan	{"word":"下单","pinyin":"xia dan","short":["passer une commande"],"senses":[{"text":"passer une commande","pos":"动词 / 动词短语","lemma":"passer une commande"}],"note":"常用表达；词形、主语和时态需随语境变化。","category":"priority-common-2026-10-04","source":"词伴常用词与短语整理（AI）","license":"GPL-3.0-or-later","review":"未独立法语编辑校审"}
下次见#xia ci jian	{"word":"下次见","pinyin":"xia ci jian","short":["à la prochaine"],"senses":[{"text":"à la prochaine","pos":"会话表达 / 短语"}],"note":"较口语的告别。","source":"词伴常用词与短语整理（AI）","license":"GPL-3.0-or-later","review":"未独立法语编辑校审"}
下班#xia ban	{"word":"下班","pinyin":"xia ban","short":["finir le travail"],"senses":[{"text":"finir le travail","pos":"会话表达 / 短语"}],"note":"结束当日工作。","source":"词伴常用词与短语整理（AI）","license":"GPL-3.0-or-later","review":"未独立法语编辑校审"}
下载#xia zai	{"word":"下载","pinyin":"xia zai","short":["télécharger"],"senses":[{"text":"télécharger","pos":"动词 / 动词短语","lemma":"télécharger"}],"note":"常用表达；词形、主语和时态需随语境变化。","category":"priority-common-2026-10-04","source":"词伴常用词与短语整理（AI）","license":"GPL-3.0-or-later","review":"未独立法语编辑校审"}
下雨#xia yu	{"word":"下雨","pinyin":"xia yu","short":["pleuvoir"],"senses":[{"text":"pleuvoir","pos":"动词 / 动词短语","lemma":"pleuvoir"}],"note":"常用译法，词形和具体含义需随语境调整。","source":"词伴常用词与短语整理（AI）","license":"GPL-3.0-or-later","review":"未独立法语编辑校审"}
下雪#xia xue	{"word":"下雪","pinyin":"xia xue","short":["neiger"],"senses":[{"text":"neiger","pos":"动词 / 动词短语","lemma":"neiger"}],"note":"常用译法，词形和具体含义需随语境调整。","source":"词伴常用词与短语整理（AI）","license":"GPL-3.0-or-later","review":"未独立法语编辑校审"}
不#bu	{"word":"不","pinyin":"bu","short":["ne… pas"],"senses":[{"text":"ne… pas","pos":"副词"}],"note":"常用译法，词形和具体含义需随语境调整。","source":"词伴常用词与短语整理（AI）","license":"GPL-3.0-or-later","review":"未独立法语编辑校审"}
不一样#bu yi yang	{"word":"不一样","pinyin":"bu yi yang","short":["différent","différente"],"senses":[{"text":"différent","pos":"形容词"},{"text":"différente","pos":"形容词"}],"note":"常用表达；词形、主语和时态需随语境变化。","category":"priority-common-2026-10-04","source":"词伴常用词与短语整理（AI）","license":"GPL-3.0-or-later","review":"未独立法语编辑校审"}
不冷#bu leng	{"word":"不冷","pinyin":"bu leng","short":["pas froid","pas froide"],"senses":[{"text":"pas froid","pos":"形容词"},{"text":"pas froide","pos":"形容词"}],"note":"常用表达；词形、主语和时态需随语境变化。","category":"priority-common-2026-10-04","source":"词伴常用词与短语整理（AI）","license":"GPL-3.0-or-later","review":"未独立法语编辑校审"}
不出#bu chu	{"word":"不出","pinyin":"bu chu","short":["ne pas sortir"],"senses":[{"text":"ne pas sortir","pos":"短语"}],"note":"单独动词用法，结果补语需另译。","category":"priority-common-2026-10-04","source":"词伴常用词与短语整理（AI）","license":"GPL-3.0-or-later","review":"未独立法语编辑校审"}
不出来#bu chu lai	{"word":"不出来","pinyin":"bu chu lai","short":["ne pas réussir à sortir"],"senses":[{"text":"ne pas réussir à sortir","pos":"短语"}],"note":"按无法出来整理，结果补语“想不出来”需另译。","category":"priority-common-2026-10-04","source":"词伴常用词与短语整理（AI）","license":"GPL-3.0-or-later","review":"未独立法语编辑校审"}
不叫#bu jiao	{"word":"不叫","pinyin":"bu jiao","short":["ne pas appeler"],"senses":[{"text":"ne pas appeler","pos":"动词 / 动词短语","lemma":"ne pas appeler"}],"note":"常用表达；词形、主语和时态需随语境变化。","category":"priority-common-2026-10-04","source":"词伴常用词与短语整理（AI）","license":"GPL-3.0-or-later","review":"未独立法语编辑校审"}
不吃#bu chi	{"word":"不吃","pinyin":"bu chi","short":["ne pas manger"],"senses":[{"text":"ne pas manger","pos":"动词 / 动词短语","lemma":"ne pas manger"}],"note":"常用表达；词形、主语和时态需随语境变化。","category":"priority-common-2026-10-04","source":"词伴常用词与短语整理（AI）","license":"GPL-3.0-or-later","review":"未独立法语编辑校审"}
不同的#bu tong de	{"word":"不同的","pinyin":"bu tong de","short":["différent","différente"],"senses":[{"text":"différent","pos":"形容词"},{"text":"différente","pos":"形容词"}],"note":"常用表达；词形、主语和时态需随语境变化。","category":"priority-common-2026-10-04","source":"词伴常用词与短语整理（AI）","license":"GPL-3.0-or-later","review":"未独立法语编辑校审"}
不喜欢#bu xi huan	{"word":"不喜欢","pinyin":"bu xi huan","short":["ne pas aimer"],"senses":[{"text":"ne pas aimer","pos":"会话表达 / 短语"}],"note":"“我不喜欢”：Je n'aime pas.","source":"词伴常用词与短语整理（AI）","license":"GPL-3.0-or-later","review":"未独立法语编辑校审"}
不回#bu hui	{"word":"不回","pinyin":"bu hui","short":["ne pas rentrer"],"senses":[{"text":"ne pas rentrer","pos":"动词 / 动词短语","lemma":"ne pas rentrer"}],"note":"按不回家/不返回整理；不回复需另译。","category":"priority-common-2026-10-04","source":"词伴常用词与短语整理（AI）","license":"GPL-3.0-or-later","review":"未独立法语编辑校审"}
不回来#bu hui lai	{"word":"不回来","pinyin":"bu hui lai","short":["ne pas revenir"],"senses":[{"text":"ne pas revenir","pos":"动词 / 动词短语","lemma":"ne pas revenir"}],"note":"常用表达；词形、主语和时态需随语境变化。","category":"priority-common-2026-10-04","source":"词伴常用词与短语整理（AI）","license":"GPL-3.0-or-later","review":"未独立法语编辑校审"}
不好意思#bu hao yi si	{"word":"不好意思","pinyin":"bu hao yi si","short":["excusez-moi"],"senses":[{"text":"excusez-moi","pos":"会话表达 / 短语"}],"note":"打扰他人时的礼貌表达。","source":"词伴常用词与短语整理（AI）","license":"GPL-3.0-or-later","review":"未独立法语编辑校审"}
不小心#bu xiao xin	{"word":"不小心","pinyin":"bu xiao xin","short":["par inadvertance"],"senses":[{"text":"par inadvertance","pos":"副词"}],"note":"常用表达；词形、主语和时态需随语境变化。","category":"priority-common-2026-10-04","source":"词伴常用词与短语整理（AI）","license":"GPL-3.0-or-later","review":"未独立法语编辑校审"}
不就是#bu jiu shi	{"word":"不就是","pinyin":"bu jiu shi","short":["n’est-ce pas simplement… ?"],"senses":[{"text":"n’est-ce pas simplement… ?","pos":"短语"}],"note":"需补具体对象。","category":"priority-common-2026-10-04","source":"词伴常用词与短语整理（AI）","license":"GPL-3.0-or-later","review":"未独立法语编辑校审"}
不应该#bu ying gai	{"word":"不应该","pinyin":"bu ying gai","short":["ne pas devoir…"],"senses":[{"text":"ne pas devoir…","pos":"短语"}],"note":"后接行为，需补主语。","category":"priority-common-2026-10-04","source":"词伴常用词与短语整理（AI）","license":"GPL-3.0-or-later","review":"未独立法语编辑校审"}
不开#bu kai	{"word":"不开","pinyin":"bu kai","short":["ne pas ouvrir"],"senses":[{"text":"ne pas ouvrir","pos":"动词 / 动词短语","lemma":"ne pas ouvrir"}],"note":"按开门等整理；不开车/不开机需另译。","category":"priority-common-2026-10-04","source":"词伴常用词与短语整理（AI）","license":"GPL-3.0-or-later","review":"未独立法语编辑校审"}
不是你#bu shi ni	{"word":"不是你","pinyin":"bu shi ni","short":["ce n’est pas toi"],"senses":[{"text":"ce n’est pas toi","pos":"短语"}],"note":"常用表达；词形、主语和时态需随语境变化。","category":"priority-common-2026-10-04","source":"词伴常用词与短语整理（AI）","license":"GPL-3.0-or-later","review":"未独立法语编辑校审"}
不是我#bu shi wo	{"word":"不是我","pinyin":"bu shi wo","short":["ce n’est pas moi"],"senses":[{"text":"ce n’est pas moi","pos":"短语"}],"note":"常用表达；词形、主语和时态需随语境变化。","category":"priority-common-2026-10-04","source":"词伴常用词与短语整理（AI）","license":"GPL-3.0-or-later","review":"未独立法语编辑校审"}
不是说#bu shi shuo	{"word":"不是说","pinyin":"bu shi shuo","short":["ce n’est pas ce que je veux dire"],"senses":[{"text":"ce n’est pas ce que je veux dire","pos":"短语"}],"note":"按“不是说这个意思”整理。","category":"priority-common-2026-10-04","source":"词伴常用词与短语整理（AI）","license":"GPL-3.0-or-later","review":"未独立法语编辑校审"}
不晓得#bu xiao de	{"word":"不晓得","pinyin":"bu xiao de","short":["je ne sais pas"],"senses":[{"text":"je ne sais pas","pos":"短语"}],"note":"常用表达；词形、主语和时态需随语境变化。","category":"priority-common-2026-10-04","source":"词伴常用词与短语整理（AI）","license":"GPL-3.0-or-later","review":"未独立法语编辑校审"}
不来#bu lai	{"word":"不来","pinyin":"bu lai","short":["ne pas venir"],"senses":[{"text":"ne pas venir","pos":"动词 / 动词短语","lemma":"ne pas venir"}],"note":"常用表达；词形、主语和时态需随语境变化。","category":"priority-common-2026-10-04","source":"词伴常用词与短语整理（AI）","license":"GPL-3.0-or-later","review":"未独立法语编辑校审"}
不爱#bu ai	{"word":"不爱","pinyin":"bu ai","short":["ne pas aimer"],"senses":[{"text":"ne pas aimer","pos":"动词 / 动词短语","lemma":"ne pas aimer"}],"note":"常用表达；词形、主语和时态需随语境变化。","category":"priority-common-2026-10-04","source":"词伴常用词与短语整理（AI）","license":"GPL-3.0-or-later","review":"未独立法语编辑校审"}
不用谢#bu yong xie	{"word":"不用谢","pinyin":"bu yong xie","short":["de rien"],"senses":[{"text":"de rien","pos":"会话表达 / 短语"}],"note":"回应感谢。","source":"词伴常用词与短语整理（AI）","license":"GPL-3.0-or-later","review":"未独立法语编辑校审"}
不看#bu kan	{"word":"不看","pinyin":"bu kan","short":["ne pas regarder"],"senses":[{"text":"ne pas regarder","pos":"动词 / 动词短语","lemma":"ne pas regarder"}],"note":"常用表达；词形、主语和时态需随语境变化。","category":"priority-common-2026-10-04","source":"词伴常用词与短语整理（AI）","license":"GPL-3.0-or-later","review":"未独立法语编辑校审"}
不睡#bu shui	{"word":"不睡","pinyin":"bu shui","short":["ne pas dormir"],"senses":[{"text":"ne pas dormir","pos":"动词 / 动词短语","lemma":"ne pas dormir"}],"note":"常用表达；词形、主语和时态需随语境变化。","category":"priority-common-2026-10-04","source":"词伴常用词与短语整理（AI）","license":"GPL-3.0-or-later","review":"未独立法语编辑校审"}
不睡觉#bu shui jiao	{"word":"不睡觉","pinyin":"bu shui jiao","short":["ne pas dormir"],"senses":[{"text":"ne pas dormir","pos":"动词 / 动词短语","lemma":"ne pas dormir"}],"note":"常用表达；词形、主语和时态需随语境变化。","category":"priority-common-2026-10-04","source":"词伴常用词与短语整理（AI）","license":"GPL-3.0-or-later","review":"未独立法语编辑校审"}
不知道#bu zhi dao	{"word":"不知道","pinyin":"bu zhi dao","short":["ne pas savoir"],"senses":[{"text":"ne pas savoir","pos":"会话表达 / 短语"}],"note":"“我不知道”：Je ne sais pas.","source":"词伴常用词与短语整理（AI）","license":"GPL-3.0-or-later","review":"未独立法语编辑校审"}
不知道了#bu zhi dao le	{"word":"不知道了","pinyin":"bu zhi dao le","short":["je ne sais plus"],"senses":[{"text":"je ne sais plus","pos":"短语"}],"note":"常用表达；词形、主语和时态需随语境变化。","category":"priority-common-2026-10-04","source":"词伴常用词与短语整理（AI）","license":"GPL-3.0-or-later","review":"未独立法语编辑校审"}
不知道你#bu zhi dao ni	{"word":"不知道你","pinyin":"bu zhi dao ni","short":["je ne sais pas si tu…"],"senses":[{"text":"je ne sais pas si tu…","pos":"短语"}],"note":"需补谓语。","category":"priority-common-2026-10-04","source":"词伴常用词与短语整理（AI）","license":"GPL-3.0-or-later","review":"未独立法语编辑校审"}
不知道我#bu zhi dao wo	{"word":"不知道我","pinyin":"bu zhi dao wo","short":["ne pas savoir si je…"],"senses":[{"text":"ne pas savoir si je…","pos":"短语"}],"note":"需补主语/谓语。","category":"priority-common-2026-10-04","source":"词伴常用词与短语整理（AI）","license":"GPL-3.0-or-later","review":"未独立法语编辑校审"}
不给#bu gei	{"word":"不给","pinyin":"bu gei","short":["ne pas donner"],"senses":[{"text":"ne pas donner","pos":"动词 / 动词短语","lemma":"ne pas donner"}],"note":"常用表达；词形、主语和时态需随语境变化。","category":"priority-common-2026-10-04","source":"词伴常用词与短语整理（AI）","license":"GPL-3.0-or-later","review":"未独立法语编辑校审"}
不胖#bu pang	{"word":"不胖","pinyin":"bu pang","short":["pas gros","pas grosse"],"senses":[{"text":"pas gros","pos":"形容词"},{"text":"pas grosse","pos":"形容词"}],"note":"常用表达；词形、主语和时态需随语境变化。","category":"priority-common-2026-10-04","source":"词伴常用词与短语整理（AI）","license":"GPL-3.0-or-later","review":"未独立法语编辑校审"}
不觉得#bu jue de	{"word":"不觉得","pinyin":"bu jue de","short":["ne pas penser que…"],"senses":[{"text":"ne pas penser que…","pos":"短语"}],"note":"需补主语及从句。","category":"priority-common-2026-10-04","source":"词伴常用词与短语整理（AI）","license":"GPL-3.0-or-later","review":"未独立法语编辑校审"}
不让#bu rang	{"word":"不让","pinyin":"bu rang","short":["ne pas laisser"],"senses":[{"text":"ne pas laisser","pos":"动词 / 动词短语","lemma":"ne pas laisser"}],"note":"常用表达；词形、主语和时态需随语境变化。","category":"priority-common-2026-10-04","source":"词伴常用词与短语整理（AI）","license":"GPL-3.0-or-later","review":"未独立法语编辑校审"}
不跟#bu gen	{"word":"不跟","pinyin":"bu gen","short":["ne pas suivre"],"senses":[{"text":"ne pas suivre","pos":"动词 / 动词短语","lemma":"ne pas suivre"}],"note":"按不跟随整理；“不和某人一起”需另译。","category":"priority-common-2026-10-04","source":"词伴常用词与短语整理（AI）","license":"GPL-3.0-or-later","review":"未独立法语编辑校审"}
不过你#bu guo ni	{"word":"不过你","pinyin":"bu guo ni","short":["mais toi, tu…"],"senses":[{"text":"mais toi, tu…","pos":"短语"}],"note":"需补谓语。","category":"priority-common-2026-10-04","source":"词伴常用词与短语整理（AI）","license":"GPL-3.0-or-later","review":"未独立法语编辑校审"}
不过我#bu guo wo	{"word":"不过我","pinyin":"bu guo wo","short":["mais moi, je…"],"senses":[{"text":"mais moi, je…","pos":"短语"}],"note":"需补谓语。","category":"priority-common-2026-10-04","source":"词伴常用词与短语整理（AI）","license":"GPL-3.0-or-later","review":"未独立法语编辑校审"}
不错的#bu cuo de	{"word":"不错的","pinyin":"bu cuo de","short":["pas mal"],"senses":[{"text":"pas mal","pos":"形容词"}],"note":"常用表达；词形、主语和时态需随语境变化。","category":"priority-common-2026-10-04","source":"词伴常用词与短语整理（AI）","license":"GPL-3.0-or-later","review":"未独立法语编辑校审"}
丢了#diu le	{"word":"丢了","pinyin":"diu le","short":["perdu","perdue"],"senses":[{"text":"perdu","pos":"短语"},{"text":"perdue","pos":"短语"}],"note":"需明确丢失物的性别和主语。","category":"priority-common-2026-10-04","source":"词伴常用词与短语整理（AI）","license":"GPL-3.0-or-later","review":"未独立法语编辑校审"}
两个人#liang ge ren	{"word":"两个人","pinyin":"liang ge ren","short":["deux personnes"],"senses":[{"text":"deux personnes","pos":"数词"}],"note":"常用表达；词形、主语和时态需随语境变化。","category":"priority-common-2026-10-04","source":"词伴常用词与短语整理（AI）","license":"GPL-3.0-or-later","review":"未独立法语编辑校审"}
两种#liang zhong	{"word":"两种","pinyin":"liang zhong","short":["deux types"],"senses":[{"text":"deux types","pos":"数词"}],"note":"常用表达；词形、主语和时态需随语境变化。","category":"priority-common-2026-10-04","source":"词伴常用词与短语整理（AI）","license":"GPL-3.0-or-later","review":"未独立法语编辑校审"}
中午#zhong wu	{"word":"中午","pinyin":"zhong wu","short":["midi"],"senses":[{"text":"midi","pos":"名词","gender":"","lemma":"midi","article":""}],"note":"常用译法，词形和具体含义需随语境调整。","source":"词伴常用词与短语整理（AI）","license":"GPL-3.0-or-later","review":"未独立法语编辑校审"}
中国#zhong guo	{"word":"中国","pinyin":"zhong guo","short":["la Chine"],"senses":[{"text":"la Chine","pos":"名词","gender":"阴性","lemma":"Chine","article":"la"}],"note":"常用译法，词形和具体含义需随语境调整。","source":"词伴常用词与短语整理（AI）","license":"GPL-3.0-or-later","review":"未独立法语编辑校审"}
中文#zhong wen	{"word":"中文","pinyin":"zhong wen","short":["le chinois"],"senses":[{"text":"le chinois","pos":"名词","gender":"阳性","lemma":"chinois","article":"le"}],"note":"常用译法，词形和具体含义需随语境调整。","source":"词伴常用词与短语整理（AI）","license":"GPL-3.0-or-later","review":"未独立法语编辑校审"}
为#wei	{"word":"为","pinyin":"wei","short":["être","pour"],"senses":[{"text":"être","pos":"动词 / 动词短语","lemma":"être"},{"text":"pour","pos":"介词"}],"note":"wei2 常作动词，wei4 常作介词；不同义不应机械套用。","source":"词伴常用词与短语整理（AI）","license":"GPL-3.0-or-later","review":"未独立法语编辑校审"}
为什么#wei shen me	{"word":"为什么","pinyin":"wei shen me","short":["pourquoi"],"senses":[{"text":"pourquoi","pos":"副词"}],"note":"常用译法，词形和具体含义需随语境调整。","source":"词伴常用词与短语整理（AI）","license":"GPL-3.0-or-later","review":"未独立法语编辑校审"}
为什么要#wei shen me yao	{"word":"为什么要","pinyin":"wei shen me yao","short":["pourquoi faut-il ?"],"senses":[{"text":"pourquoi faut-il ?","pos":"短语"}],"note":"后接行为。","category":"priority-common-2026-10-04","source":"词伴常用词与短语整理（AI）","license":"GPL-3.0-or-later","review":"未独立法语编辑校审"}
为你#wei ni	{"word":"为你","pinyin":"wei ni","short":["pour toi"],"senses":[{"text":"pour toi","pos":"短语"}],"note":"常用表达；词形、主语和时态需随语境变化。","category":"priority-common-2026-10-04","source":"词伴常用词与短语整理（AI）","license":"GPL-3.0-or-later","review":"未独立法语编辑校审"}
主要是#zhu yao shi	{"word":"主要是","pinyin":"zhu yao shi","short":["c’est surtout…"],"senses":[{"text":"c’est surtout…","pos":"短语"}],"note":"需接主要原因或对象。","category":"priority-common-2026-10-04","source":"词伴常用词与短语整理（AI）","license":"GPL-3.0-or-later","review":"未独立法语编辑校审"}
么么哒#me me da	{"word":"么么哒","pinyin":"me me da","short":["bisous !"],"senses":[{"text":"bisous !","pos":"叹词 / 礼貌表达"}],"note":"亲昵口语。","category":"priority-common-2026-10-04","source":"词伴常用词与短语整理（AI）","license":"GPL-3.0-or-later","review":"未独立法语编辑校审"}
之子#zhi zi	{"word":"之子","pinyin":"zhi zi","short":["le fils de…"],"senses":[{"text":"le fils de…","pos":"名词","article":"le","lemma":"fils de…","gender":"阳性"}],"note":"需补父母姓名。","category":"priority-common-2026-10-04","source":"词伴常用词与短语整理（AI）","license":"GPL-3.0-or-later","review":"未独立法语编辑校审"}
乐#le	{"word":"乐","pinyin":"le","short":["heureux","la joie"],"senses":[{"text":"heureux","pos":"形容词"},{"text":"la joie","pos":"名词","gender":"阴性","lemma":"joie"}],"note":"快乐的含义；乐观等词组需单独处理。","source":"词伴常用词与短语整理（AI）","license":"GPL-3.0-or-later","review":"未独立法语编辑校审"}
乐#yue	{"word":"乐","pinyin":"yue","short":["la musique"],"senses":[{"text":"la musique","pos":"名词","gender":"阴性","lemma":"musique"}],"note":"音乐的含义。","source":"词伴常用词与短语整理（AI）","license":"GPL-3.0-or-later","review":"未独立法语编辑校审"}
九#jiu	{"word":"九","pinyin":"jiu","short":["neuf"],"senses":[{"text":"neuf","pos":"数词"}],"note":"常用译法，词形和具体含义需随语境调整。","source":"词伴常用词与短语整理（AI）","license":"GPL-3.0-or-later","review":"未独立法语编辑校审"}
也#ye	{"word":"也","pinyin":"ye","short":["aussi"],"senses":[{"text":"aussi","pos":"副词"}],"note":"常用译法，词形和具体含义需随语境调整。","source":"词伴常用词与短语整理（AI）","license":"GPL-3.0-or-later","review":"未独立法语编辑校审"}
也不是#ye bu shi	{"word":"也不是","pinyin":"ye bu shi","short":["ce n’est pas non plus…"],"senses":[{"text":"ce n’est pas non plus…","pos":"短语"}],"note":"需接表语。","category":"priority-common-2026-10-04","source":"词伴常用词与短语整理（AI）","license":"GPL-3.0-or-later","review":"未独立法语编辑校审"}
也不知道#ye bu zhi dao	{"word":"也不知道","pinyin":"ye bu zhi dao","short":["ne pas savoir non plus"],"senses":[{"text":"ne pas savoir non plus","pos":"短语"}],"note":"需补主语。","category":"priority-common-2026-10-04","source":"词伴常用词与短语整理（AI）","license":"GPL-3.0-or-later","review":"未独立法语编辑校审"}
也不错#ye bu cuo	{"word":"也不错","pinyin":"ye bu cuo","short":["c’est bien aussi"],"senses":[{"text":"c’est bien aussi","pos":"短语"}],"note":"常用表达；词形、主语和时态需随语境变化。","category":"priority-common-2026-10-04","source":"词伴常用词与短语整理（AI）","license":"GPL-3.0-or-later","review":"未独立法语编辑校审"}
也可以#ye ke yi	{"word":"也可以","pinyin":"ye ke yi","short":["c’est aussi possible"],"senses":[{"text":"c’est aussi possible","pos":"短语"}],"note":"常用表达；词形、主语和时态需随语境变化。","category":"priority-common-2026-10-04","source":"词伴常用词与短语整理（AI）","license":"GPL-3.0-or-later","review":"未独立法语编辑校审"}
也喜欢#ye xi huan	{"word":"也喜欢","pinyin":"ye xi huan","short":["aimer aussi…"],"senses":[{"text":"aimer aussi…","pos":"动词 / 动词短语","lemma":"aimer aussi…"}],"note":"后接对象。","category":"priority-common-2026-10-04","source":"词伴常用词与短语整理（AI）","license":"GPL-3.0-or-later","review":"未独立法语编辑校审"}
也好#ye hao	{"word":"也好","pinyin":"ye hao","short":["c’est bien aussi"],"senses":[{"text":"c’est bien aussi","pos":"短语"}],"note":"常用表达；词形、主语和时态需随语境变化。","category":"priority-common-2026-10-04","source":"词伴常用词与短语整理（AI）","license":"GPL-3.0-or-later","review":"未独立法语编辑校审"}
也想#ye xiang	{"word":"也想","pinyin":"ye xiang","short":["vouloir aussi"],"senses":[{"text":"vouloir aussi","pos":"会话表达 / 短语"}],"note":"表示愿望；表达想法时需用 penser。","source":"词伴常用词与短语整理（AI）","license":"GPL-3.0-or-later","review":"未独立法语编辑校审"}
也有#ye you	{"word":"也有","pinyin":"ye you","short":["avoir aussi"],"senses":[{"text":"avoir aussi","pos":"会话表达 / 短语"}],"note":"“我也有”：J'en ai aussi.","source":"词伴常用词与短语整理（AI）","license":"GPL-3.0-or-later","review":"未独立法语编辑校审"}
也没有#ye mei you	{"word":"也没有","pinyin":"ye mei you","short":["non plus"],"senses":[{"text":"non plus","pos":"短语"}],"note":"否定句中的“也没有”；完整句需补主语和谓语。","category":"priority-common-2026-10-04","source":"词伴常用词与短语整理（AI）","license":"GPL-3.0-or-later","review":"未独立法语编辑校审"}
也爱#ye ai	{"word":"也爱","pinyin":"ye ai","short":["aimer aussi…"],"senses":[{"text":"aimer aussi…","pos":"动词 / 动词短语","lemma":"aimer aussi…"}],"note":"后接对象。","category":"priority-common-2026-10-04","source":"词伴常用词与短语整理（AI）","license":"GPL-3.0-or-later","review":"未独立法语编辑校审"}
也看#ye kan	{"word":"也看","pinyin":"ye kan","short":["regarder aussi"],"senses":[{"text":"regarder aussi","pos":"动词 / 动词短语","lemma":"regarder aussi"}],"note":"常用表达；词形、主语和时态需随语境变化。","category":"priority-common-2026-10-04","source":"词伴常用词与短语整理（AI）","license":"GPL-3.0-or-later","review":"未独立法语编辑校审"}
也能#ye neng	{"word":"也能","pinyin":"ye neng","short":["pouvoir aussi…"],"senses":[{"text":"pouvoir aussi…","pos":"短语"}],"note":"需补主语和行为。","category":"priority-common-2026-10-04","source":"词伴常用词与短语整理（AI）","license":"GPL-3.0-or-later","review":"未独立法语编辑校审"}
也要#ye yao	{"word":"也要","pinyin":"ye yao","short":["vouloir aussi"],"senses":[{"text":"vouloir aussi","pos":"会话表达 / 短语"}],"note":"表达“也想要”；表示义务时使用 devoir aussi。","source":"词伴常用词与短语整理（AI）","license":"GPL-3.0-or-later","review":"未独立法语编辑校审"}
也觉得#ye jue de	{"word":"也觉得","pinyin":"ye jue de","short":["penser aussi que…"],"senses":[{"text":"penser aussi que…","pos":"短语"}],"note":"需接从句。","category":"priority-common-2026-10-04","source":"词伴常用词与短语整理（AI）","license":"GPL-3.0-or-later","review":"未独立法语编辑校审"}
书#shu	{"word":"书","pinyin":"shu","short":["le livre"],"senses":[{"text":"le livre","pos":"名词","gender":"阳性","lemma":"livre","article":"le"}],"note":"常用译法，词形和具体含义需随语境调整。","source":"词伴常用词与短语整理（AI）","license":"GPL-3.0-or-later","review":"未独立法语编辑校审"}
买#mai	{"word":"买","pinyin":"mai","short":["acheter"],"senses":[{"text":"acheter","pos":"动词 / 动词短语","lemma":"acheter"}],"note":"常用译法，词形和具体含义需随语境调整。","source":"词伴常用词与短语整理（AI）","license":"GPL-3.0-or-later","review":"未独立法语编辑校审"}
买个#mai ge	{"word":"买个","pinyin":"mai ge","short":["acheter un…"],"senses":[{"text":"acheter un…","pos":"动词 / 动词短语","lemma":"acheter un…"}],"note":"需接具体名词。","category":"priority-common-2026-10-04","source":"词伴常用词与短语整理（AI）","license":"GPL-3.0-or-later","review":"未独立法语编辑校审"}
买了#mai le	{"word":"买了","pinyin":"mai le","short":["avoir acheté"],"senses":[{"text":"avoir acheté","pos":"会话表达 / 短语"}],"note":"“我买了书”：J'ai acheté un livre.","source":"词伴常用词与短语整理（AI）","license":"GPL-3.0-or-later","review":"未独立法语编辑校审"}
买的#mai de	{"word":"买的","pinyin":"mai de","short":["ce qui a été acheté"],"senses":[{"text":"ce qui a été acheté","pos":"短语"}],"note":"常用表达；词形、主语和时态需随语境变化。","category":"priority-common-2026-10-04","source":"词伴常用词与短语整理（AI）","license":"GPL-3.0-or-later","review":"未独立法语编辑校审"}
了#le	{"word":"了","pinyin":"le","short":["particule d'aspect"],"senses":[{"text":"particule d'aspect","pos":"助词 / 语法说明"}],"note":"可表示完成或状态变化；不等于任何单一法语过去时。","source":"词伴常用词与短语整理（AI）","license":"GPL-3.0-or-later","review":"未独立法语编辑校审"}
了#liao	{"word":"了","pinyin":"liao","short":["comprendre","finir"],"senses":[{"text":"comprendre","pos":"动词 / 动词短语","lemma":"comprendre"},{"text":"finir","pos":"动词 / 动词短语","lemma":"finir"}],"note":"用于了解、了结等词组。","source":"词伴常用词与短语整理（AI）","license":"GPL-3.0-or-later","review":"未独立法语编辑校审"}
二#er	{"word":"二","pinyin":"er","short":["deux"],"senses":[{"text":"deux","pos":"数词"}],"note":"常用译法，词形和具体含义需随语境调整。","source":"词伴常用词与短语整理（AI）","license":"GPL-3.0-or-later","review":"未独立法语编辑校审"}
五#wu	{"word":"五","pinyin":"wu","short":["cinq"],"senses":[{"text":"cinq","pos":"数词"}],"note":"常用译法，词形和具体含义需随语境调整。","source":"词伴常用词与短语整理（AI）","license":"GPL-3.0-or-later","review":"未独立法语编辑校审"}
五年#wu nian	{"word":"五年","pinyin":"wu nian","short":["cinq ans"],"senses":[{"text":"cinq ans","pos":"数词"}],"note":"常用表达；词形、主语和时态需随语境变化。","category":"priority-common-2026-10-04","source":"词伴常用词与短语整理（AI）","license":"GPL-3.0-or-later","review":"未独立法语编辑校审"}
亲爱的#qin ai de	{"word":"亲爱的","pinyin":"qin ai de","short":["mon chéri","ma chérie"],"senses":[{"text":"mon chéri","pos":"短语"},{"text":"ma chérie","pos":"短语"}],"note":"称呼男性/女性亲密对象；称呼复数收信人需改词形。","category":"priority-common-2026-10-04","source":"词伴常用词与短语整理（AI）","license":"GPL-3.0-or-later","review":"未独立法语编辑校审"}
人#ren	{"word":"人","pinyin":"ren","short":["la personne"],"senses":[{"text":"la personne","pos":"名词","gender":"阴性","lemma":"personne","article":"la"}],"note":"常用译法，词形和具体含义需随语境调整。","source":"词伴常用词与短语整理（AI）","license":"GPL-3.0-or-later","review":"未独立法语编辑校审"}
人多#ren duo	{"word":"人多","pinyin":"ren duo","short":["il y a beaucoup de monde"],"senses":[{"text":"il y a beaucoup de monde","pos":"短语"}],"note":"常用表达；词形、主语和时态需随语境变化。","category":"priority-common-2026-10-04","source":"词伴常用词与短语整理（AI）","license":"GPL-3.0-or-later","review":"未独立法语编辑校审"}
什么#shen me	{"word":"什么","pinyin":"shen me","short":["quoi"],"senses":[{"text":"quoi","pos":"代词"}],"note":"常用译法，词形和具体含义需随语境调整。","source":"词伴常用词与短语整理（AI）","license":"GPL-3.0-or-later","review":"未独立法语编辑校审"}
什么呢#shen me ne	{"word":"什么呢","pinyin":"shen me ne","short":["quoi donc ?"],"senses":[{"text":"quoi donc ?","pos":"短语"}],"note":"常用表达；词形、主语和时态需随语境变化。","category":"priority-common-2026-10-04","source":"词伴常用词与短语整理（AI）","license":"GPL-3.0-or-later","review":"未独立法语编辑校审"}
什么啊#shen me a	{"word":"什么啊","pinyin":"shen me a","short":["qu’est-ce que c’est ?"],"senses":[{"text":"qu’est-ce que c’est ?","pos":"短语"}],"note":"常用表达；词形、主语和时态需随语境变化。","category":"priority-common-2026-10-04","source":"词伴常用词与短语整理（AI）","license":"GPL-3.0-or-later","review":"未独立法语编辑校审"}
什么鬼#shen me gui	{"word":"什么鬼","pinyin":"shen me gui","short":["c’est quoi ce truc ?"],"senses":[{"text":"c’est quoi ce truc ?","pos":"短语"}],"note":"非正式，表示困惑或吐槽。","category":"priority-common-2026-10-04","source":"词伴常用词与短语整理（AI）","license":"GPL-3.0-or-later","review":"未独立法语编辑校审"}
今天#jin tian	{"word":"今天","pinyin":"jin tian","short":["aujourd’hui"],"senses":[{"text":"aujourd’hui","pos":"副词"}],"note":"常用译法，词形和具体含义需随语境调整。","source":"词伴常用词与短语整理（AI）","license":"GPL-3.0-or-later","review":"未独立法语编辑校审"}
今天我#jin tian wo	{"word":"今天我","pinyin":"jin tian wo","short":["aujourd’hui, je…"],"senses":[{"text":"aujourd’hui, je…","pos":"短语"}],"note":"需补谓语。","category":"priority-common-2026-10-04","source":"词伴常用词与短语整理（AI）","license":"GPL-3.0-or-later","review":"未独立法语编辑校审"}
今天是#jin tian shi	{"word":"今天是","pinyin":"jin tian shi","short":["aujourd’hui, c’est…"],"senses":[{"text":"aujourd’hui, c’est…","pos":"短语"}],"note":"需接日期或事件。","category":"priority-common-2026-10-04","source":"词伴常用词与短语整理（AI）","license":"GPL-3.0-or-later","review":"未独立法语编辑校审"}
今年#jin nian	{"word":"今年","pinyin":"jin nian","short":["cette année"],"senses":[{"text":"cette année","pos":"名词","gender":"","lemma":"cette année","article":""}],"note":"常用译法，词形和具体含义需随语境调整。","source":"词伴常用词与短语整理（AI）","license":"GPL-3.0-or-later","review":"未独立法语编辑校审"}
他#ta	{"word":"他","pinyin":"ta","short":["il"],"senses":[{"text":"il","pos":"代词"}],"note":"常用译法，词形和具体含义需随语境调整。","source":"词伴常用词与短语整理（AI）","license":"GPL-3.0-or-later","review":"未独立法语编辑校审"}
他们#ta men	{"word":"他们","pinyin":"ta men","short":["ils"],"senses":[{"text":"ils","pos":"代词"}],"note":"常用译法，词形和具体含义需随语境调整。","source":"词伴常用词与短语整理（AI）","license":"GPL-3.0-or-later","review":"未独立法语编辑校审"}
他是#ta shi	{"word":"他是","pinyin":"ta shi","short":["il est…"],"senses":[{"text":"il est…","pos":"短语"}],"note":"需接表语。","category":"priority-common-2026-10-04","source":"词伴常用词与短语整理（AI）","license":"GPL-3.0-or-later","review":"未独立法语编辑校审"}
他说#ta shuo	{"word":"他说","pinyin":"ta shuo","short":["il dit…"],"senses":[{"text":"il dit…","pos":"短语"}],"note":"需接话语。","category":"priority-common-2026-10-04","source":"词伴常用词与短语整理（AI）","license":"GPL-3.0-or-later","review":"未独立法语编辑校审"}
付款#fu kuan	{"word":"付款","pinyin":"fu kuan","short":["payer"],"senses":[{"text":"payer","pos":"动词 / 动词短语","lemma":"payer"}],"note":"常用表达；词形、主语和时态需随语境变化。","category":"priority-common-2026-10-04","source":"词伴常用词与短语整理（AI）","license":"GPL-3.0-or-later","review":"未独立法语编辑校审"}
以为你#yi wei ni	{"word":"以为你","pinyin":"yi wei ni","short":["je pensais que tu…"],"senses":[{"text":"je pensais que tu…","pos":"短语"}],"note":"按省略“我”整理，需补谓语。","category":"priority-common-2026-10-04","source":"词伴常用词与短语整理（AI）","license":"GPL-3.0-or-later","review":"未独立法语编辑校审"}
以为我#yi wei wo	{"word":"以为我","pinyin":"yi wei wo","short":["on pensait que je…"],"senses":[{"text":"on pensait que je…","pos":"短语"}],"note":"实际主语随句子确定。","category":"priority-common-2026-10-04","source":"词伴常用词与短语整理（AI）","license":"GPL-3.0-or-later","review":"未独立法语编辑校审"}
以为是#yi wei shi	{"word":"以为是","pinyin":"yi wei shi","short":["penser que c’est…"],"senses":[{"text":"penser que c’est…","pos":"短语"}],"note":"需接表语。","category":"priority-common-2026-10-04","source":"词伴常用词与短语整理（AI）","license":"GPL-3.0-or-later","review":"未独立法语编辑校审"}
价格#jia ge	{"word":"价格","pinyin":"jia ge","short":["le prix"],"senses":[{"text":"le prix","pos":"名词","gender":"阳性","lemma":"prix","article":"le"}],"note":"常用译法，词形和具体含义需随语境调整。","source":"词伴常用词与短语整理（AI）","license":"GPL-3.0-or-later","review":"未独立法语编辑校审"}
任务#ren wu	{"word":"任务","pinyin":"ren wu","short":["la tâche"],"senses":[{"text":"la tâche","pos":"名词","gender":"阴性","lemma":"tâche","article":"la"}],"note":"常用译法，词形和具体含义需随语境调整。","source":"词伴常用词与短语整理（AI）","license":"GPL-3.0-or-later","review":"未独立法语编辑校审"}
休假#xiu jia	{"word":"休假","pinyin":"xiu jia","short":["le congé"],"senses":[{"text":"le congé","pos":"名词","article":"le","lemma":"congé","gender":"阳性"}],"note":"常用表达；词形、主语和时态需随语境变化。","category":"priority-common-2026-10-04","source":"词伴常用词与短语整理（AI）","license":"GPL-3.0-or-later","review":"未独立法语编辑校审"}
休息#xiu xi	{"word":"休息","pinyin":"xiu xi","short":["se reposer"],"senses":[{"text":"se reposer","pos":"动词 / 动词短语","lemma":"se reposer"}],"note":"常用译法，词形和具体含义需随语境调整。","source":"词伴常用词与短语整理（AI）","license":"GPL-3.0-or-later","review":"未独立法语编辑校审"}
优惠券#you hui quan	{"word":"优惠券","pinyin":"you hui quan","short":["le bon de réduction"],"senses":[{"text":"le bon de réduction","pos":"名词","article":"le","lemma":"bon de réduction","gender":"阳性"}],"note":"常用表达；词形、主语和时态需随语境变化。","category":"priority-common-2026-10-04","source":"词伴常用词与短语整理（AI）","license":"GPL-3.0-or-later","review":"未独立法语编辑校审"}
会#hui	{"word":"会","pinyin":"hui","short":["savoir","une réunion"],"senses":[{"text":"savoir","pos":"动词 / 动词短语","lemma":"savoir"},{"text":"une réunion","pos":"名词","gender":"阴性","lemma":"réunion"}],"note":"能力用 savoir＋原形；会议是名词义；将来和可能性需要语境。","source":"词伴常用词与短语整理（AI）","license":"GPL-3.0-or-later","review":"未独立法语编辑校审"}
会#kuai	{"word":"会","pinyin":"kuai","short":["la comptabilité"],"senses":[{"text":"la comptabilité","pos":"名词","gender":"阴性","lemma":"comptabilité"}],"note":"常见于会计，通常学习完整词组。","source":"词伴常用词与短语整理（AI）","license":"GPL-3.0-or-later","review":"未独立法语编辑校审"}
会去#hui qu	{"word":"会去","pinyin":"hui qu","short":["aller"],"senses":[{"text":"aller","pos":"动词 / 动词短语","lemma":"aller"}],"note":"未来意义需由主语和动词时态表达。","category":"priority-common-2026-10-04","source":"词伴常用词与短语整理（AI）","license":"GPL-3.0-or-later","review":"未独立法语编辑校审"}
会议#hui yi	{"word":"会议","pinyin":"hui yi","short":["la réunion"],"senses":[{"text":"la réunion","pos":"名词","gender":"阴性","lemma":"réunion","article":"la"}],"note":"常用译法，词形和具体含义需随语境调整。","source":"词伴常用词与短语整理（AI）","license":"GPL-3.0-or-later","review":"未独立法语编辑校审"}
会议室#hui yi shi	{"word":"会议室","pinyin":"hui yi shi","short":["la salle de réunion"],"senses":[{"text":"la salle de réunion","pos":"名词","article":"la","lemma":"salle de réunion","gender":"阴性"}],"note":"常用表达；词形、主语和时态需随语境变化。","category":"priority-common-2026-10-04","source":"词伴常用词与短语整理（AI）","license":"GPL-3.0-or-later","review":"未独立法语编辑校审"}
会说#hui shuo	{"word":"会说","pinyin":"hui shuo","short":["savoir dire","savoir parler"],"senses":[{"text":"savoir dire","pos":"动词 / 动词短语","lemma":"savoir dire"},{"text":"savoir parler","pos":"动词 / 动词短语","lemma":"savoir parler"}],"note":"说话能力或会说某语言。","category":"priority-common-2026-10-04","source":"词伴常用词与短语整理（AI）","license":"GPL-3.0-or-later","review":"未独立法语编辑校审"}
但是#dan shi	{"word":"但是","pinyin":"dan shi","short":["mais"],"senses":[{"text":"mais","pos":"连词"}],"note":"常用译法，词形和具体含义需随语境调整。","source":"词伴常用词与短语整理（AI）","license":"GPL-3.0-or-later","review":"未独立法语编辑校审"}
但是我#dan shi wo	{"word":"但是我","pinyin":"dan shi wo","short":["mais je…"],"senses":[{"text":"mais je…","pos":"短语"}],"note":"需补谓语。","category":"priority-common-2026-10-04","source":"词伴常用词与短语整理（AI）","license":"GPL-3.0-or-later","review":"未独立法语编辑校审"}
低#di	{"word":"低","pinyin":"di","short":["bas"],"senses":[{"text":"bas","pos":"形容词"}],"note":"常用译法，词形和具体含义需随语境调整。","source":"词伴常用词与短语整理（AI）","license":"GPL-3.0-or-later","review":"未独立法语编辑校审"}
体温计#ti wen ji	{"word":"体温计","pinyin":"ti wen ji","short":["le thermomètre"],"senses":[{"text":"le thermomètre","pos":"名词","article":"le","lemma":"thermomètre","gender":"阳性"}],"note":"常用表达；词形、主语和时态需随语境变化。","category":"priority-common-2026-10-04","source":"词伴常用词与短语整理（AI）","license":"GPL-3.0-or-later","review":"未独立法语编辑校审"}
余额#yu e	{"word":"余额","pinyin":"yu e","short":["le solde"],"senses":[{"text":"le solde","pos":"名词","article":"le","lemma":"solde","gender":"阳性"}],"note":"常用表达；词形、主语和时态需随语境变化。","category":"priority-common-2026-10-04","source":"词伴常用词与短语整理（AI）","license":"GPL-3.0-or-later","review":"未独立法语编辑校审"}
作业#zuo ye	{"word":"作业","pinyin":"zuo ye","short":["les devoirs"],"senses":[{"text":"les devoirs","pos":"名词","gender":"阳性复数","lemma":"devoirs","article":"les"}],"note":"常用译法，词形和具体含义需随语境调整。","source":"词伴常用词与短语整理（AI）","license":"GPL-3.0-or-later","review":"未独立法语编辑校审"}
作词#zuo ci	{"word":"作词","pinyin":"zuo ci","short":["écrire les paroles"],"senses":[{"text":"écrire les paroles","pos":"动词 / 动词短语","lemma":"écrire les paroles"}],"note":"创作歌曲歌词。","category":"priority-common-2026-10-04","source":"词伴常用词与短语整理（AI）","license":"GPL-3.0-or-later","review":"未独立法语编辑校审"}
你#ni	{"word":"你","pinyin":"ni","short":["tu"],"senses":[{"text":"tu","pos":"代词"}],"note":"常用译法，词形和具体含义需随语境调整。","source":"词伴常用词与短语整理（AI）","license":"GPL-3.0-or-later","review":"未独立法语编辑校审"}
你不是#ni bu shi	{"word":"你不是","pinyin":"ni bu shi","short":["tu n'es pas…"],"senses":[{"text":"tu n'es pas…","pos":"会话表达 / 短语"}],"note":"后面接补足语。","source":"词伴常用词与短语整理（AI）","license":"GPL-3.0-or-later","review":"未独立法语编辑校审"}
你为什么#ni wei shen me	{"word":"你为什么","pinyin":"ni wei shen me","short":["pourquoi est-ce que tu…"],"senses":[{"text":"pourquoi est-ce que tu…","pos":"短语"}],"note":"句子片段，后面需补谓语。","category":"priority-common-2026-10-04","source":"词伴常用词与短语整理（AI）","license":"GPL-3.0-or-later","review":"未独立法语编辑校审"}
你买#ni mai	{"word":"你买","pinyin":"ni mai","short":["tu achètes…"],"senses":[{"text":"tu achètes…","pos":"短语"}],"note":"需接对象。","category":"priority-common-2026-10-04","source":"词伴常用词与短语整理（AI）","license":"GPL-3.0-or-later","review":"未独立法语编辑校审"}
你今天#ni jin tian	{"word":"你今天","pinyin":"ni jin tian","short":["aujourd’hui, tu…"],"senses":[{"text":"aujourd’hui, tu…","pos":"短语"}],"note":"需补谓语。","category":"priority-common-2026-10-04","source":"词伴常用词与短语整理（AI）","license":"GPL-3.0-or-later","review":"未独立法语编辑校审"}
你以为#ni yi wei	{"word":"你以为","pinyin":"ni yi wei","short":["tu pensais que…"],"senses":[{"text":"tu pensais que…","pos":"短语"}],"note":"需接从句。","category":"priority-common-2026-10-04","source":"词伴常用词与短语整理（AI）","license":"GPL-3.0-or-later","review":"未独立法语编辑校审"}
你们#ni men	{"word":"你们","pinyin":"ni men","short":["vous"],"senses":[{"text":"vous","pos":"代词"}],"note":"常用译法，词形和具体含义需随语境调整。","source":"词伴常用词与短语整理（AI）","license":"GPL-3.0-or-later","review":"未独立法语编辑校审"}
你会#ni hui	{"word":"你会","pinyin":"ni hui","short":["tu sais faire…"],"senses":[{"text":"tu sais faire…","pos":"短语"}],"note":"指掌握技能；“将会”另译。","category":"priority-common-2026-10-04","source":"词伴常用词与短语整理（AI）","license":"GPL-3.0-or-later","review":"未独立法语编辑校审"}
你俩#ni lia	{"word":"你俩","pinyin":"ni lia","short":["vous deux"],"senses":[{"text":"vous deux","pos":"代词"}],"note":"常用表达；词形、主语和时态需随语境变化。","category":"priority-common-2026-10-04","source":"词伴常用词与短语整理（AI）","license":"GPL-3.0-or-later","review":"未独立法语编辑校审"}
你做#ni zuo	{"word":"你做","pinyin":"ni zuo","short":["tu fais…"],"senses":[{"text":"tu fais…","pos":"短语"}],"note":"需接宾语。","category":"priority-common-2026-10-04","source":"词伴常用词与短语整理（AI）","license":"GPL-3.0-or-later","review":"未独立法语编辑校审"}
你去#ni qu	{"word":"你去","pinyin":"ni qu","short":["tu vas"],"senses":[{"text":"tu vas","pos":"会话表达 / 短语"}],"note":"“你去哪里”：Où vas-tu ?","source":"词伴常用词与短语整理（AI）","license":"GPL-3.0-or-later","review":"未独立法语编辑校审"}
你可以#ni ke yi	{"word":"你可以","pinyin":"ni ke yi","short":["tu peux"],"senses":[{"text":"tu peux","pos":"会话表达 / 短语"}],"note":"礼貌或复数用 vous pouvez。","source":"词伴常用词与短语整理（AI）","license":"GPL-3.0-or-later","review":"未独立法语编辑校审"}
你吃#ni chi	{"word":"你吃","pinyin":"ni chi","short":["tu manges…"],"senses":[{"text":"tu manges…","pos":"短语"}],"note":"需补对象。","category":"priority-common-2026-10-04","source":"词伴常用词与短语整理（AI）","license":"GPL-3.0-or-later","review":"未独立法语编辑校审"}
你喜欢#ni xi huan	{"word":"你喜欢","pinyin":"ni xi huan","short":["tu aimes…"],"senses":[{"text":"tu aimes…","pos":"短语"}],"note":"后接对象。","category":"priority-common-2026-10-04","source":"词伴常用词与短语整理（AI）","license":"GPL-3.0-or-later","review":"未独立法语编辑校审"}
你回来#ni hui lai	{"word":"你回来","pinyin":"ni hui lai","short":["reviens !"],"senses":[{"text":"reviens !","pos":"短语"}],"note":"按请求回来整理；陈述需用 tu reviens。","category":"priority-common-2026-10-04","source":"词伴常用词与短语整理（AI）","license":"GPL-3.0-or-later","review":"未独立法语编辑校审"}
你在#ni zai	{"word":"你在","pinyin":"ni zai","short":["tu es à…"],"senses":[{"text":"tu es à…","pos":"会话表达 / 短语"}],"note":"表示所在地点；询问“你在做什么”：Qu'est-ce que tu fais ?","source":"词伴常用词与短语整理（AI）","license":"GPL-3.0-or-later","review":"未独立法语编辑校审"}
你在哪#ni zai na	{"word":"你在哪","pinyin":"ni zai na","short":["où es-tu ?"],"senses":[{"text":"où es-tu ?","pos":"短语"}],"note":"常用表达；词形、主语和时态需随语境变化。","category":"priority-common-2026-10-04","source":"词伴常用词与短语整理（AI）","license":"GPL-3.0-or-later","review":"未独立法语编辑校审"}
你好#ni hao	{"word":"你好","pinyin":"ni hao","short":["bonjour"],"senses":[{"text":"bonjour","pos":"叹词 / 礼貌表达"}],"note":"常用译法，词形和具体含义需随语境调整。","source":"词伴常用词与短语整理（AI）","license":"GPL-3.0-or-later","review":"未独立法语编辑校审"}
你好吗#ni hao ma	{"word":"你好吗","pinyin":"ni hao ma","short":["comment vas-tu ?"],"senses":[{"text":"comment vas-tu ?","pos":"会话表达 / 短语"}],"note":"非正式；礼貌用 Comment allez-vous ?","source":"词伴常用词与短语整理（AI）","license":"GPL-3.0-or-later","review":"未独立法语编辑校审"}
你家#ni jia	{"word":"你家","pinyin":"ni jia","short":["chez toi","ta maison"],"senses":[{"text":"chez toi","pos":"会话表达 / 短语"},{"text":"ta maison","pos":"会话表达 / 短语"}],"note":"chez toi 表示在你家或去你家；ta maison 指你的房屋。","source":"词伴常用词与短语整理（AI）","license":"GPL-3.0-or-later","review":"未独立法语编辑校审"}
你就是#ni jiu shi	{"word":"你就是","pinyin":"ni jiu shi","short":["c’est toi qui…"],"senses":[{"text":"c’est toi qui…","pos":"短语"}],"note":"需接谓语。","category":"priority-common-2026-10-04","source":"词伴常用词与短语整理（AI）","license":"GPL-3.0-or-later","review":"未独立法语编辑校审"}
你居然#ni ju ran	{"word":"你居然","pinyin":"ni ju ran","short":["toi, tu… !"],"senses":[{"text":"toi, tu… !","pos":"短语"}],"note":"需补谓语，表示意外；法语用语调或上下文表达。","category":"priority-common-2026-10-04","source":"词伴常用词与短语整理（AI）","license":"GPL-3.0-or-later","review":"未独立法语编辑校审"}
你应该#ni ying gai	{"word":"你应该","pinyin":"ni ying gai","short":["tu devrais…"],"senses":[{"text":"tu devrais…","pos":"短语"}],"note":"后接动词原形。","category":"priority-common-2026-10-04","source":"词伴常用词与短语整理（AI）","license":"GPL-3.0-or-later","review":"未独立法语编辑校审"}
你得#ni de	{"word":"你得","pinyin":"ni de","short":["tu dois…"],"senses":[{"text":"tu dois…","pos":"短语"}],"note":"后接动词原形。","category":"priority-common-2026-10-04","source":"词伴常用词与短语整理（AI）","license":"GPL-3.0-or-later","review":"未独立法语编辑校审"}
你怎么#ni zen me	{"word":"你怎么","pinyin":"ni zen me","short":["comment… ?"],"senses":[{"text":"comment… ?","pos":"会话表达 / 短语"}],"note":"“你怎么来”：Comment viens-tu ?；“你怎么了”：Qu'est-ce qui t'arrive ?","source":"词伴常用词与短语整理（AI）","license":"GPL-3.0-or-later","review":"未独立法语编辑校审"}
你想#ni xiang	{"word":"你想","pinyin":"ni xiang","short":["tu veux…"],"senses":[{"text":"tu veux…","pos":"会话表达 / 短语"}],"note":"询问意愿；“你怎么想”常用 Qu'en penses-tu ?","source":"词伴常用词与短语整理（AI）","license":"GPL-3.0-or-later","review":"未独立法语编辑校审"}
你懂#ni dong	{"word":"你懂","pinyin":"ni dong","short":["tu comprends"],"senses":[{"text":"tu comprends","pos":"短语"}],"note":"常用表达；词形、主语和时态需随语境变化。","category":"priority-common-2026-10-04","source":"词伴常用词与短语整理（AI）","license":"GPL-3.0-or-later","review":"未独立法语编辑校审"}
你是#ni shi	{"word":"你是","pinyin":"ni shi","short":["tu es"],"senses":[{"text":"tu es","pos":"会话表达 / 短语"}],"note":"非正式单数；礼貌或复数用 vous êtes。","source":"词伴常用词与短语整理（AI）","license":"GPL-3.0-or-later","review":"未独立法语编辑校审"}
你是不是#ni shi bu shi	{"word":"你是不是","pinyin":"ni shi bu shi","short":["est-ce que tu…"],"senses":[{"text":"est-ce que tu…","pos":"短语"}],"note":"提问片段，需接谓语。","category":"priority-common-2026-10-04","source":"词伴常用词与短语整理（AI）","license":"GPL-3.0-or-later","review":"未独立法语编辑校审"}
你最近#ni zui jin	{"word":"你最近","pinyin":"ni zui jin","short":["ces derniers temps, tu…"],"senses":[{"text":"ces derniers temps, tu…","pos":"短语"}],"note":"需补谓语。","category":"priority-common-2026-10-04","source":"词伴常用词与短语整理（AI）","license":"GPL-3.0-or-later","review":"未独立法语编辑校审"}
你爱#ni ai	{"word":"你爱","pinyin":"ni ai","short":["tu aimes…"],"senses":[{"text":"tu aimes…","pos":"短语"}],"note":"后接对象。","category":"priority-common-2026-10-04","source":"词伴常用词与短语整理（AI）","license":"GPL-3.0-or-later","review":"未独立法语编辑校审"}
你玩#ni wan	{"word":"你玩","pinyin":"ni wan","short":["tu joues…"],"senses":[{"text":"tu joues…","pos":"短语"}],"note":"需补游戏或对象。","category":"priority-common-2026-10-04","source":"词伴常用词与短语整理（AI）","license":"GPL-3.0-or-later","review":"未独立法语编辑校审"}
你现在#ni xian zai	{"word":"你现在","pinyin":"ni xian zai","short":["maintenant, tu…"],"senses":[{"text":"maintenant, tu…","pos":"短语"}],"note":"需补谓语。","category":"priority-common-2026-10-04","source":"词伴常用词与短语整理（AI）","license":"GPL-3.0-or-later","review":"未独立法语编辑校审"}
你知道#ni zhi dao	{"word":"你知道","pinyin":"ni zhi dao","short":["tu sais"],"senses":[{"text":"tu sais","pos":"短语"}],"note":"常用表达；词形、主语和时态需随语境变化。","category":"priority-common-2026-10-04","source":"词伴常用词与短语整理（AI）","license":"GPL-3.0-or-later","review":"未独立法语编辑校审"}
你确定#ni que ding	{"word":"你确定","pinyin":"ni que ding","short":["tu es sûr ?","tu es sûre ?"],"senses":[{"text":"tu es sûr ?","pos":"短语"},{"text":"tu es sûre ?","pos":"短语"}],"note":"随听话者性别变化。","category":"priority-common-2026-10-04","source":"词伴常用词与短语整理（AI）","license":"GPL-3.0-or-later","review":"未独立法语编辑校审"}
你穿#ni chuan	{"word":"你穿","pinyin":"ni chuan","short":["tu portes…"],"senses":[{"text":"tu portes…","pos":"短语"}],"note":"需接衣物。","category":"priority-common-2026-10-04","source":"词伴常用词与短语整理（AI）","license":"GPL-3.0-or-later","review":"未独立法语编辑校审"}
你竟然#ni jing ran	{"word":"你竟然","pinyin":"ni jing ran","short":["tu as vraiment… !"],"senses":[{"text":"tu as vraiment… !","pos":"短语"}],"note":"意外语气，需补具体行为并调整时态。","category":"priority-common-2026-10-04","source":"词伴常用词与短语整理（AI）","license":"GPL-3.0-or-later","review":"未独立法语编辑校审"}
你能#ni neng	{"word":"你能","pinyin":"ni neng","short":["tu peux…"],"senses":[{"text":"tu peux…","pos":"短语"}],"note":"后接动词原形。","category":"priority-common-2026-10-04","source":"词伴常用词与短语整理（AI）","license":"GPL-3.0-or-later","review":"未独立法语编辑校审"}
你要#ni yao	{"word":"你要","pinyin":"ni yao","short":["tu veux…"],"senses":[{"text":"tu veux…","pos":"会话表达 / 短语"}],"note":"表达意愿；“你必须”应使用 tu dois。","source":"词伴常用词与短语整理（AI）","license":"GPL-3.0-or-later","review":"未独立法语编辑校审"}
你觉得#ni jue de	{"word":"你觉得","pinyin":"ni jue de","short":["qu’en penses-tu ?"],"senses":[{"text":"qu’en penses-tu ?","pos":"短语"}],"note":"常用表达；词形、主语和时态需随语境变化。","category":"priority-common-2026-10-04","source":"词伴常用词与短语整理（AI）","license":"GPL-3.0-or-later","review":"未独立法语编辑校审"}
你说的#ni shuo de	{"word":"你说的","pinyin":"ni shuo de","short":["ce que tu dis"],"senses":[{"text":"ce que tu dis","pos":"短语"}],"note":"常用表达；词形、主语和时态需随语境变化。","category":"priority-common-2026-10-04","source":"词伴常用词与短语整理（AI）","license":"GPL-3.0-or-later","review":"未独立法语编辑校审"}
你走#ni zou	{"word":"你走","pinyin":"ni zou","short":["tu pars"],"senses":[{"text":"tu pars","pos":"短语"}],"note":"命令“你走！”可用 pars !。","category":"priority-common-2026-10-04","source":"词伴常用词与短语整理（AI）","license":"GPL-3.0-or-later","review":"未独立法语编辑校审"}
便#bian	{"word":"便","pinyin":"bian","short":["pratique","alors"],"senses":[{"text":"pratique","pos":"形容词"},{"text":"alors","pos":"副词"}],"note":"方便或承接语；按上下文选择。","source":"词伴常用词与短语整理（AI）","license":"GPL-3.0-or-later","review":"未独立法语编辑校审"}
便#pian	{"word":"便","pinyin":"pian","short":["bon marché"],"senses":[{"text":"bon marché","pos":"形容词"}],"note":"便宜的读音；通常输入完整“便宜”。","source":"词伴常用词与短语整理（AI）","license":"GPL-3.0-or-later","review":"未独立法语编辑校审"}
便宜#pian yi	{"word":"便宜","pinyin":"pian yi","short":["bon marché"],"senses":[{"text":"bon marché","pos":"形容词"}],"note":"常用译法，词形和具体含义需随语境调整。","source":"词伴常用词与短语整理（AI）","license":"GPL-3.0-or-later","review":"未独立法语编辑校审"}
便宜一点#pian yi yi dian	{"word":"便宜一点","pinyin":"pian yi yi dian","short":["un peu moins cher"],"senses":[{"text":"un peu moins cher","pos":"会话表达 / 短语"}],"note":"议价片段；礼貌询问需构成完整句子。","source":"词伴常用词与短语整理（AI）","license":"GPL-3.0-or-later","review":"未独立法语编辑校审"}
保存#bao cun	{"word":"保存","pinyin":"bao cun","short":["enregistrer"],"senses":[{"text":"enregistrer","pos":"动词 / 动词短语","lemma":"enregistrer"}],"note":"常用表达；词形、主语和时态需随语境变化。","category":"priority-common-2026-10-04","source":"词伴常用词与短语整理（AI）","license":"GPL-3.0-or-later","review":"未独立法语编辑校审"}
保温杯#bao wen bei	{"word":"保温杯","pinyin":"bao wen bei","short":["le mug isotherme"],"senses":[{"text":"le mug isotherme","pos":"名词","article":"le","lemma":"mug isotherme","gender":"阳性"}],"note":"常用表达；词形、主语和时态需随语境变化。","category":"priority-common-2026-10-04","source":"词伴常用词与短语整理（AI）","license":"GPL-3.0-or-later","review":"未独立法语编辑校审"}
保鲜盒#bao xian he	{"word":"保鲜盒","pinyin":"bao xian he","short":["la boîte de conservation"],"senses":[{"text":"la boîte de conservation","pos":"名词","article":"la","lemma":"boîte de conservation","gender":"阴性"}],"note":"常用表达；词形、主语和时态需随语境变化。","category":"priority-common-2026-10-04","source":"词伴常用词与短语整理（AI）","license":"GPL-3.0-or-later","review":"未独立法语编辑校审"}
保鲜膜#bao xian mo	{"word":"保鲜膜","pinyin":"bao xian mo","short":["le film alimentaire"],"senses":[{"text":"le film alimentaire","pos":"名词","article":"le","lemma":"film alimentaire","gender":"阳性"}],"note":"常用表达；词形、主语和时态需随语境变化。","category":"priority-common-2026-10-04","source":"词伴常用词与短语整理（AI）","license":"GPL-3.0-or-later","review":"未独立法语编辑校审"}
保鲜袋#bao xian dai	{"word":"保鲜袋","pinyin":"bao xian dai","short":["le sachet de conservation"],"senses":[{"text":"le sachet de conservation","pos":"名词","article":"le","lemma":"sachet de conservation","gender":"阳性"}],"note":"常用表达；词形、主语和时态需随语境变化。","category":"priority-common-2026-10-04","source":"词伴常用词与短语整理（AI）","license":"GPL-3.0-or-later","review":"未独立法语编辑校审"}
信用卡#xin yong ka	{"word":"信用卡","pinyin":"xin yong ka","short":["la carte bancaire"],"senses":[{"text":"la carte bancaire","pos":"名词","gender":"阴性","lemma":"carte bancaire","article":"la"}],"note":"常用译法，词形和具体含义需随语境调整。","source":"词伴常用词与短语整理（AI）","license":"GPL-3.0-or-later","review":"未独立法语编辑校审"}
值班#zhi ban	{"word":"值班","pinyin":"zhi ban","short":["être de permanence"],"senses":[{"text":"être de permanence","pos":"动词 / 动词短语","lemma":"être de permanence"}],"note":"常用表达；词形、主语和时态需随语境变化。","category":"priority-common-2026-10-04","source":"词伴常用词与短语整理（AI）","license":"GPL-3.0-or-later","review":"未独立法语编辑校审"}
假的#jia de	{"word":"假的","pinyin":"jia de","short":["faux","fausse"],"senses":[{"text":"faux","pos":"形容词"},{"text":"fausse","pos":"形容词"}],"note":"常用表达；词形、主语和时态需随语境变化。","category":"priority-common-2026-10-04","source":"词伴常用词与短语整理（AI）","license":"GPL-3.0-or-later","review":"未独立法语编辑校审"}
做个#zuo ge	{"word":"做个","pinyin":"zuo ge","short":["faire un…"],"senses":[{"text":"faire un…","pos":"动词 / 动词短语","lemma":"faire un…"}],"note":"需接具体对象。","category":"priority-common-2026-10-04","source":"词伴常用词与短语整理（AI）","license":"GPL-3.0-or-later","review":"未独立法语编辑校审"}
做了#zuo le	{"word":"做了","pinyin":"zuo le","short":["avoir fait"],"senses":[{"text":"avoir fait","pos":"动词 / 动词短语","lemma":"avoir fait"}],"note":"常用表达；词形、主语和时态需随语境变化。","category":"priority-common-2026-10-04","source":"词伴常用词与短语整理（AI）","license":"GPL-3.0-or-later","review":"未独立法语编辑校审"}
做什么#zuo shen me	{"word":"做什么","pinyin":"zuo shen me","short":["que faire ?"],"senses":[{"text":"que faire ?","pos":"短语"}],"note":"常用表达；词形、主语和时态需随语境变化。","category":"priority-common-2026-10-04","source":"词伴常用词与短语整理（AI）","license":"GPL-3.0-or-later","review":"未独立法语编辑校审"}
做好#zuo hao	{"word":"做好","pinyin":"zuo hao","short":["bien faire","préparer"],"senses":[{"text":"bien faire","pos":"动词 / 动词短语","lemma":"bien faire"},{"text":"préparer","pos":"动词 / 动词短语","lemma":"préparer"}],"note":"需结合“做好某事/准备好”选择。","category":"priority-common-2026-10-04","source":"词伴常用词与短语整理（AI）","license":"GPL-3.0-or-later","review":"未独立法语编辑校审"}
做的#zuo de	{"word":"做的","pinyin":"zuo de","short":["ce qui est fait"],"senses":[{"text":"ce qui est fait","pos":"短语"}],"note":"常用表达；词形、主语和时态需随语境变化。","category":"priority-common-2026-10-04","source":"词伴常用词与短语整理（AI）","license":"GPL-3.0-or-later","review":"未独立法语编辑校审"}
停车位#ting che wei	{"word":"停车位","pinyin":"ting che wei","short":["la place de parking"],"senses":[{"text":"la place de parking","pos":"名词","article":"la","lemma":"place de parking","gender":"阴性"}],"note":"常用表达；词形、主语和时态需随语境变化。","category":"priority-common-2026-10-04","source":"词伴常用词与短语整理（AI）","license":"GPL-3.0-or-later","review":"未独立法语编辑校审"}
停车场#ting che chang	{"word":"停车场","pinyin":"ting che chang","short":["le parking"],"senses":[{"text":"le parking","pos":"名词","article":"le","lemma":"parking","gender":"阳性"}],"note":"常用表达；词形、主语和时态需随语境变化。","category":"priority-common-2026-10-04","source":"词伴常用词与短语整理（AI）","license":"GPL-3.0-or-later","review":"未独立法语编辑校审"}
健康#jian kang	{"word":"健康","pinyin":"jian kang","short":["la santé"],"senses":[{"text":"la santé","pos":"名词","gender":"阴性","lemma":"santé","article":"la"}],"note":"常用译法，词形和具体含义需随语境调整。","source":"词伴常用词与短语整理（AI）","license":"GPL-3.0-or-later","review":"未独立法语编辑校审"}
偶遇#ou yu	{"word":"偶遇","pinyin":"ou yu","short":["rencontrer par hasard"],"senses":[{"text":"rencontrer par hasard","pos":"动词 / 动词短语","lemma":"rencontrer par hasard"}],"note":"常用表达；词形、主语和时态需随语境变化。","category":"priority-common-2026-10-04","source":"词伴常用词与短语整理（AI）","license":"GPL-3.0-or-later","review":"未独立法语编辑校审"}
像你#xiang ni	{"word":"像你","pinyin":"xiang ni","short":["comme toi"],"senses":[{"text":"comme toi","pos":"短语"}],"note":"常用表达；词形、主语和时态需随语境变化。","category":"priority-common-2026-10-04","source":"词伴常用词与短语整理（AI）","license":"GPL-3.0-or-later","review":"未独立法语编辑校审"}
像我#xiang wo	{"word":"像我","pinyin":"xiang wo","short":["comme moi"],"senses":[{"text":"comme moi","pos":"短语"}],"note":"常用表达；词形、主语和时态需随语境变化。","category":"priority-common-2026-10-04","source":"词伴常用词与短语整理（AI）","license":"GPL-3.0-or-later","review":"未独立法语编辑校审"}
儿子#er zi	{"word":"儿子","pinyin":"er zi","short":["le fils"],"senses":[{"text":"le fils","pos":"名词","gender":"阳性","lemma":"fils","article":"le"}],"note":"常用译法，词形和具体含义需随语境调整。","source":"词伴常用词与短语整理（AI）","license":"GPL-3.0-or-later","review":"未独立法语编辑校审"}
充电器#chong dian qi	{"word":"充电器","pinyin":"chong dian qi","short":["le chargeur"],"senses":[{"text":"le chargeur","pos":"名词","article":"le","lemma":"chargeur","gender":"阳性"}],"note":"常用表达；词形、主语和时态需随语境变化。","category":"priority-common-2026-10-04","source":"词伴常用词与短语整理（AI）","license":"GPL-3.0-or-later","review":"未独立法语编辑校审"}
充电宝#chong dian bao	{"word":"充电宝","pinyin":"chong dian bao","short":["la batterie externe"],"senses":[{"text":"la batterie externe","pos":"名词","article":"la","lemma":"batterie externe","gender":"阴性"}],"note":"常用表达；词形、主语和时态需随语境变化。","category":"priority-common-2026-10-04","source":"词伴常用词与短语整理（AI）","license":"GPL-3.0-or-later","review":"未独立法语编辑校审"}
入住#ru zhu	{"word":"入住","pinyin":"ru zhu","short":["s’enregistrer à l’hôtel"],"senses":[{"text":"s’enregistrer à l’hôtel","pos":"动词 / 动词短语","lemma":"s’enregistrer à l’hôtel"}],"note":"常用表达；词形、主语和时态需随语境变化。","category":"priority-common-2026-10-04","source":"词伴常用词与短语整理（AI）","license":"GPL-3.0-or-later","review":"未独立法语编辑校审"}
入职#ru zhi	{"word":"入职","pinyin":"ru zhi","short":["prendre ses fonctions"],"senses":[{"text":"prendre ses fonctions","pos":"动词 / 动词短语","lemma":"prendre ses fonctions"}],"note":"常用表达；词形、主语和时态需随语境变化。","category":"priority-common-2026-10-04","source":"词伴常用词与短语整理（AI）","license":"GPL-3.0-or-later","review":"未独立法语编辑校审"}
全是#quan shi	{"word":"全是","pinyin":"quan shi","short":["ce sont tous","ce sont toutes"],"senses":[{"text":"ce sont tous","pos":"短语"},{"text":"ce sont toutes","pos":"短语"}],"note":"后面接复数类别，性别取决于所指。","category":"priority-common-2026-10-04","source":"词伴常用词与短语整理（AI）","license":"GPL-3.0-or-later","review":"未独立法语编辑校审"}
八#ba	{"word":"八","pinyin":"ba","short":["huit"],"senses":[{"text":"huit","pos":"数词"}],"note":"常用译法，词形和具体含义需随语境调整。","source":"词伴常用词与短语整理（AI）","license":"GPL-3.0-or-later","review":"未独立法语编辑校审"}
公交卡#gong jiao ka	{"word":"公交卡","pinyin":"gong jiao ka","short":["la carte de transport"],"senses":[{"text":"la carte de transport","pos":"名词","article":"la","lemma":"carte de transport","gender":"阴性"}],"note":"常用表达；词形、主语和时态需随语境变化。","category":"priority-common-2026-10-04","source":"词伴常用词与短语整理（AI）","license":"GPL-3.0-or-later","review":"未独立法语编辑校审"}
公交站#gong jiao zhan	{"word":"公交站","pinyin":"gong jiao zhan","short":["l’arrêt de bus"],"senses":[{"text":"l’arrêt de bus","pos":"名词","article":"l’","lemma":"arrêt de bus"}],"note":"阳性名词。","category":"priority-common-2026-10-04","source":"词伴常用词与短语整理（AI）","license":"GPL-3.0-or-later","review":"未独立法语编辑校审"}
公交车#gong jiao che	{"word":"公交车","pinyin":"gong jiao che","short":["le bus"],"senses":[{"text":"le bus","pos":"名词","gender":"阳性","lemma":"bus","article":"le"}],"note":"常用译法，词形和具体含义需随语境调整。","source":"词伴常用词与短语整理（AI）","license":"GPL-3.0-or-later","review":"未独立法语编辑校审"}
公司#gong si	{"word":"公司","pinyin":"gong si","short":["l'entreprise"],"senses":[{"text":"l'entreprise","pos":"名词","gender":"阴性","lemma":"entreprise","article":"l'"}],"note":"常用译法，词形和具体含义需随语境调整。","source":"词伴常用词与短语整理（AI）","license":"GPL-3.0-or-later","review":"未独立法语编辑校审"}
公转#gong zhuan	{"word":"公转","pinyin":"gong zhuan","short":["la révolution orbitale"],"senses":[{"text":"la révolution orbitale","pos":"名词","article":"la","lemma":"révolution orbitale","gender":"阴性"}],"note":"天文学语境。","category":"priority-common-2026-10-04","source":"词伴常用词与短语整理（AI）","license":"GPL-3.0-or-later","review":"未独立法语编辑校审"}
六#liu	{"word":"六","pinyin":"liu","short":["six"],"senses":[{"text":"six","pos":"数词"}],"note":"常用译法，词形和具体含义需随语境调整。","source":"词伴常用词与短语整理（AI）","license":"GPL-3.0-or-later","review":"未独立法语编辑校审"}
六#lu	{"word":"六","pinyin":"lu","short":["six"],"senses":[{"text":"six","pos":"数词"}],"note":"常用译法，词形和具体含义需随语境调整。","source":"词伴常用词与短语整理（AI）","license":"GPL-3.0-or-later","review":"未独立法语编辑校审"}
六年#liu nian	{"word":"六年","pinyin":"liu nian","short":["six ans"],"senses":[{"text":"six ans","pos":"数词"}],"note":"常用表达；词形、主语和时态需随语境变化。","category":"priority-common-2026-10-04","source":"词伴常用词与短语整理（AI）","license":"GPL-3.0-or-later","review":"未独立法语编辑校审"}
关闭#guan bi	{"word":"关闭","pinyin":"guan bi","short":["fermer"],"senses":[{"text":"fermer","pos":"动词 / 动词短语","lemma":"fermer"}],"note":"常用译法，词形和具体含义需随语境调整。","source":"词伴常用词与短语整理（AI）","license":"GPL-3.0-or-later","review":"未独立法语编辑校审"}
其实我#qi shi wo	{"word":"其实我","pinyin":"qi shi wo","short":["en fait, je…"],"senses":[{"text":"en fait, je…","pos":"短语"}],"note":"需补谓语。","category":"priority-common-2026-10-04","source":"词伴常用词与短语整理（AI）","license":"GPL-3.0-or-later","review":"未独立法语编辑校审"}
其实是#qi shi shi	{"word":"其实是","pinyin":"qi shi shi","short":["en fait, c’est…"],"senses":[{"text":"en fait, c’est…","pos":"短语"}],"note":"需接表语。","category":"priority-common-2026-10-04","source":"词伴常用词与短语整理（AI）","license":"GPL-3.0-or-later","review":"未独立法语编辑校审"}
再去#zai qu	{"word":"再去","pinyin":"zai qu","short":["y retourner"],"senses":[{"text":"y retourner","pos":"动词 / 动词短语","lemma":"y retourner"}],"note":"常用表达；词形、主语和时态需随语境变化。","category":"priority-common-2026-10-04","source":"词伴常用词与短语整理（AI）","license":"GPL-3.0-or-later","review":"未独立法语编辑校审"}
再看#zai kan	{"word":"再看","pinyin":"zai kan","short":["regarder encore"],"senses":[{"text":"regarder encore","pos":"动词 / 动词短语","lemma":"regarder encore"}],"note":"常用表达；词形、主语和时态需随语境变化。","category":"priority-common-2026-10-04","source":"词伴常用词与短语整理（AI）","license":"GPL-3.0-or-later","review":"未独立法语编辑校审"}
再见#zai jian	{"word":"再见","pinyin":"zai jian","short":["au revoir"],"senses":[{"text":"au revoir","pos":"叹词 / 礼貌表达"}],"note":"常用译法，词形和具体含义需随语境调整。","source":"词伴常用词与短语整理（AI）","license":"GPL-3.0-or-later","review":"未独立法语编辑校审"}
写#xie	{"word":"写","pinyin":"xie","short":["écrire"],"senses":[{"text":"écrire","pos":"动词 / 动词短语","lemma":"écrire"}],"note":"常用译法，词形和具体含义需随语境调整。","source":"词伴常用词与短语整理（AI）","license":"GPL-3.0-or-later","review":"未独立法语编辑校审"}
冬天#dong tian	{"word":"冬天","pinyin":"dong tian","short":["l'hiver"],"senses":[{"text":"l'hiver","pos":"名词","gender":"","lemma":"hiver","article":"l'"}],"note":"常用译法，词形和具体含义需随语境调整。","source":"词伴常用词与短语整理（AI）","license":"GPL-3.0-or-later","review":"未独立法语编辑校审"}
决定#jue ding	{"word":"决定","pinyin":"jue ding","short":["décider"],"senses":[{"text":"décider","pos":"动词 / 动词短语","lemma":"décider"}],"note":"常用译法，词形和具体含义需随语境调整。","source":"词伴常用词与短语整理（AI）","license":"GPL-3.0-or-later","review":"未独立法语编辑校审"}
冷#leng	{"word":"冷","pinyin":"leng","short":["froid"],"senses":[{"text":"froid","pos":"形容词"}],"note":"常用译法，词形和具体含义需随语境调整。","source":"词伴常用词与短语整理（AI）","license":"GPL-3.0-or-later","review":"未独立法语编辑校审"}
凉快#liang kuai	{"word":"凉快","pinyin":"liang kuai","short":["frais"],"senses":[{"text":"frais","pos":"形容词"}],"note":"常用译法，词形和具体含义需随语境调整。","source":"词伴常用词与短语整理（AI）","license":"GPL-3.0-or-later","review":"未独立法语编辑校审"}
几号#ji hao	{"word":"几号","pinyin":"ji hao","short":["quelle date ?"],"senses":[{"text":"quelle date ?","pos":"短语"}],"note":"常用表达；词形、主语和时态需随语境变化。","category":"priority-common-2026-10-04","source":"词伴常用词与短语整理（AI）","license":"GPL-3.0-or-later","review":"未独立法语编辑校审"}
出去玩#chu qu wan	{"word":"出去玩","pinyin":"chu qu wan","short":["sortir s’amuser"],"senses":[{"text":"sortir s’amuser","pos":"动词 / 动词短语","lemma":"sortir s’amuser"}],"note":"常用表达；词形、主语和时态需随语境变化。","category":"priority-common-2026-10-04","source":"词伴常用词与短语整理（AI）","license":"GPL-3.0-or-later","review":"未独立法语编辑校审"}
出发#chu fa	{"word":"出发","pinyin":"chu fa","short":["partir"],"senses":[{"text":"partir","pos":"动词 / 动词短语","lemma":"partir"}],"note":"常用译法，词形和具体含义需随语境调整。","source":"词伴常用词与短语整理（AI）","license":"GPL-3.0-or-later","review":"未独立法语编辑校审"}
出差#chu chai	{"word":"出差","pinyin":"chu chai","short":["le déplacement professionnel"],"senses":[{"text":"le déplacement professionnel","pos":"名词","article":"le","lemma":"déplacement professionnel","gender":"阳性"}],"note":"常用表达；词形、主语和时态需随语境变化。","category":"priority-common-2026-10-04","source":"词伴常用词与短语整理（AI）","license":"GPL-3.0-or-later","review":"未独立法语编辑校审"}
出现了#chu xian le	{"word":"出现了","pinyin":"chu xian le","short":["être apparu"],"senses":[{"text":"être apparu","pos":"动词 / 动词短语","lemma":"être apparu"}],"note":"需补主语并按性别加 e。","category":"priority-common-2026-10-04","source":"词伴常用词与短语整理（AI）","license":"GPL-3.0-or-later","review":"未独立法语编辑校审"}
分手了#fen shou le	{"word":"分手了","pinyin":"fen shou le","short":["on a rompu"],"senses":[{"text":"on a rompu","pos":"短语"}],"note":"按“我们分手了”整理。","category":"priority-common-2026-10-04","source":"词伴常用词与短语整理（AI）","license":"GPL-3.0-or-later","review":"未独立法语编辑校审"}
分钟#fen zhong	{"word":"分钟","pinyin":"fen zhong","short":["la minute"],"senses":[{"text":"la minute","pos":"名词","gender":"阴性","lemma":"minute","article":"la"}],"note":"常用译法，词形和具体含义需随语境调整。","source":"词伴常用词与短语整理（AI）","license":"GPL-3.0-or-later","review":"未独立法语编辑校审"}
创可贴#chuang ke tie	{"word":"创可贴","pinyin":"chuang ke tie","short":["le pansement"],"senses":[{"text":"le pansement","pos":"名词","article":"le","lemma":"pansement","gender":"阳性"}],"note":"常用表达；词形、主语和时态需随语境变化。","category":"priority-common-2026-10-04","source":"词伴常用词与短语整理（AI）","license":"GPL-3.0-or-later","review":"未独立法语编辑校审"}
别人的#bie ren de	{"word":"别人的","pinyin":"bie ren de","short":["des autres"],"senses":[{"text":"des autres","pos":"短语"}],"note":"常用表达；词形、主语和时态需随语境变化。","category":"priority-common-2026-10-04","source":"词伴常用词与短语整理（AI）","license":"GPL-3.0-or-later","review":"未独立法语编辑校审"}
别着急#bie zhao ji	{"word":"别着急","pinyin":"bie zhao ji","short":["ne t'inquiète pas"],"senses":[{"text":"ne t'inquiète pas","pos":"会话表达 / 短语"}],"note":"表示不要担心；催促语境也可用 Ne te presse pas。","source":"词伴常用词与短语整理（AI）","license":"GPL-3.0-or-later","review":"未独立法语编辑校审"}
到现在#dao xian zai	{"word":"到现在","pinyin":"dao xian zai","short":["jusqu’à présent"],"senses":[{"text":"jusqu’à présent","pos":"副词"}],"note":"常用表达；词形、主语和时态需随语境变化。","category":"priority-common-2026-10-04","source":"词伴常用词与短语整理（AI）","license":"GPL-3.0-or-later","review":"未独立法语编辑校审"}
到达#dao da	{"word":"到达","pinyin":"dao da","short":["arriver"],"senses":[{"text":"arriver","pos":"动词 / 动词短语","lemma":"arriver"}],"note":"常用译法，词形和具体含义需随语境调整。","source":"词伴常用词与短语整理（AI）","license":"GPL-3.0-or-later","review":"未独立法语编辑校审"}
刷卡#shua ka	{"word":"刷卡","pinyin":"shua ka","short":["payer par carte"],"senses":[{"text":"payer par carte","pos":"会话表达 / 短语"}],"note":"表示使用银行卡付款。","source":"词伴常用词与短语整理（AI）","license":"GPL-3.0-or-later","review":"未独立法语编辑校审"}
剃须刀#ti xu dao	{"word":"剃须刀","pinyin":"ti xu dao","short":["le rasoir"],"senses":[{"text":"le rasoir","pos":"名词","article":"le","lemma":"rasoir","gender":"阳性"}],"note":"常用表达；词形、主语和时态需随语境变化。","category":"priority-common-2026-10-04","source":"词伴常用词与短语整理（AI）","license":"GPL-3.0-or-later","review":"未独立法语编辑校审"}
前台#qian tai	{"word":"前台","pinyin":"qian tai","short":["la réception"],"senses":[{"text":"la réception","pos":"名词","article":"la","lemma":"réception","gender":"阴性"}],"note":"酒店等接待前台。","category":"priority-common-2026-10-04","source":"词伴常用词与短语整理（AI）","license":"GPL-3.0-or-later","review":"未独立法语编辑校审"}
前面#qian mian	{"word":"前面","pinyin":"qian mian","short":["devant"],"senses":[{"text":"devant","pos":"副词"}],"note":"常用译法，词形和具体含义需随语境调整。","source":"词伴常用词与短语整理（AI）","license":"GPL-3.0-or-later","review":"未独立法语编辑校审"}
剪了#jian le	{"word":"剪了","pinyin":"jian le","short":["avoir coupé"],"senses":[{"text":"avoir coupé","pos":"动词 / 动词短语","lemma":"avoir coupé"}],"note":"头发等，需要具体对象。","category":"priority-common-2026-10-04","source":"词伴常用词与短语整理（AI）","license":"GPL-3.0-or-later","review":"未独立法语编辑校审"}
剪贴板#jian tie ban	{"word":"剪贴板","pinyin":"jian tie ban","short":["le presse-papiers"],"senses":[{"text":"le presse-papiers","pos":"名词","article":"le","lemma":"presse-papiers","gender":"阳性"}],"note":"常用表达；词形、主语和时态需随语境变化。","category":"priority-common-2026-10-04","source":"词伴常用词与短语整理（AI）","license":"GPL-3.0-or-later","review":"未独立法语编辑校审"}
办公室#ban gong shi	{"word":"办公室","pinyin":"ban gong shi","short":["le bureau"],"senses":[{"text":"le bureau","pos":"名词","gender":"阳性","lemma":"bureau","article":"le"}],"note":"常用译法，词形和具体含义需随语境调整。","source":"词伴常用词与短语整理（AI）","license":"GPL-3.0-or-later","review":"未独立法语编辑校审"}
加冰#jia bing	{"word":"加冰","pinyin":"jia bing","short":["avec des glaçons"],"senses":[{"text":"avec des glaçons","pos":"短语"}],"note":"常用表达；词形、主语和时态需随语境变化。","category":"priority-common-2026-10-04","source":"词伴常用词与短语整理（AI）","license":"GPL-3.0-or-later","review":"未独立法语编辑校审"}
加拿大#jia na da	{"word":"加拿大","pinyin":"jia na da","short":["le Canada"],"senses":[{"text":"le Canada","pos":"名词","gender":"阳性","lemma":"Canada","article":"le"}],"note":"常用译法，词形和具体含义需随语境调整。","source":"词伴常用词与短语整理（AI）","license":"GPL-3.0-or-later","review":"未独立法语编辑校审"}
加油#jia you	{"word":"加油","pinyin":"jia you","short":["bon courage !"],"senses":[{"text":"bon courage !","pos":"会话表达 / 短语"}],"note":"鼓励他人；比赛助威或加燃料需要不同表达。","source":"词伴常用词与短语整理（AI）","license":"GPL-3.0-or-later","review":"未独立法语编辑校审"}
加油加油#jia you jia you	{"word":"加油加油","pinyin":"jia you jia you","short":["allez, courage !"],"senses":[{"text":"allez, courage !","pos":"短语"}],"note":"常用表达；词形、主语和时态需随语境变化。","category":"priority-common-2026-10-04","source":"词伴常用词与短语整理（AI）","license":"GPL-3.0-or-later","review":"未独立法语编辑校审"}
加油啊#jia you a	{"word":"加油啊","pinyin":"jia you a","short":["allez, courage !"],"senses":[{"text":"allez, courage !","pos":"短语"}],"note":"常用表达；词形、主语和时态需随语境变化。","category":"priority-common-2026-10-04","source":"词伴常用词与短语整理（AI）","license":"GPL-3.0-or-later","review":"未独立法语编辑校审"}
加班#jia ban	{"word":"加班","pinyin":"jia ban","short":["faire des heures supplémentaires"],"senses":[{"text":"faire des heures supplémentaires","pos":"动词 / 动词短语","lemma":"faire des heures supplémentaires"}],"note":"常用表达；词形、主语和时态需随语境变化。","category":"priority-common-2026-10-04","source":"词伴常用词与短语整理（AI）","license":"GPL-3.0-or-later","review":"未独立法语编辑校审"}
动物#dong wu	{"word":"动物","pinyin":"dong wu","short":["l'animal"],"senses":[{"text":"l'animal","pos":"名词","gender":"阳性","lemma":"animal","article":"l'"}],"note":"常用译法，词形和具体含义需随语境调整。","source":"词伴常用词与短语整理（AI）","license":"GPL-3.0-or-later","review":"未独立法语编辑校审"}
努力#nu li	{"word":"努力","pinyin":"nu li","short":["faire des efforts"],"senses":[{"text":"faire des efforts","pos":"动词 / 动词短语","lemma":"faire des efforts"}],"note":"常用译法，词形和具体含义需随语境调整。","source":"词伴常用词与短语整理（AI）","license":"GPL-3.0-or-later","review":"未独立法语编辑校审"}
勺子#shao zi	{"word":"勺子","pinyin":"shao zi","short":["la cuillère"],"senses":[{"text":"la cuillère","pos":"名词","article":"la","lemma":"cuillère","gender":"阴性"}],"note":"常用表达；词形、主语和时态需随语境变化。","category":"priority-common-2026-10-04","source":"词伴常用词与短语整理（AI）","license":"GPL-3.0-or-later","review":"未独立法语编辑校审"}
包子#bao zi	{"word":"包子","pinyin":"bao zi","short":["le bao"],"senses":[{"text":"le bao","pos":"名词","article":"le","lemma":"bao","gender":"阳性"}],"note":"有馅蒸包。","category":"priority-common-2026-10-04","source":"词伴常用词与短语整理（AI）","license":"GPL-3.0-or-later","review":"未独立法语编辑校审"}
包邮#bao you	{"word":"包邮","pinyin":"bao you","short":["livraison gratuite"],"senses":[{"text":"livraison gratuite","pos":"短语"}],"note":"常用表达；词形、主语和时态需随语境变化。","category":"priority-common-2026-10-04","source":"词伴常用词与短语整理（AI）","license":"GPL-3.0-or-later","review":"未独立法语编辑校审"}
北京#bei jing	{"word":"北京","pinyin":"bei jing","short":["Pékin"],"senses":[{"text":"Pékin","pos":"名词","gender":"","lemma":"Pékin","article":""}],"note":"常用译法，词形和具体含义需随语境调整。","source":"词伴常用词与短语整理（AI）","license":"GPL-3.0-or-later","review":"未独立法语编辑校审"}
医生#yi sheng	{"word":"医生","pinyin":"yi sheng","short":["le médecin"],"senses":[{"text":"le médecin","pos":"名词","gender":"阳性","lemma":"médecin","article":"le"}],"note":"常用译法，词形和具体含义需随语境调整。","source":"词伴常用词与短语整理（AI）","license":"GPL-3.0-or-later","review":"未独立法语编辑校审"}
医院#yi yuan	{"word":"医院","pinyin":"yi yuan","short":["l'hôpital"],"senses":[{"text":"l'hôpital","pos":"名词","gender":"阳性","lemma":"hôpital","article":"l'"}],"note":"常用译法，词形和具体含义需随语境调整。","source":"词伴常用词与短语整理（AI）","license":"GPL-3.0-or-later","review":"未独立法语编辑校审"}
十#shi	{"word":"十","pinyin":"shi","short":["dix"],"senses":[{"text":"dix","pos":"数词"}],"note":"常用译法，词形和具体含义需随语境调整。","source":"词伴常用词与短语整理（AI）","license":"GPL-3.0-or-later","review":"未独立法语编辑校审"}
千#qian	{"word":"千","pinyin":"qian","short":["mille"],"senses":[{"text":"mille","pos":"数词"}],"note":"常用译法，词形和具体含义需随语境调整。","source":"词伴常用词与短语整理（AI）","license":"GPL-3.0-or-later","review":"未独立法语编辑校审"}
午餐#wu can	{"word":"午餐","pinyin":"wu can","short":["le déjeuner"],"senses":[{"text":"le déjeuner","pos":"名词","gender":"阳性","lemma":"déjeuner","article":"le"}],"note":"常用译法，词形和具体含义需随语境调整。","source":"词伴常用词与短语整理（AI）","license":"GPL-3.0-or-later","review":"未独立法语编辑校审"}
单人间#dan ren jian	{"word":"单人间","pinyin":"dan ren jian","short":["la chambre individuelle"],"senses":[{"text":"la chambre individuelle","pos":"名词","article":"la","lemma":"chambre individuelle","gender":"阴性"}],"note":"常用表达；词形、主语和时态需随语境变化。","category":"priority-common-2026-10-04","source":"词伴常用词与短语整理（AI）","license":"GPL-3.0-or-later","review":"未独立法语编辑校审"}
单程票#dan cheng piao	{"word":"单程票","pinyin":"dan cheng piao","short":["le billet aller simple"],"senses":[{"text":"le billet aller simple","pos":"名词","article":"le","lemma":"billet aller simple","gender":"阳性"}],"note":"常用表达；词形、主语和时态需随语境变化。","category":"priority-common-2026-10-04","source":"词伴常用词与短语整理（AI）","license":"GPL-3.0-or-later","review":"未独立法语编辑校审"}
单词#dan ci	{"word":"单词","pinyin":"dan ci","short":["le mot"],"senses":[{"text":"le mot","pos":"名词","gender":"阳性","lemma":"mot","article":"le"}],"note":"常用译法，词形和具体含义需随语境调整。","source":"词伴常用词与短语整理（AI）","license":"GPL-3.0-or-later","review":"未独立法语编辑校审"}
卖#mai	{"word":"卖","pinyin":"mai","short":["vendre"],"senses":[{"text":"vendre","pos":"动词 / 动词短语","lemma":"vendre"}],"note":"常用译法，词形和具体含义需随语境调整。","source":"词伴常用词与短语整理（AI）","license":"GPL-3.0-or-later","review":"未独立法语编辑校审"}
卖萌#mai meng	{"word":"卖萌","pinyin":"mai meng","short":["faire le mignon"],"senses":[{"text":"faire le mignon","pos":"动词 / 动词短语","lemma":"faire le mignon"}],"note":"故意做可爱状；女性 faire la mignonne。","category":"priority-common-2026-10-04","source":"词伴常用词与短语整理（AI）","license":"GPL-3.0-or-later","review":"未独立法语编辑校审"}
南瓜#nan gua	{"word":"南瓜","pinyin":"nan gua","short":["la courge"],"senses":[{"text":"la courge","pos":"名词","article":"la","lemma":"courge","gender":"阴性"}],"note":"常用表达；词形、主语和时态需随语境变化。","category":"priority-common-2026-10-04","source":"词伴常用词与短语整理（AI）","license":"GPL-3.0-or-later","review":"未独立法语编辑校审"}
卫生纸#wei sheng zhi	{"word":"卫生纸","pinyin":"wei sheng zhi","short":["le papier toilette"],"senses":[{"text":"le papier toilette","pos":"名词","article":"le","lemma":"papier toilette","gender":"阳性"}],"note":"常用表达；词形、主语和时态需随语境变化。","category":"priority-common-2026-10-04","source":"词伴常用词与短语整理（AI）","license":"GPL-3.0-or-later","review":"未独立法语编辑校审"}
厕所#ce suo	{"word":"厕所","pinyin":"ce suo","short":["les toilettes"],"senses":[{"text":"les toilettes","pos":"名词","gender":"阴性复数","lemma":"toilettes","article":"les"}],"note":"常用译法，词形和具体含义需随语境调整。","source":"词伴常用词与短语整理（AI）","license":"GPL-3.0-or-later","review":"未独立法语编辑校审"}
原来你#yuan lai ni	{"word":"原来你","pinyin":"yuan lai ni","short":["ah, donc tu…"],"senses":[{"text":"ah, donc tu…","pos":"短语"}],"note":"需补谓语。","category":"priority-common-2026-10-04","source":"词伴常用词与短语整理（AI）","license":"GPL-3.0-or-later","review":"未独立法语编辑校审"}
原来是#yuan lai shi	{"word":"原来是","pinyin":"yuan lai shi","short":["ah, c’est donc…"],"senses":[{"text":"ah, c’est donc…","pos":"短语"}],"note":"需接解释内容。","category":"priority-common-2026-10-04","source":"词伴常用词与短语整理（AI）","license":"GPL-3.0-or-later","review":"未独立法语编辑校审"}
厨房#chu fang	{"word":"厨房","pinyin":"chu fang","short":["la cuisine"],"senses":[{"text":"la cuisine","pos":"名词","gender":"阴性","lemma":"cuisine","article":"la"}],"note":"常用译法，词形和具体含义需随语境调整。","source":"词伴常用词与短语整理（AI）","license":"GPL-3.0-or-later","review":"未独立法语编辑校审"}
去#qu	{"word":"去","pinyin":"qu","short":["aller"],"senses":[{"text":"aller","pos":"动词 / 动词短语","lemma":"aller"}],"note":"常用译法，词形和具体含义需随语境调整。","source":"词伴常用词与短语整理（AI）","license":"GPL-3.0-or-later","review":"未独立法语编辑校审"}
去买#qu mai	{"word":"去买","pinyin":"qu mai","short":["aller acheter"],"senses":[{"text":"aller acheter","pos":"动词 / 动词短语","lemma":"aller acheter"}],"note":"常用表达；词形、主语和时态需随语境变化。","category":"priority-common-2026-10-04","source":"词伴常用词与短语整理（AI）","license":"GPL-3.0-or-later","review":"未独立法语编辑校审"}
去了#qu le	{"word":"去了","pinyin":"qu le","short":["être allé / allée"],"senses":[{"text":"être allé / allée","pos":"会话表达 / 短语"}],"note":"常见过去动作；“我去了巴黎”：Je suis allé(e) à Paris.","source":"词伴常用词与短语整理（AI）","license":"GPL-3.0-or-later","review":"未独立法语编辑校审"}
去冰#qu bing	{"word":"去冰","pinyin":"qu bing","short":["sans glaçons"],"senses":[{"text":"sans glaçons","pos":"短语"}],"note":"常用表达；词形、主语和时态需随语境变化。","category":"priority-common-2026-10-04","source":"词伴常用词与短语整理（AI）","license":"GPL-3.0-or-later","review":"未独立法语编辑校审"}
去吃#qu chi	{"word":"去吃","pinyin":"qu chi","short":["aller manger"],"senses":[{"text":"aller manger","pos":"动词 / 动词短语","lemma":"aller manger"}],"note":"常用表达；词形、主语和时态需随语境变化。","category":"priority-common-2026-10-04","source":"词伴常用词与短语整理（AI）","license":"GPL-3.0-or-later","review":"未独立法语编辑校审"}
去吧#qu ba	{"word":"去吧","pinyin":"qu ba","short":["vas-y !"],"senses":[{"text":"vas-y !","pos":"短语"}],"note":"常用表达；词形、主语和时态需随语境变化。","category":"priority-common-2026-10-04","source":"词伴常用词与短语整理（AI）","license":"GPL-3.0-or-later","review":"未独立法语编辑校审"}
去哪#qu na	{"word":"去哪","pinyin":"qu na","short":["où aller ?"],"senses":[{"text":"où aller ?","pos":"短语"}],"note":"常用表达；词形、主语和时态需随语境变化。","category":"priority-common-2026-10-04","source":"词伴常用词与短语整理（AI）","license":"GPL-3.0-or-later","review":"未独立法语编辑校审"}
去哪里#qu na li	{"word":"去哪里","pinyin":"qu na li","short":["où aller ?"],"senses":[{"text":"où aller ?","pos":"短语"}],"note":"常用表达；词形、主语和时态需随语境变化。","category":"priority-common-2026-10-04","source":"词伴常用词与短语整理（AI）","license":"GPL-3.0-or-later","review":"未独立法语编辑校审"}
去啊#qu a	{"word":"去啊","pinyin":"qu a","short":["vas-y !"],"senses":[{"text":"vas-y !","pos":"短语"}],"note":"常用表达；词形、主语和时态需随语境变化。","category":"priority-common-2026-10-04","source":"词伴常用词与短语整理（AI）","license":"GPL-3.0-or-later","review":"未独立法语编辑校审"}
去年#qu nian	{"word":"去年","pinyin":"qu nian","short":["l'année dernière"],"senses":[{"text":"l'année dernière","pos":"名词","gender":"","lemma":"année dernière","article":"l'"}],"note":"常用译法，词形和具体含义需随语境调整。","source":"词伴常用词与短语整理（AI）","license":"GPL-3.0-or-later","review":"未独立法语编辑校审"}
去找#qu zhao	{"word":"去找","pinyin":"qu zhao","short":["aller chercher"],"senses":[{"text":"aller chercher","pos":"动词 / 动词短语","lemma":"aller chercher"}],"note":"常用表达；词形、主语和时态需随语境变化。","category":"priority-common-2026-10-04","source":"词伴常用词与短语整理（AI）","license":"GPL-3.0-or-later","review":"未独立法语编辑校审"}
去机场#qu ji chang	{"word":"去机场","pinyin":"qu ji chang","short":["aller à l'aéroport"],"senses":[{"text":"aller à l'aéroport","pos":"会话表达 / 短语"}],"note":"“我要去机场”：Je voudrais aller à l'aéroport。","source":"词伴常用词与短语整理（AI）","license":"GPL-3.0-or-later","review":"未独立法语编辑校审"}
去玩#qu wan	{"word":"去玩","pinyin":"qu wan","short":["aller s’amuser"],"senses":[{"text":"aller s’amuser","pos":"动词 / 动词短语","lemma":"aller s’amuser"}],"note":"常用表达；词形、主语和时态需随语境变化。","category":"priority-common-2026-10-04","source":"词伴常用词与短语整理（AI）","license":"GPL-3.0-or-later","review":"未独立法语编辑校审"}
去看#qu kan	{"word":"去看","pinyin":"qu kan","short":["aller voir"],"senses":[{"text":"aller voir","pos":"会话表达 / 短语"}],"note":"“去看朋友”：aller voir un ami。","source":"词伴常用词与短语整理（AI）","license":"GPL-3.0-or-later","review":"未独立法语编辑校审"}
去车站#qu che zhan	{"word":"去车站","pinyin":"qu che zhan","short":["aller à la gare"],"senses":[{"text":"aller à la gare","pos":"会话表达 / 短语"}],"note":"火车站用 gare；公交站通常用 arrêt。","source":"词伴常用词与短语整理（AI）","license":"GPL-3.0-or-later","review":"未独立法语编辑校审"}
又不是#you bu shi	{"word":"又不是","pinyin":"you bu shi","short":["ce n’est pourtant pas…"],"senses":[{"text":"ce n’est pourtant pas…","pos":"短语"}],"note":"需接表语。","category":"priority-common-2026-10-04","source":"词伴常用词与短语整理（AI）","license":"GPL-3.0-or-later","review":"未独立法语编辑校审"}
又去#you qu	{"word":"又去","pinyin":"you qu","short":["y aller encore"],"senses":[{"text":"y aller encore","pos":"动词 / 动词短语","lemma":"y aller encore"}],"note":"常用表达；词形、主语和时态需随语境变化。","category":"priority-common-2026-10-04","source":"词伴常用词与短语整理（AI）","license":"GPL-3.0-or-later","review":"未独立法语编辑校审"}
又来#you lai	{"word":"又来","pinyin":"you lai","short":["encore une fois"],"senses":[{"text":"encore une fois","pos":"短语"}],"note":"按“又来这一套”整理；返回需另译。","category":"priority-common-2026-10-04","source":"词伴常用词与短语整理（AI）","license":"GPL-3.0-or-later","review":"未独立法语编辑校审"}
叉子#cha zi	{"word":"叉子","pinyin":"cha zi","short":["la fourchette"],"senses":[{"text":"la fourchette","pos":"名词","article":"la","lemma":"fourchette","gender":"阴性"}],"note":"常用表达；词形、主语和时态需随语境变化。","category":"priority-common-2026-10-04","source":"词伴常用词与短语整理（AI）","license":"GPL-3.0-or-later","review":"未独立法语编辑校审"}
双人间#shuang ren jian	{"word":"双人间","pinyin":"shuang ren jian","short":["la chambre double"],"senses":[{"text":"la chambre double","pos":"名词","article":"la","lemma":"chambre double","gender":"阴性"}],"note":"常用表达；词形、主语和时态需随语境变化。","category":"priority-common-2026-10-04","source":"词伴常用词与短语整理（AI）","license":"GPL-3.0-or-later","review":"未独立法语编辑校审"}
反正我#fan zheng wo	{"word":"反正我","pinyin":"fan zheng wo","short":["de toute façon, je…"],"senses":[{"text":"de toute façon, je…","pos":"短语"}],"note":"需补谓语。","category":"priority-common-2026-10-04","source":"词伴常用词与短语整理（AI）","license":"GPL-3.0-or-later","review":"未独立法语编辑校审"}
发烧#fa shao	{"word":"发烧","pinyin":"fa shao","short":["avoir de la fièvre"],"senses":[{"text":"avoir de la fièvre","pos":"动词 / 动词短语","lemma":"avoir de la fièvre"}],"note":"常用表达；词形、主语和时态需随语境变化。","category":"priority-common-2026-10-04","source":"词伴常用词与短语整理（AI）","license":"GPL-3.0-or-later","review":"未独立法语编辑校审"}
发现了#fa xian le	{"word":"发现了","pinyin":"fa xian le","short":["avoir découvert"],"senses":[{"text":"avoir découvert","pos":"动词 / 动词短语","lemma":"avoir découvert"}],"note":"常用表达；词形、主语和时态需随语境变化。","category":"priority-common-2026-10-04","source":"词伴常用词与短语整理（AI）","license":"GPL-3.0-or-later","review":"未独立法语编辑校审"}
发生了#fa sheng le	{"word":"发生了","pinyin":"fa sheng le","short":["s’être produit"],"senses":[{"text":"s’être produit","pos":"动词 / 动词短语","lemma":"s’être produit"}],"note":"需补主语并按性别加 e。","category":"priority-common-2026-10-04","source":"词伴常用词与短语整理（AI）","license":"GPL-3.0-or-later","review":"未独立法语编辑校审"}
发票#fa piao	{"word":"发票","pinyin":"fa piao","short":["la facture"],"senses":[{"text":"la facture","pos":"名词","article":"la","lemma":"facture","gender":"阴性"}],"note":"常用表达；词形、主语和时态需随语境变化。","category":"priority-common-2026-10-04","source":"词伴常用词与短语整理（AI）","license":"GPL-3.0-or-later","review":"未独立法语编辑校审"}
发邮件#fa you jian	{"word":"发邮件","pinyin":"fa you jian","short":["envoyer un courriel"],"senses":[{"text":"envoyer un courriel","pos":"会话表达 / 短语"}],"note":"也常见 envoyer un e-mail。","source":"词伴常用词与短语整理（AI）","license":"GPL-3.0-or-later","review":"未独立法语编辑校审"}
发音#fa yin	{"word":"发音","pinyin":"fa yin","short":["la prononciation"],"senses":[{"text":"la prononciation","pos":"名词","gender":"阴性","lemma":"prononciation","article":"la"}],"note":"常用译法，词形和具体含义需随语境调整。","source":"词伴常用词与短语整理（AI）","license":"GPL-3.0-or-later","review":"未独立法语编辑校审"}
取件#qu jian	{"word":"取件","pinyin":"qu jian","short":["retirer un colis"],"senses":[{"text":"retirer un colis","pos":"动词 / 动词短语","lemma":"retirer un colis"}],"note":"常用表达；词形、主语和时态需随语境变化。","category":"priority-common-2026-10-04","source":"词伴常用词与短语整理（AI）","license":"GPL-3.0-or-later","review":"未独立法语编辑校审"}
取票#qu piao	{"word":"取票","pinyin":"qu piao","short":["retirer son billet"],"senses":[{"text":"retirer son billet","pos":"动词 / 动词短语","lemma":"retirer son billet"}],"note":"常用表达；词形、主语和时态需随语境变化。","category":"priority-common-2026-10-04","source":"词伴常用词与短语整理（AI）","license":"GPL-3.0-or-later","review":"未独立法语编辑校审"}
变了#bian le	{"word":"变了","pinyin":"bian le","short":["avoir changé"],"senses":[{"text":"avoir changé","pos":"动词 / 动词短语","lemma":"avoir changé"}],"note":"常用表达；词形、主语和时态需随语境变化。","category":"priority-common-2026-10-04","source":"词伴常用词与短语整理（AI）","license":"GPL-3.0-or-later","review":"未独立法语编辑校审"}
口罩#kou zhao	{"word":"口罩","pinyin":"kou zhao","short":["le masque"],"senses":[{"text":"le masque","pos":"名词","article":"le","lemma":"masque","gender":"阳性"}],"note":"常用表达；词形、主语和时态需随语境变化。","category":"priority-common-2026-10-04","source":"词伴常用词与短语整理（AI）","license":"GPL-3.0-or-later","review":"未独立法语编辑校审"}
句子#ju zi	{"word":"句子","pinyin":"ju zi","short":["la phrase"],"senses":[{"text":"la phrase","pos":"名词","gender":"阴性","lemma":"phrase","article":"la"}],"note":"常用译法，词形和具体含义需随语境调整。","source":"词伴常用词与短语整理（AI）","license":"GPL-3.0-or-later","review":"未独立法语编辑校审"}
只会#zhi hui	{"word":"只会","pinyin":"zhi hui","short":["ne savoir que…"],"senses":[{"text":"ne savoir que…","pos":"短语"}],"note":"限定掌握的能力，后接动词。","category":"priority-common-2026-10-04","source":"词伴常用词与短语整理（AI）","license":"GPL-3.0-or-later","review":"未独立法语编辑校审"}
只想#zhi xiang	{"word":"只想","pinyin":"zhi xiang","short":["vouloir seulement…"],"senses":[{"text":"vouloir seulement…","pos":"动词 / 动词短语","lemma":"vouloir seulement…"}],"note":"后接动词。","category":"priority-common-2026-10-04","source":"词伴常用词与短语整理（AI）","license":"GPL-3.0-or-later","review":"未独立法语编辑校审"}
只有我#zhi you wo	{"word":"只有我","pinyin":"zhi you wo","short":["seulement moi"],"senses":[{"text":"seulement moi","pos":"短语"}],"note":"常用表达；词形、主语和时态需随语境变化。","category":"priority-common-2026-10-04","source":"词伴常用词与短语整理（AI）","license":"GPL-3.0-or-later","review":"未独立法语编辑校审"}
叫什么#jiao shen me	{"word":"叫什么","pinyin":"jiao shen me","short":["comment ça s’appelle ?"],"senses":[{"text":"comment ça s’appelle ?","pos":"短语"}],"note":"常用表达；词形、主语和时态需随语境变化。","category":"priority-common-2026-10-04","source":"词伴常用词与短语整理（AI）","license":"GPL-3.0-or-later","review":"未独立法语编辑校审"}
叫你#jiao ni	{"word":"叫你","pinyin":"jiao ni","short":["t’appeler"],"senses":[{"text":"t’appeler","pos":"动词 / 动词短语","lemma":"t’appeler"}],"note":"常用表达；词形、主语和时态需随语境变化。","category":"priority-common-2026-10-04","source":"词伴常用词与短语整理（AI）","license":"GPL-3.0-or-later","review":"未独立法语编辑校审"}
叫我#jiao wo	{"word":"叫我","pinyin":"jiao wo","short":["m’appeler"],"senses":[{"text":"m’appeler","pos":"动词 / 动词短语","lemma":"m’appeler"}],"note":"常用表达；词形、主语和时态需随语境变化。","category":"priority-common-2026-10-04","source":"词伴常用词与短语整理（AI）","license":"GPL-3.0-or-later","review":"未独立法语编辑校审"}
可以了#ke yi le	{"word":"可以了","pinyin":"ke yi le","short":["c’est bon"],"senses":[{"text":"c’est bon","pos":"短语"}],"note":"表示可以了或已经足够。","category":"priority-common-2026-10-04","source":"词伴常用词与短语整理（AI）","license":"GPL-3.0-or-later","review":"未独立法语编辑校审"}
可以可以#ke yi ke yi	{"word":"可以可以","pinyin":"ke yi ke yi","short":["oui, bien sûr"],"senses":[{"text":"oui, bien sûr","pos":"短语"}],"note":"常用表达；词形、主语和时态需随语境变化。","category":"priority-common-2026-10-04","source":"词伴常用词与短语整理（AI）","license":"GPL-3.0-or-later","review":"未独立法语编辑校审"}
可以吃#ke yi chi	{"word":"可以吃","pinyin":"ke yi chi","short":["c’est comestible"],"senses":[{"text":"c’est comestible","pos":"短语"}],"note":"按能食用整理；许可进食需用 on peut manger。","category":"priority-common-2026-10-04","source":"词伴常用词与短语整理（AI）","license":"GPL-3.0-or-later","review":"未独立法语编辑校审"}
可以吗#ke yi ma	{"word":"可以吗","pinyin":"ke yi ma","short":["est-ce possible ?"],"senses":[{"text":"est-ce possible ?","pos":"短语"}],"note":"常用表达；词形、主语和时态需随语境变化。","category":"priority-common-2026-10-04","source":"词伴常用词与短语整理（AI）","license":"GPL-3.0-or-later","review":"未独立法语编辑校审"}
可以啊#ke yi a	{"word":"可以啊","pinyin":"ke yi a","short":["bien sûr"],"senses":[{"text":"bien sûr","pos":"短语"}],"note":"常用表达；词形、主语和时态需随语境变化。","category":"priority-common-2026-10-04","source":"词伴常用词与短语整理（AI）","license":"GPL-3.0-or-later","review":"未独立法语编辑校审"}
可以的#ke yi de	{"word":"可以的","pinyin":"ke yi de","short":["c’est possible"],"senses":[{"text":"c’est possible","pos":"短语"}],"note":"常用表达；词形、主语和时态需随语境变化。","category":"priority-common-2026-10-04","source":"词伴常用词与短语整理（AI）","license":"GPL-3.0-or-later","review":"未独立法语编辑校审"}
可以看#ke yi kan	{"word":"可以看","pinyin":"ke yi kan","short":["pouvoir regarder"],"senses":[{"text":"pouvoir regarder","pos":"动词 / 动词短语","lemma":"pouvoir regarder"}],"note":"常用表达；词形、主语和时态需随语境变化。","category":"priority-common-2026-10-04","source":"词伴常用词与短语整理（AI）","license":"GPL-3.0-or-later","review":"未独立法语编辑校审"}
可怜的#ke lian de	{"word":"可怜的","pinyin":"ke lian de","short":["malheureux","malheureuse"],"senses":[{"text":"malheureux","pos":"形容词"},{"text":"malheureuse","pos":"形容词"}],"note":"指值得同情；需区分 pauvre 的其他含义。","category":"priority-common-2026-10-04","source":"词伴常用词与短语整理（AI）","license":"GPL-3.0-or-later","review":"未独立法语编辑校审"}
可是我#ke shi wo	{"word":"可是我","pinyin":"ke shi wo","short":["mais je…"],"senses":[{"text":"mais je…","pos":"短语"}],"note":"需补谓语。","category":"priority-common-2026-10-04","source":"词伴常用词与短语整理（AI）","license":"GPL-3.0-or-later","review":"未独立法语编辑校审"}
可爱的#ke ai de	{"word":"可爱的","pinyin":"ke ai de","short":["mignon","mignonne"],"senses":[{"text":"mignon","pos":"形容词"},{"text":"mignonne","pos":"形容词"}],"note":"常用表达；词形、主语和时态需随语境变化。","category":"priority-common-2026-10-04","source":"词伴常用词与短语整理（AI）","license":"GPL-3.0-or-later","review":"未独立法语编辑校审"}
可能#ke neng	{"word":"可能","pinyin":"ke neng","short":["peut-être"],"senses":[{"text":"peut-être","pos":"会话表达 / 短语"}],"note":"表示可能性；修饰名词时可用 possible。","source":"词伴常用词与短语整理（AI）","license":"GPL-3.0-or-later","review":"未独立法语编辑校审"}
可能是#ke neng shi	{"word":"可能是","pinyin":"ke neng shi","short":["c’est peut-être…"],"senses":[{"text":"c’est peut-être…","pos":"短语"}],"note":"需接表语。","category":"priority-common-2026-10-04","source":"词伴常用词与短语整理（AI）","license":"GPL-3.0-or-later","review":"未独立法语编辑校审"}
右边#you bian	{"word":"右边","pinyin":"you bian","short":["la droite"],"senses":[{"text":"la droite","pos":"名词","gender":"阴性","lemma":"droite","article":"la"}],"note":"常用译法，词形和具体含义需随语境调整。","source":"词伴常用词与短语整理（AI）","license":"GPL-3.0-or-later","review":"未独立法语编辑校审"}
吃#chi	{"word":"吃","pinyin":"chi","short":["manger"],"senses":[{"text":"manger","pos":"动词 / 动词短语","lemma":"manger"}],"note":"常用译法，词形和具体含义需随语境调整。","source":"词伴常用词与短语整理（AI）","license":"GPL-3.0-or-later","review":"未独立法语编辑校审"}
吃东西#chi dong xi	{"word":"吃东西","pinyin":"chi dong xi","short":["manger quelque chose"],"senses":[{"text":"manger quelque chose","pos":"动词 / 动词短语","lemma":"manger quelque chose"}],"note":"常用表达；词形、主语和时态需随语境变化。","category":"priority-common-2026-10-04","source":"词伴常用词与短语整理（AI）","license":"GPL-3.0-or-later","review":"未独立法语编辑校审"}
吃个#chi ge	{"word":"吃个","pinyin":"chi ge","short":["manger un…"],"senses":[{"text":"manger un…","pos":"动词 / 动词短语","lemma":"manger un…"}],"note":"需接具体食物。","category":"priority-common-2026-10-04","source":"词伴常用词与短语整理（AI）","license":"GPL-3.0-or-later","review":"未独立法语编辑校审"}
吃什么#chi shen me	{"word":"吃什么","pinyin":"chi shen me","short":["que manger ?"],"senses":[{"text":"que manger ?","pos":"短语"}],"note":"常用表达；词形、主语和时态需随语境变化。","category":"priority-common-2026-10-04","source":"词伴常用词与短语整理（AI）","license":"GPL-3.0-or-later","review":"未独立法语编辑校审"}
吃到#chi dao	{"word":"吃到","pinyin":"chi dao","short":["avoir l’occasion de manger"],"senses":[{"text":"avoir l’occasion de manger","pos":"动词 / 动词短语","lemma":"avoir l’occasion de manger"}],"note":"常用表达；词形、主语和时态需随语境变化。","category":"priority-common-2026-10-04","source":"词伴常用词与短语整理（AI）","license":"GPL-3.0-or-later","review":"未独立法语编辑校审"}
吃啊#chi a	{"word":"吃啊","pinyin":"chi a","short":["mange !"],"senses":[{"text":"mange !","pos":"短语"}],"note":"常用表达；词形、主语和时态需随语境变化。","category":"priority-common-2026-10-04","source":"词伴常用词与短语整理（AI）","license":"GPL-3.0-or-later","review":"未独立法语编辑校审"}
吃火锅#chi huo guo	{"word":"吃火锅","pinyin":"chi huo guo","short":["manger une fondue chinoise"],"senses":[{"text":"manger une fondue chinoise","pos":"动词 / 动词短语","lemma":"manger une fondue chinoise"}],"note":"常用表达；词形、主语和时态需随语境变化。","category":"priority-common-2026-10-04","source":"词伴常用词与短语整理（AI）","license":"GPL-3.0-or-later","review":"未独立法语编辑校审"}
吃点#chi dian	{"word":"吃点","pinyin":"chi dian","short":["mange un peu"],"senses":[{"text":"mange un peu","pos":"短语"}],"note":"常用表达；词形、主语和时态需随语境变化。","category":"priority-common-2026-10-04","source":"词伴常用词与短语整理（AI）","license":"GPL-3.0-or-later","review":"未独立法语编辑校审"}
吃的#chi de	{"word":"吃的","pinyin":"chi de","short":["quelque chose à manger"],"senses":[{"text":"quelque chose à manger","pos":"会话表达 / 短语"}],"note":"表示“吃的东西”；作其他句法成分时需完整语境。","source":"词伴常用词与短语整理（AI）","license":"GPL-3.0-or-later","review":"未独立法语编辑校审"}
吃饭#chi fan	{"word":"吃饭","pinyin":"chi fan","short":["manger","prendre un repas"],"senses":[{"text":"manger","pos":"会话表达 / 短语"},{"text":"prendre un repas","pos":"会话表达 / 短语"}],"note":"用于进餐，不限于米饭。","source":"词伴常用词与短语整理（AI）","license":"GPL-3.0-or-later","review":"未独立法语编辑校审"}
同一个#tong yi ge	{"word":"同一个","pinyin":"tong yi ge","short":["le même","la même"],"senses":[{"text":"le même","pos":"短语"},{"text":"la même","pos":"短语"}],"note":"常用表达；词形、主语和时态需随语境变化。","category":"priority-common-2026-10-04","source":"词伴常用词与短语整理（AI）","license":"GPL-3.0-or-later","review":"未独立法语编辑校审"}
同事#tong shi	{"word":"同事","pinyin":"tong shi","short":["le collègue"],"senses":[{"text":"le collègue","pos":"名词","gender":"通性（un / une collègue）","lemma":"collègue","article":"le"}],"note":"常用译法，词形和具体含义需随语境调整。","source":"词伴常用词与短语整理（AI）","license":"GPL-3.0-or-later","review":"未独立法语编辑校审"}
同学#tong xue	{"word":"同学","pinyin":"tong xue","short":["le camarade"],"senses":[{"text":"le camarade","pos":"名词","gender":"阳性","lemma":"camarade","article":"le"}],"note":"常用译法，词形和具体含义需随语境调整。","source":"词伴常用词与短语整理（AI）","license":"GPL-3.0-or-later","review":"未独立法语编辑校审"}
同款#tong kuan	{"word":"同款","pinyin":"tong kuan","short":["du même modèle"],"senses":[{"text":"du même modèle","pos":"形容词"}],"note":"常用表达；词形、主语和时态需随语境变化。","category":"priority-common-2026-10-04","source":"词伴常用词与短语整理（AI）","license":"GPL-3.0-or-later","review":"未独立法语编辑校审"}
后面#hou mian	{"word":"后面","pinyin":"hou mian","short":["derrière"],"senses":[{"text":"derrière","pos":"副词"}],"note":"常用译法，词形和具体含义需随语境调整。","source":"词伴常用词与短语整理（AI）","license":"GPL-3.0-or-later","review":"未独立法语编辑校审"}
吐槽#tu cao	{"word":"吐槽","pinyin":"tu cao","short":["râler","se moquer"],"senses":[{"text":"râler","pos":"动词 / 动词短语","lemma":"râler"},{"text":"se moquer","pos":"动词 / 动词短语","lemma":"se moquer"}],"note":"需结合抱怨或调侃的语境。","category":"priority-common-2026-10-04","source":"词伴常用词与短语整理（AI）","license":"GPL-3.0-or-later","review":"未独立法语编辑校审"}
听#ting	{"word":"听","pinyin":"ting","short":["écouter"],"senses":[{"text":"écouter","pos":"动词 / 动词短语","lemma":"écouter"}],"note":"常用译法，词形和具体含义需随语境调整。","source":"词伴常用词与短语整理（AI）","license":"GPL-3.0-or-later","review":"未独立法语编辑校审"}
听过#ting guo	{"word":"听过","pinyin":"ting guo","short":["avoir déjà entendu"],"senses":[{"text":"avoir déjà entendu","pos":"动词 / 动词短语","lemma":"avoir déjà entendu"}],"note":"常用表达；词形、主语和时态需随语境变化。","category":"priority-common-2026-10-04","source":"词伴常用词与短语整理（AI）","license":"GPL-3.0-or-later","review":"未独立法语编辑校审"}
吹风机#chui feng ji	{"word":"吹风机","pinyin":"chui feng ji","short":["le sèche-cheveux"],"senses":[{"text":"le sèche-cheveux","pos":"名词","article":"le","lemma":"sèche-cheveux","gender":"阳性"}],"note":"常用表达；词形、主语和时态需随语境变化。","category":"priority-common-2026-10-04","source":"词伴常用词与短语整理（AI）","license":"GPL-3.0-or-later","review":"未独立法语编辑校审"}
告诉你#gao su ni	{"word":"告诉你","pinyin":"gao su ni","short":["te dire"],"senses":[{"text":"te dire","pos":"动词 / 动词短语","lemma":"te dire"}],"note":"常用表达；词形、主语和时态需随语境变化。","category":"priority-common-2026-10-04","source":"词伴常用词与短语整理（AI）","license":"GPL-3.0-or-later","review":"未独立法语编辑校审"}
告诉我#gao su wo	{"word":"告诉我","pinyin":"gao su wo","short":["dis-moi"],"senses":[{"text":"dis-moi","pos":"会话表达 / 短语"}],"note":"非正式单数；礼貌或复数用 dites-moi。","source":"词伴常用词与短语整理（AI）","license":"GPL-3.0-or-later","review":"未独立法语编辑校审"}
周末#zhou mo	{"word":"周末","pinyin":"zhou mo","short":["le week-end"],"senses":[{"text":"le week-end","pos":"名词","gender":"阳性","lemma":"week-end","article":"le"}],"note":"常用译法，词形和具体含义需随语境调整。","source":"词伴常用词与短语整理（AI）","license":"GPL-3.0-or-later","review":"未独立法语编辑校审"}
咋了#za le	{"word":"咋了","pinyin":"za le","short":["qu’est-ce qui se passe ?"],"senses":[{"text":"qu’est-ce qui se passe ?","pos":"短语"}],"note":"常用表达；词形、主语和时态需随语境变化。","category":"priority-common-2026-10-04","source":"词伴常用词与短语整理（AI）","license":"GPL-3.0-or-later","review":"未独立法语编辑校审"}
咋办#za ban	{"word":"咋办","pinyin":"za ban","short":["que faire ?"],"senses":[{"text":"que faire ?","pos":"短语"}],"note":"常用表达；词形、主语和时态需随语境变化。","category":"priority-common-2026-10-04","source":"词伴常用词与短语整理（AI）","license":"GPL-3.0-or-later","review":"未独立法语编辑校审"}
咋样#za yang	{"word":"咋样","pinyin":"za yang","short":["comment ça va ?"],"senses":[{"text":"comment ça va ?","pos":"短语"}],"note":"常用表达；词形、主语和时态需随语境变化。","category":"priority-common-2026-10-04","source":"词伴常用词与短语整理（AI）","license":"GPL-3.0-or-later","review":"未独立法语编辑校审"}
和#he	{"word":"和","pinyin":"he","short":["et","avec"],"senses":[{"text":"et","pos":"连词"},{"text":"avec","pos":"介词"}],"note":"连接词或介词；“和谐”的意义不同。","source":"词伴常用词与短语整理（AI）","license":"GPL-3.0-or-later","review":"未独立法语编辑校审"}
和#hu	{"word":"和","pinyin":"hu","short":["gagner au mah-jong"],"senses":[{"text":"gagner au mah-jong","pos":"动词 / 动词短语","lemma":"gagner au mah-jong"}],"note":"麻将用语。","source":"词伴常用词与短语整理（AI）","license":"GPL-3.0-or-later","review":"未独立法语编辑校审"}
和#huo	{"word":"和","pinyin":"huo","short":["mélanger"],"senses":[{"text":"mélanger","pos":"动词 / 动词短语","lemma":"mélanger"}],"note":"常见于和面；具体义随词组变化。","source":"词伴常用词与短语整理（AI）","license":"GPL-3.0-or-later","review":"未独立法语编辑校审"}
和他#he ta	{"word":"和他","pinyin":"he ta","short":["avec lui"],"senses":[{"text":"avec lui","pos":"短语"}],"note":"常用表达；词形、主语和时态需随语境变化。","category":"priority-common-2026-10-04","source":"词伴常用词与短语整理（AI）","license":"GPL-3.0-or-later","review":"未独立法语编辑校审"}
和你#he ni	{"word":"和你","pinyin":"he ni","short":["avec toi"],"senses":[{"text":"avec toi","pos":"会话表达 / 短语"}],"note":"礼貌或复数用 avec vous。","source":"词伴常用词与短语整理（AI）","license":"GPL-3.0-or-later","review":"未独立法语编辑校审"}
和我#he wo	{"word":"和我","pinyin":"he wo","short":["avec moi"],"senses":[{"text":"avec moi","pos":"会话表达 / 短语"}],"note":"根据动词搭配，也可能需要其他介词。","source":"词伴常用词与短语整理（AI）","license":"GPL-3.0-or-later","review":"未独立法语编辑校审"}
咖啡#ka fei	{"word":"咖啡","pinyin":"ka fei","short":["le café"],"senses":[{"text":"le café","pos":"名词","gender":"阳性","lemma":"café","article":"le"}],"note":"常用译法，词形和具体含义需随语境调整。","source":"词伴常用词与短语整理（AI）","license":"GPL-3.0-or-later","review":"未独立法语编辑校审"}
咳嗽#ke sou	{"word":"咳嗽","pinyin":"ke sou","short":["tousser"],"senses":[{"text":"tousser","pos":"动词 / 动词短语","lemma":"tousser"}],"note":"常用表达；词形、主语和时态需随语境变化。","category":"priority-common-2026-10-04","source":"词伴常用词与短语整理（AI）","license":"GPL-3.0-or-later","review":"未独立法语编辑校审"}
哇塞#wa sai	{"word":"哇塞","pinyin":"wa sai","short":["wahou !"],"senses":[{"text":"wahou !","pos":"叹词 / 礼貌表达"}],"note":"常用表达；词形、主语和时态需随语境变化。","category":"priority-common-2026-10-04","source":"词伴常用词与短语整理（AI）","license":"GPL-3.0-or-later","review":"未独立法语编辑校审"}
哎呦#ai you	{"word":"哎呦","pinyin":"ai you","short":["aïe !","oh !"],"senses":[{"text":"aïe !","pos":"叹词 / 礼貌表达"},{"text":"oh !","pos":"叹词 / 礼貌表达"}],"note":"疼痛或惊讶，取决于语境。","category":"priority-common-2026-10-04","source":"词伴常用词与短语整理（AI）","license":"GPL-3.0-or-later","review":"未独立法语编辑校审"}
哥哥#ge ge	{"word":"哥哥","pinyin":"ge ge","short":["le grand frère"],"senses":[{"text":"le grand frère","pos":"名词","gender":"阳性","lemma":"grand frère","article":"le"}],"note":"常用译法，词形和具体含义需随语境调整。","source":"词伴常用词与短语整理（AI）","license":"GPL-3.0-or-later","review":"未独立法语编辑校审"}
哪天#na tian	{"word":"哪天","pinyin":"na tian","short":["quel jour ?"],"senses":[{"text":"quel jour ?","pos":"短语"}],"note":"常用表达；词形、主语和时态需随语境变化。","category":"priority-common-2026-10-04","source":"词伴常用词与短语整理（AI）","license":"GPL-3.0-or-later","review":"未独立法语编辑校审"}
哪有#na you	{"word":"哪有","pinyin":"na you","short":["mais non !"],"senses":[{"text":"mais non !","pos":"短语"}],"note":"口语否认；询问哪里有时需另译。","category":"priority-common-2026-10-04","source":"词伴常用词与短语整理（AI）","license":"GPL-3.0-or-later","review":"未独立法语编辑校审"}
哪里#na li	{"word":"哪里","pinyin":"na li","short":["où"],"senses":[{"text":"où","pos":"副词"}],"note":"常用译法，词形和具体含义需随语境调整。","source":"词伴常用词与短语整理（AI）","license":"GPL-3.0-or-later","review":"未独立法语编辑校审"}
售罄#shou qing	{"word":"售罄","pinyin":"shou qing","short":["épuisé","épuisée"],"senses":[{"text":"épuisé","pos":"短语"},{"text":"épuisée","pos":"短语"}],"note":"随商品名词性别变化。","category":"priority-common-2026-10-04","source":"词伴常用词与短语整理（AI）","license":"GPL-3.0-or-later","review":"未独立法语编辑校审"}
唱歌#chang ge	{"word":"唱歌","pinyin":"chang ge","short":["chanter"],"senses":[{"text":"chanter","pos":"动词 / 动词短语","lemma":"chanter"}],"note":"常用译法，词形和具体含义需随语境调整。","source":"词伴常用词与短语整理（AI）","license":"GPL-3.0-or-later","review":"未独立法语编辑校审"}
商店#shang dian	{"word":"商店","pinyin":"shang dian","short":["le magasin"],"senses":[{"text":"le magasin","pos":"名词","gender":"阳性","lemma":"magasin","article":"le"}],"note":"常用译法，词形和具体含义需随语境调整。","source":"词伴常用词与短语整理（AI）","license":"GPL-3.0-or-later","review":"未独立法语编辑校审"}
啥子#sha zi	{"word":"啥子","pinyin":"sha zi","short":["quoi"],"senses":[{"text":"quoi","pos":"代词"}],"note":"方言“什么”。","category":"priority-common-2026-10-04","source":"词伴常用词与短语整理（AI）","license":"GPL-3.0-or-later","review":"未独立法语编辑校审"}
啥意思#sha yi si	{"word":"啥意思","pinyin":"sha yi si","short":["ça veut dire quoi ?"],"senses":[{"text":"ça veut dire quoi ?","pos":"短语"}],"note":"常用表达；词形、主语和时态需随语境变化。","category":"priority-common-2026-10-04","source":"词伴常用词与短语整理（AI）","license":"GPL-3.0-or-later","review":"未独立法语编辑校审"}
啥时候#sha shi hou	{"word":"啥时候","pinyin":"sha shi hou","short":["quand ?"],"senses":[{"text":"quand ?","pos":"会话表达 / 短语"}],"note":"口语“什么时候”。","source":"词伴常用词与短语整理（AI）","license":"GPL-3.0-or-later","review":"未独立法语编辑校审"}
喜欢#xi huan	{"word":"喜欢","pinyin":"xi huan","short":["aimer"],"senses":[{"text":"aimer","pos":"动词 / 动词短语","lemma":"aimer"}],"note":"常用译法，词形和具体含义需随语境调整。","source":"词伴常用词与短语整理（AI）","license":"GPL-3.0-or-later","review":"未独立法语编辑校审"}
喜欢他#xi huan ta	{"word":"喜欢他","pinyin":"xi huan ta","short":["l’aimer"],"senses":[{"text":"l’aimer","pos":"动词 / 动词短语","lemma":"l’aimer"}],"note":"指男性“他”，上下文确定指代。","category":"priority-common-2026-10-04","source":"词伴常用词与短语整理（AI）","license":"GPL-3.0-or-later","review":"未独立法语编辑校审"}
喜欢你#xi huan ni	{"word":"喜欢你","pinyin":"xi huan ni","short":["je t'aime bien"],"senses":[{"text":"je t'aime bien","pos":"会话表达 / 短语"}],"note":"表达喜欢或好感；爱情的“我爱你”通常用 Je t'aime。","source":"词伴常用词与短语整理（AI）","license":"GPL-3.0-or-later","review":"未独立法语编辑校审"}
喜欢吃#xi huan chi	{"word":"喜欢吃","pinyin":"xi huan chi","short":["aimer manger"],"senses":[{"text":"aimer manger","pos":"动词 / 动词短语","lemma":"aimer manger"}],"note":"常用表达；词形、主语和时态需随语境变化。","category":"priority-common-2026-10-04","source":"词伴常用词与短语整理（AI）","license":"GPL-3.0-or-later","review":"未独立法语编辑校审"}
喜欢我#xi huan wo	{"word":"喜欢我","pinyin":"xi huan wo","short":["m’aimer"],"senses":[{"text":"m’aimer","pos":"动词 / 动词短语","lemma":"m’aimer"}],"note":"常用表达；词形、主语和时态需随语境变化。","category":"priority-common-2026-10-04","source":"词伴常用词与短语整理（AI）","license":"GPL-3.0-or-later","review":"未独立法语编辑校审"}
喝#he	{"word":"喝","pinyin":"he","short":["boire"],"senses":[{"text":"boire","pos":"动词 / 动词短语","lemma":"boire"}],"note":"常用译法，词形和具体含义需随语境调整。","source":"词伴常用词与短语整理（AI）","license":"GPL-3.0-or-later","review":"未独立法语编辑校审"}
喝了#he le	{"word":"喝了","pinyin":"he le","short":["avoir bu"],"senses":[{"text":"avoir bu","pos":"动词 / 动词短语","lemma":"avoir bu"}],"note":"常用表达；词形、主语和时态需随语境变化。","category":"priority-common-2026-10-04","source":"词伴常用词与短语整理（AI）","license":"GPL-3.0-or-later","review":"未独立法语编辑校审"}
嗓子疼#sang zi teng	{"word":"嗓子疼","pinyin":"sang zi teng","short":["avoir mal à la gorge"],"senses":[{"text":"avoir mal à la gorge","pos":"短语"}],"note":"常用表达；词形、主语和时态需随语境变化。","category":"priority-common-2026-10-04","source":"词伴常用词与短语整理（AI）","license":"GPL-3.0-or-later","review":"未独立法语编辑校审"}
嘴#zui	{"word":"嘴","pinyin":"zui","short":["la bouche"],"senses":[{"text":"la bouche","pos":"名词","gender":"阴性","lemma":"bouche","article":"la"}],"note":"常用译法，词形和具体含义需随语境调整。","source":"词伴常用词与短语整理（AI）","license":"GPL-3.0-or-later","review":"未独立法语编辑校审"}
四#si	{"word":"四","pinyin":"si","short":["quatre"],"senses":[{"text":"quatre","pos":"数词"}],"note":"常用译法，词形和具体含义需随语境调整。","source":"词伴常用词与短语整理（AI）","license":"GPL-3.0-or-later","review":"未独立法语编辑校审"}
回去了#hui qu le	{"word":"回去了","pinyin":"hui qu le","short":["est reparti","est repartie"],"senses":[{"text":"est reparti","pos":"短语"},{"text":"est repartie","pos":"短语"}],"note":"需补主语，随性别变化。","category":"priority-common-2026-10-04","source":"词伴常用词与短语整理（AI）","license":"GPL-3.0-or-later","review":"未独立法语编辑校审"}
回复我#hui fu wo	{"word":"回复我","pinyin":"hui fu wo","short":["réponds-moi"],"senses":[{"text":"réponds-moi","pos":"短语"}],"note":"常用表达；词形、主语和时态需随语境变化。","category":"priority-common-2026-10-04","source":"词伴常用词与短语整理（AI）","license":"GPL-3.0-or-later","review":"未独立法语编辑校审"}
回头见#hui tou jian	{"word":"回头见","pinyin":"hui tou jian","short":["à plus tard"],"senses":[{"text":"à plus tard","pos":"会话表达 / 短语"}],"note":"较口语的告别。","source":"词伴常用词与短语整理（AI）","license":"GPL-3.0-or-later","review":"未独立法语编辑校审"}
回学校#hui xue xiao	{"word":"回学校","pinyin":"hui xue xiao","short":["retourner à l’école"],"senses":[{"text":"retourner à l’école","pos":"动词 / 动词短语","lemma":"retourner à l’école"}],"note":"常用表达；词形、主语和时态需随语境变化。","category":"priority-common-2026-10-04","source":"词伴常用词与短语整理（AI）","license":"GPL-3.0-or-later","review":"未独立法语编辑校审"}
回家#hui jia	{"word":"回家","pinyin":"hui jia","short":["rentrer"],"senses":[{"text":"rentrer","pos":"动词 / 动词短语","lemma":"rentrer"}],"note":"常用译法，词形和具体含义需随语境调整。","source":"词伴常用词与短语整理（AI）","license":"GPL-3.0-or-later","review":"未独立法语编辑校审"}
回家了#hui jia le	{"word":"回家了","pinyin":"hui jia le","short":["être rentré / rentrée"],"senses":[{"text":"être rentré / rentrée","pos":"会话表达 / 短语"}],"note":"完成回家动作；“我现在回家了”也可能是 Je rentre。","source":"词伴常用词与短语整理（AI）","license":"GPL-3.0-or-later","review":"未独立法语编辑校审"}
回来了#hui lai le	{"word":"回来了","pinyin":"hui lai le","short":["être revenu / revenue"],"senses":[{"text":"être revenu / revenue","pos":"会话表达 / 短语"}],"note":"“我回来了”：Je suis revenu(e)；回到家常用 rentrer。","source":"词伴常用词与短语整理（AI）","license":"GPL-3.0-or-later","review":"未独立法语编辑校审"}
回答#hui da	{"word":"回答","pinyin":"hui da","short":["répondre"],"senses":[{"text":"répondre","pos":"动词 / 动词短语","lemma":"répondre"}],"note":"常用译法，词形和具体含义需随语境调整。","source":"词伴常用词与短语整理（AI）","license":"GPL-3.0-or-later","review":"未独立法语编辑校审"}
因为#yin wei	{"word":"因为","pinyin":"yin wei","short":["parce que"],"senses":[{"text":"parce que","pos":"连词"}],"note":"常用译法，词形和具体含义需随语境调整。","source":"词伴常用词与短语整理（AI）","license":"GPL-3.0-or-later","review":"未独立法语编辑校审"}
因为你#yin wei ni	{"word":"因为你","pinyin":"yin wei ni","short":["parce que tu…"],"senses":[{"text":"parce que tu…","pos":"短语"}],"note":"需补谓语。","category":"priority-common-2026-10-04","source":"词伴常用词与短语整理（AI）","license":"GPL-3.0-or-later","review":"未独立法语编辑校审"}
因为我#yin wei wo	{"word":"因为我","pinyin":"yin wei wo","short":["parce que je…"],"senses":[{"text":"parce que je…","pos":"短语"}],"note":"需补谓语。","category":"priority-common-2026-10-04","source":"词伴常用词与短语整理（AI）","license":"GPL-3.0-or-later","review":"未独立法语编辑校审"}
困难#kun nan	{"word":"困难","pinyin":"kun nan","short":["difficile"],"senses":[{"text":"difficile","pos":"形容词"}],"note":"常用译法，词形和具体含义需随语境调整。","source":"词伴常用词与短语整理（AI）","license":"GPL-3.0-or-later","review":"未独立法语编辑校审"}
国家#guo jia	{"word":"国家","pinyin":"guo jia","short":["le pays"],"senses":[{"text":"le pays","pos":"名词","gender":"阳性","lemma":"pays","article":"le"}],"note":"常用译法，词形和具体含义需随语境调整。","source":"词伴常用词与短语整理（AI）","license":"GPL-3.0-or-later","review":"未独立法语编辑校审"}
土豪#tu hao	{"word":"土豪","pinyin":"tu hao","short":["un nouveau riche"],"senses":[{"text":"un nouveau riche","pos":"名词","article":"un","lemma":"nouveau riche","gender":"阳性"}],"note":"口语带调侃或贬义；不适合所有“富人”语境。","category":"priority-common-2026-10-04","source":"词伴常用词与短语整理（AI）","license":"GPL-3.0-or-later","review":"未独立法语编辑校审"}
在一起#zai yi qi	{"word":"在一起","pinyin":"zai yi qi","short":["être ensemble"],"senses":[{"text":"être ensemble","pos":"会话表达 / 短语"}],"note":"表示共同相处；恋爱关系也可用 être en couple。","source":"词伴常用词与短语整理（AI）","license":"GPL-3.0-or-later","review":"未独立法语编辑校审"}
在上海#zai shang hai	{"word":"在上海","pinyin":"zai shang hai","short":["à Shanghai"],"senses":[{"text":"à Shanghai","pos":"短语"}],"note":"常用表达；词形、主语和时态需随语境变化。","category":"priority-common-2026-10-04","source":"词伴常用词与短语整理（AI）","license":"GPL-3.0-or-later","review":"未独立法语编辑校审"}
在北京#zai bei jing	{"word":"在北京","pinyin":"zai bei jing","short":["à Pékin"],"senses":[{"text":"à Pékin","pos":"短语"}],"note":"常用表达；词形、主语和时态需随语境变化。","category":"priority-common-2026-10-04","source":"词伴常用词与短语整理（AI）","license":"GPL-3.0-or-later","review":"未独立法语编辑校审"}
在哪#zai na	{"word":"在哪","pinyin":"zai na","short":["où ?"],"senses":[{"text":"où ?","pos":"会话表达 / 短语"}],"note":"“你在哪”：Où es-tu ?","source":"词伴常用词与短语整理（AI）","license":"GPL-3.0-or-later","review":"未独立法语编辑校审"}
在哪儿#zai na er	{"word":"在哪儿","pinyin":"zai na er","short":["où ?"],"senses":[{"text":"où ?","pos":"短语"}],"note":"常用表达；词形、主语和时态需随语境变化。","category":"priority-common-2026-10-04","source":"词伴常用词与短语整理（AI）","license":"GPL-3.0-or-later","review":"未独立法语编辑校审"}
在哪里#zai na li	{"word":"在哪里","pinyin":"zai na li","short":["où ?"],"senses":[{"text":"où ?","pos":"会话表达 / 短语"}],"note":"“车站在哪里”：Où est la gare ?","source":"词伴常用词与短语整理（AI）","license":"GPL-3.0-or-later","review":"未独立法语编辑校审"}
在外面#zai wai mian	{"word":"在外面","pinyin":"zai wai mian","short":["dehors"],"senses":[{"text":"dehors","pos":"短语"}],"note":"常用表达；词形、主语和时态需随语境变化。","category":"priority-common-2026-10-04","source":"词伴常用词与短语整理（AI）","license":"GPL-3.0-or-later","review":"未独立法语编辑校审"}
在学校#zai xue xiao	{"word":"在学校","pinyin":"zai xue xiao","short":["à l’école"],"senses":[{"text":"à l’école","pos":"短语"}],"note":"常用表达；词形、主语和时态需随语境变化。","category":"priority-common-2026-10-04","source":"词伴常用词与短语整理（AI）","license":"GPL-3.0-or-later","review":"未独立法语编辑校审"}
在家里#zai jia li	{"word":"在家里","pinyin":"zai jia li","short":["à la maison"],"senses":[{"text":"à la maison","pos":"短语"}],"note":"常用表达；词形、主语和时态需随语境变化。","category":"priority-common-2026-10-04","source":"词伴常用词与短语整理（AI）","license":"GPL-3.0-or-later","review":"未独立法语编辑校审"}
在看#zai kan	{"word":"在看","pinyin":"zai kan","short":["être en train de regarder"],"senses":[{"text":"être en train de regarder","pos":"动词 / 动词短语","lemma":"être en train de regarder"}],"note":"常用表达；词形、主语和时态需随语境变化。","category":"priority-common-2026-10-04","source":"词伴常用词与短语整理（AI）","license":"GPL-3.0-or-later","review":"未独立法语编辑校审"}
在等#zai deng	{"word":"在等","pinyin":"zai deng","short":["être en train d’attendre"],"senses":[{"text":"être en train d’attendre","pos":"动词 / 动词短语","lemma":"être en train d’attendre"}],"note":"常用表达；词形、主语和时态需随语境变化。","category":"priority-common-2026-10-04","source":"词伴常用词与短语整理（AI）","license":"GPL-3.0-or-later","review":"未独立法语编辑校审"}
在路上#zai lu shang	{"word":"在路上","pinyin":"zai lu shang","short":["en route"],"senses":[{"text":"en route","pos":"短语"}],"note":"常用表达；词形、主语和时态需随语境变化。","category":"priority-common-2026-10-04","source":"词伴常用词与短语整理（AI）","license":"GPL-3.0-or-later","review":"未独立法语编辑校审"}
地#de	{"word":"地","pinyin":"de","short":["particule adverbiale"],"senses":[{"text":"particule adverbiale","pos":"助词 / 语法说明"}],"note":"用于构成状语；法语可用副词或其他结构表达，不逐字翻译。","source":"词伴常用词与短语整理（AI）","license":"GPL-3.0-or-later","review":"未独立法语编辑校审"}
地#di	{"word":"地","pinyin":"di","short":["la terre","le sol"],"senses":[{"text":"la terre","pos":"名词","gender":"阴性","lemma":"terre"},{"text":"le sol","pos":"名词","gender":"阳性","lemma":"sol"}],"note":"地点、土地或地面；terre 与 sol 都需按具体义选择。","source":"词伴常用词与短语整理（AI）","license":"GPL-3.0-or-later","review":"未独立法语编辑校审"}
地址#di zhi	{"word":"地址","pinyin":"di zhi","short":["l'adresse"],"senses":[{"text":"l'adresse","pos":"名词","gender":"阴性","lemma":"adresse","article":"l'"}],"note":"常用译法，词形和具体含义需随语境调整。","source":"词伴常用词与短语整理（AI）","license":"GPL-3.0-or-later","review":"未独立法语编辑校审"}
地铁#di tie	{"word":"地铁","pinyin":"di tie","short":["le métro"],"senses":[{"text":"le métro","pos":"名词","gender":"阳性","lemma":"métro","article":"le"}],"note":"常用译法，词形和具体含义需随语境调整。","source":"词伴常用词与短语整理（AI）","license":"GPL-3.0-or-later","review":"未独立法语编辑校审"}
地铁站#di tie zhan	{"word":"地铁站","pinyin":"di tie zhan","short":["la station de métro"],"senses":[{"text":"la station de métro","pos":"名词","article":"la","lemma":"station de métro","gender":"阴性"}],"note":"常用表达；词形、主语和时态需随语境变化。","category":"priority-common-2026-10-04","source":"词伴常用词与短语整理（AI）","license":"GPL-3.0-or-later","review":"未独立法语编辑校审"}
坏#huai	{"word":"坏","pinyin":"huai","short":["mauvais"],"senses":[{"text":"mauvais","pos":"形容词"}],"note":"常用译法，词形和具体含义需随语境调整。","source":"词伴常用词与短语整理（AI）","license":"GPL-3.0-or-later","review":"未独立法语编辑校审"}
坏#pi	{"word":"坏","pinyin":"pi","short":["mauvais"],"senses":[{"text":"mauvais","pos":"形容词"}],"note":"常用译法，词形和具体含义需随语境调整。","source":"词伴常用词与短语整理（AI）","license":"GPL-3.0-or-later","review":"未独立法语编辑校审"}
坏了#huai le	{"word":"坏了","pinyin":"huai le","short":["en panne"],"senses":[{"text":"en panne","pos":"短语"}],"note":"设备故障；食物变质用 avarié。","category":"priority-common-2026-10-04","source":"词伴常用词与短语整理（AI）","license":"GPL-3.0-or-later","review":"未独立法语编辑校审"}
坐#zuo	{"word":"坐","pinyin":"zuo","short":["s'asseoir"],"senses":[{"text":"s'asseoir","pos":"动词 / 动词短语","lemma":"s'asseoir"}],"note":"常用译法，词形和具体含义需随语境调整。","source":"词伴常用词与短语整理（AI）","license":"GPL-3.0-or-later","review":"未独立法语编辑校审"}
坐等#zuo deng	{"word":"坐等","pinyin":"zuo deng","short":["attendre tranquillement"],"senses":[{"text":"attendre tranquillement","pos":"动词 / 动词短语","lemma":"attendre tranquillement"}],"note":"常用表达；词形、主语和时态需随语境变化。","category":"priority-common-2026-10-04","source":"词伴常用词与短语整理（AI）","license":"GPL-3.0-or-later","review":"未独立法语编辑校审"}
垃圾桶#la ji tong	{"word":"垃圾桶","pinyin":"la ji tong","short":["la poubelle"],"senses":[{"text":"la poubelle","pos":"名词","article":"la","lemma":"poubelle","gender":"阴性"}],"note":"常用表达；词形、主语和时态需随语境变化。","category":"priority-common-2026-10-04","source":"词伴常用词与短语整理（AI）","license":"GPL-3.0-or-later","review":"未独立法语编辑校审"}
垃圾袋#la ji dai	{"word":"垃圾袋","pinyin":"la ji dai","short":["le sac-poubelle"],"senses":[{"text":"le sac-poubelle","pos":"名词","article":"le","lemma":"sac-poubelle","gender":"阳性"}],"note":"常用表达；词形、主语和时态需随语境变化。","category":"priority-common-2026-10-04","source":"词伴常用词与短语整理（AI）","license":"GPL-3.0-or-later","review":"未独立法语编辑校审"}
城市#cheng shi	{"word":"城市","pinyin":"cheng shi","short":["la ville"],"senses":[{"text":"la ville","pos":"名词","gender":"阴性","lemma":"ville","article":"la"}],"note":"常用译法，词形和具体含义需随语境调整。","source":"词伴常用词与短语整理（AI）","license":"GPL-3.0-or-later","review":"未独立法语编辑校审"}
堵车#du che	{"word":"堵车","pinyin":"du che","short":["les embouteillages"],"senses":[{"text":"les embouteillages","pos":"名词","article":"les","lemma":"embouteillages"}],"note":"embouteillage 为阳性。","category":"priority-common-2026-10-04","source":"词伴常用词与短语整理（AI）","license":"GPL-3.0-or-later","review":"未独立法语编辑校审"}
备份#bei fen	{"word":"备份","pinyin":"bei fen","short":["la sauvegarde"],"senses":[{"text":"la sauvegarde","pos":"名词","article":"la","lemma":"sauvegarde","gender":"阴性"}],"note":"常用表达；词形、主语和时态需随语境变化。","category":"priority-common-2026-10-04","source":"词伴常用词与短语整理（AI）","license":"GPL-3.0-or-later","review":"未独立法语编辑校审"}
复习#fu xi	{"word":"复习","pinyin":"fu xi","short":["réviser"],"senses":[{"text":"réviser","pos":"动词 / 动词短语","lemma":"réviser"}],"note":"常用译法，词形和具体含义需随语境调整。","source":"词伴常用词与短语整理（AI）","license":"GPL-3.0-or-later","review":"未独立法语编辑校审"}
复制#fu zhi	{"word":"复制","pinyin":"fu zhi","short":["copier"],"senses":[{"text":"copier","pos":"动词 / 动词短语","lemma":"copier"}],"note":"常用表达；词形、主语和时态需随语境变化。","category":"priority-common-2026-10-04","source":"词伴常用词与短语整理（AI）","license":"GPL-3.0-or-later","review":"未独立法语编辑校审"}
夏令时#xia ling shi	{"word":"夏令时","pinyin":"xia ling shi","short":["l’heure d’été"],"senses":[{"text":"l’heure d’été","pos":"名词","article":"l’","lemma":"heure d’été"}],"note":"heure 为阴性名词。","category":"priority-common-2026-10-04","source":"词伴常用词与短语整理（AI）","license":"GPL-3.0-or-later","review":"未独立法语编辑校审"}
夏天#xia tian	{"word":"夏天","pinyin":"xia tian","short":["l'été"],"senses":[{"text":"l'été","pos":"名词","gender":"阳性","lemma":"été","article":"l'"}],"note":"常用译法，词形和具体含义需随语境调整。","source":"词伴常用词与短语整理（AI）","license":"GPL-3.0-or-later","review":"未独立法语编辑校审"}
外卖#wai mai	{"word":"外卖","pinyin":"wai mai","short":["le repas livré"],"senses":[{"text":"le repas livré","pos":"名词","article":"le","lemma":"repas livré","gender":"阳性"}],"note":"餐饮配送；带走餐食可用 le repas à emporter。","category":"priority-common-2026-10-04","source":"词伴常用词与短语整理（AI）","license":"GPL-3.0-or-later","review":"未独立法语编辑校审"}
多#duo	{"word":"多","pinyin":"duo","short":["beaucoup"],"senses":[{"text":"beaucoup","pos":"副词"}],"note":"常用译法，词形和具体含义需随语境调整。","source":"词伴常用词与短语整理（AI）","license":"GPL-3.0-or-later","review":"未独立法语编辑校审"}
多人#duo ren	{"word":"多人","pinyin":"duo ren","short":["plusieurs personnes"],"senses":[{"text":"plusieurs personnes","pos":"短语"}],"note":"常用表达；词形、主语和时态需随语境变化。","category":"priority-common-2026-10-04","source":"词伴常用词与短语整理（AI）","license":"GPL-3.0-or-later","review":"未独立法语编辑校审"}
多吃#duo chi	{"word":"多吃","pinyin":"duo chi","short":["manger davantage"],"senses":[{"text":"manger davantage","pos":"动词 / 动词短语","lemma":"manger davantage"}],"note":"常用表达；词形、主语和时态需随语境变化。","category":"priority-common-2026-10-04","source":"词伴常用词与短语整理（AI）","license":"GPL-3.0-or-later","review":"未独立法语编辑校审"}
多好#duo hao	{"word":"多好","pinyin":"duo hao","short":["comme c’est bien !"],"senses":[{"text":"comme c’est bien !","pos":"短语"}],"note":"常用表达；词形、主语和时态需随语境变化。","category":"priority-common-2026-10-04","source":"词伴常用词与短语整理（AI）","license":"GPL-3.0-or-later","review":"未独立法语编辑校审"}
多少#duo shao	{"word":"多少","pinyin":"duo shao","short":["combien"],"senses":[{"text":"combien","pos":"副词"}],"note":"常用译法，词形和具体含义需随语境调整。","source":"词伴常用词与短语整理（AI）","license":"GPL-3.0-or-later","review":"未独立法语编辑校审"}
多少钱#duo shao qian	{"word":"多少钱","pinyin":"duo shao qian","short":["combien ça coûte ?"],"senses":[{"text":"combien ça coûte ?","pos":"会话表达 / 短语"}],"note":"询问价格。","source":"词伴常用词与短语整理（AI）","license":"GPL-3.0-or-later","review":"未独立法语编辑校审"}
夜晚#ye wan	{"word":"夜晚","pinyin":"ye wan","short":["la nuit"],"senses":[{"text":"la nuit","pos":"名词","gender":"阴性","lemma":"nuit","article":"la"}],"note":"常用译法，词形和具体含义需随语境调整。","source":"词伴常用词与短语整理（AI）","license":"GPL-3.0-or-later","review":"未独立法语编辑校审"}
够了#gou le	{"word":"够了","pinyin":"gou le","short":["ça suffit"],"senses":[{"text":"ça suffit","pos":"短语"}],"note":"常用表达；词形、主语和时态需随语境变化。","category":"priority-common-2026-10-04","source":"词伴常用词与短语整理（AI）","license":"GPL-3.0-or-later","review":"未独立法语编辑校审"}
大#da	{"word":"大","pinyin":"da","short":["grand"],"senses":[{"text":"grand","pos":"形容词"}],"note":"常用译法，词形和具体含义需随语境调整。","source":"词伴常用词与短语整理（AI）","license":"GPL-3.0-or-later","review":"未独立法语编辑校审"}
大#dai	{"word":"大","pinyin":"dai","short":["grand"],"senses":[{"text":"grand","pos":"形容词"}],"note":"常用译法，词形和具体含义需随语境调整。","source":"词伴常用词与短语整理（AI）","license":"GPL-3.0-or-later","review":"未独立法语编辑校审"}
大佬#da lao	{"word":"大佬","pinyin":"da lao","short":["un ponte"],"senses":[{"text":"un ponte","pos":"名词","article":"un","lemma":"ponte","gender":"阳性"}],"note":"口语，指有影响力的人；技术达人可说 un expert。","category":"priority-common-2026-10-04","source":"词伴常用词与短语整理（AI）","license":"GPL-3.0-or-later","review":"未独立法语编辑校审"}
大学#da xue	{"word":"大学","pinyin":"da xue","short":["l'université"],"senses":[{"text":"l'université","pos":"名词","gender":"阴性","lemma":"université","article":"l'"}],"note":"常用译法，词形和具体含义需随语境调整。","source":"词伴常用词与短语整理（AI）","license":"GPL-3.0-or-later","review":"未独立法语编辑校审"}
大家#da jia	{"word":"大家","pinyin":"da jia","short":["tout le monde"],"senses":[{"text":"tout le monde","pos":"代词"}],"note":"常用译法，词形和具体含义需随语境调整。","source":"词伴常用词与短语整理（AI）","license":"GPL-3.0-or-later","review":"未独立法语编辑校审"}
大蒜#da suan	{"word":"大蒜","pinyin":"da suan","short":["l’ail"],"senses":[{"text":"l’ail","pos":"名词","article":"l’","lemma":"ail"}],"note":"阳性名词。","category":"priority-common-2026-10-04","source":"词伴常用词与短语整理（AI）","license":"GPL-3.0-or-later","review":"未独立法语编辑校审"}
大长腿#da chang tui	{"word":"大长腿","pinyin":"da chang tui","short":["de longues jambes"],"senses":[{"text":"de longues jambes","pos":"名词","article":"","lemma":"de longues jambes"}],"note":"jambe 为阴性，常用复数。","category":"priority-common-2026-10-04","source":"词伴常用词与短语整理（AI）","license":"GPL-3.0-or-later","review":"未独立法语编辑校审"}
天文台#tian wen tai	{"word":"天文台","pinyin":"tian wen tai","short":["l’observatoire"],"senses":[{"text":"l’observatoire","pos":"名词","article":"l’","lemma":"observatoire"}],"note":"阳性名词。","category":"priority-common-2026-10-04","source":"词伴常用词与短语整理（AI）","license":"GPL-3.0-or-later","review":"未独立法语编辑校审"}
天气#tian qi	{"word":"天气","pinyin":"tian qi","short":["le temps"],"senses":[{"text":"le temps","pos":"名词","gender":"阳性","lemma":"temps","article":"le"}],"note":"常用译法，词形和具体含义需随语境调整。","source":"词伴常用词与短语整理（AI）","license":"GPL-3.0-or-later","review":"未独立法语编辑校审"}
天空#tian kong	{"word":"天空","pinyin":"tian kong","short":["le ciel"],"senses":[{"text":"le ciel","pos":"名词","gender":"阳性","lemma":"ciel","article":"le"}],"note":"常用译法，词形和具体含义需随语境调整。","source":"词伴常用词与短语整理（AI）","license":"GPL-3.0-or-later","review":"未独立法语编辑校审"}
太可爱#tai ke ai	{"word":"太可爱","pinyin":"tai ke ai","short":["trop mignon","trop mignonne"],"senses":[{"text":"trop mignon","pos":"短语"},{"text":"trop mignonne","pos":"短语"}],"note":"口语赞美。","category":"priority-common-2026-10-04","source":"词伴常用词与短语整理（AI）","license":"GPL-3.0-or-later","review":"未独立法语编辑校审"}
太大#tai da	{"word":"太大","pinyin":"tai da","short":["trop grand","trop grande"],"senses":[{"text":"trop grand","pos":"短语"},{"text":"trop grande","pos":"短语"}],"note":"常用表达；词形、主语和时态需随语境变化。","category":"priority-common-2026-10-04","source":"词伴常用词与短语整理（AI）","license":"GPL-3.0-or-later","review":"未独立法语编辑校审"}
太好看#tai hao kan	{"word":"太好看","pinyin":"tai hao kan","short":["c’est magnifique !"],"senses":[{"text":"c’est magnifique !","pos":"短语"}],"note":"常用表达；词形、主语和时态需随语境变化。","category":"priority-common-2026-10-04","source":"词伴常用词与短语整理（AI）","license":"GPL-3.0-or-later","review":"未独立法语编辑校审"}
太累#tai lei	{"word":"太累","pinyin":"tai lei","short":["trop fatigué","trop fatiguée"],"senses":[{"text":"trop fatigué","pos":"短语"},{"text":"trop fatiguée","pos":"短语"}],"note":"常用表达；词形、主语和时态需随语境变化。","category":"priority-common-2026-10-04","source":"词伴常用词与短语整理（AI）","license":"GPL-3.0-or-later","review":"未独立法语编辑校审"}
太美#tai mei	{"word":"太美","pinyin":"tai mei","short":["magnifique"],"senses":[{"text":"magnifique","pos":"短语"}],"note":"常用表达；词形、主语和时态需随语境变化。","category":"priority-common-2026-10-04","source":"词伴常用词与短语整理（AI）","license":"GPL-3.0-or-later","review":"未独立法语编辑校审"}
太贵了#tai gui le	{"word":"太贵了","pinyin":"tai gui le","short":["c'est trop cher"],"senses":[{"text":"c'est trop cher","pos":"会话表达 / 短语"}],"note":"评论价格过高。","source":"词伴常用词与短语整理（AI）","license":"GPL-3.0-or-later","review":"未独立法语编辑校审"}
太阳#tai yang	{"word":"太阳","pinyin":"tai yang","short":["le soleil"],"senses":[{"text":"le soleil","pos":"名词","gender":"阳性","lemma":"soleil","article":"le"}],"note":"常用译法，词形和具体含义需随语境调整。","source":"词伴常用词与短语整理（AI）","license":"GPL-3.0-or-later","review":"未独立法语编辑校审"}
失败#shi bai	{"word":"失败","pinyin":"shi bai","short":["l'échec"],"senses":[{"text":"l'échec","pos":"名词","gender":"阳性","lemma":"échec","article":"l'"}],"note":"常用译法，词形和具体含义需随语境调整。","source":"词伴常用词与短语整理（AI）","license":"GPL-3.0-or-later","review":"未独立法语编辑校审"}
头#tou	{"word":"头","pinyin":"tou","short":["la tête"],"senses":[{"text":"la tête","pos":"名词","gender":"阴性","lemma":"tête","article":"la"}],"note":"常用译法，词形和具体含义需随语境调整。","source":"词伴常用词与短语整理（AI）","license":"GPL-3.0-or-later","review":"未独立法语编辑校审"}
奇葩#qi pa	{"word":"奇葩","pinyin":"qi pa","short":["un drôle de personnage"],"senses":[{"text":"un drôle de personnage","pos":"名词","article":"un","lemma":"drôle de personnage","gender":"阳性"}],"note":"形容古怪的人；花卉或褒义另译。","category":"priority-common-2026-10-04","source":"词伴常用词与短语整理（AI）","license":"GPL-3.0-or-later","review":"未独立法语编辑校审"}
奖金#jiang jin	{"word":"奖金","pinyin":"jiang jin","short":["la prime"],"senses":[{"text":"la prime","pos":"名词","article":"la","lemma":"prime","gender":"阴性"}],"note":"常用表达；词形、主语和时态需随语境变化。","category":"priority-common-2026-10-04","source":"词伴常用词与短语整理（AI）","license":"GPL-3.0-or-later","review":"未独立法语编辑校审"}
女人#nv ren	{"word":"女人","pinyin":"nv ren","short":["la femme"],"senses":[{"text":"la femme","pos":"名词","gender":"阴性","lemma":"femme","article":"la"}],"note":"常用译法，词形和具体含义需随语境调整。","source":"词伴常用词与短语整理（AI）","license":"GPL-3.0-or-later","review":"未独立法语编辑校审"}
女儿#nv er	{"word":"女儿","pinyin":"nv er","short":["la fille"],"senses":[{"text":"la fille","pos":"名词","gender":"阴性","lemma":"fille","article":"la"}],"note":"常用译法，词形和具体含义需随语境调整。","source":"词伴常用词与短语整理（AI）","license":"GPL-3.0-or-later","review":"未独立法语编辑校审"}
奶酪#nai lao	{"word":"奶酪","pinyin":"nai lao","short":["le fromage"],"senses":[{"text":"le fromage","pos":"名词","article":"le","lemma":"fromage","gender":"阳性"}],"note":"常用表达；词形、主语和时态需随语境变化。","category":"priority-common-2026-10-04","source":"词伴常用词与短语整理（AI）","license":"GPL-3.0-or-later","review":"未独立法语编辑校审"}
她#ta	{"word":"她","pinyin":"ta","short":["elle"],"senses":[{"text":"elle","pos":"代词"}],"note":"常用译法，词形和具体含义需随语境调整。","source":"词伴常用词与短语整理（AI）","license":"GPL-3.0-or-later","review":"未独立法语编辑校审"}
她们#ta men	{"word":"她们","pinyin":"ta men","short":["elles"],"senses":[{"text":"elles","pos":"代词"}],"note":"常用译法，词形和具体含义需随语境调整。","source":"词伴常用词与短语整理（AI）","license":"GPL-3.0-or-later","review":"未独立法语编辑校审"}
她是#ta shi	{"word":"她是","pinyin":"ta shi","short":["elle est…"],"senses":[{"text":"elle est…","pos":"短语"}],"note":"需接表语。","category":"priority-common-2026-10-04","source":"词伴常用词与短语整理（AI）","license":"GPL-3.0-or-later","review":"未独立法语编辑校审"}
她说#ta shuo	{"word":"她说","pinyin":"ta shuo","short":["elle dit…"],"senses":[{"text":"elle dit…","pos":"短语"}],"note":"需接话语。","category":"priority-common-2026-10-04","source":"词伴常用词与短语整理（AI）","license":"GPL-3.0-or-later","review":"未独立法语编辑校审"}
好#hao	{"word":"好","pinyin":"hao","short":["bon","aimer"],"senses":[{"text":"bon","pos":"形容词"},{"text":"aimer","pos":"动词 / 动词短语","lemma":"aimer"}],"note":"hao3 常用 bon / bien，hao4 常表示喜好；无声调输入须结合词组。","source":"词伴常用词与短语整理（AI）","license":"GPL-3.0-or-later","review":"未独立法语编辑校审"}
好么#hao me	{"word":"好么","pinyin":"hao me","short":["d’accord ?"],"senses":[{"text":"d’accord ?","pos":"短语"}],"note":"常用表达；词形、主语和时态需随语境变化。","category":"priority-common-2026-10-04","source":"词伴常用词与短语整理（AI）","license":"GPL-3.0-or-later","review":"未独立法语编辑校审"}
好人#hao ren	{"word":"好人","pinyin":"hao ren","short":["une bonne personne"],"senses":[{"text":"une bonne personne","pos":"名词","article":"une","lemma":"bonne personne","gender":"阴性"}],"note":"常用表达；词形、主语和时态需随语境变化。","category":"priority-common-2026-10-04","source":"词伴常用词与短语整理（AI）","license":"GPL-3.0-or-later","review":"未独立法语编辑校审"}
好像是#hao xiang shi	{"word":"好像是","pinyin":"hao xiang shi","short":["il semble que oui"],"senses":[{"text":"il semble que oui","pos":"短语"}],"note":"常用表达；词形、主语和时态需随语境变化。","category":"priority-common-2026-10-04","source":"词伴常用词与短语整理（AI）","license":"GPL-3.0-or-later","review":"未独立法语编辑校审"}
好吃#hao chi	{"word":"好吃","pinyin":"hao chi","short":["délicieux"],"senses":[{"text":"délicieux","pos":"形容词"}],"note":"常用译法，词形和具体含义需随语境调整。","source":"词伴常用词与短语整理（AI）","license":"GPL-3.0-or-later","review":"未独立法语编辑校审"}
好吃的#hao chi de	{"word":"好吃的","pinyin":"hao chi de","short":["quelque chose de bon à manger"],"senses":[{"text":"quelque chose de bon à manger","pos":"短语"}],"note":"常用表达；词形、主语和时态需随语境变化。","category":"priority-common-2026-10-04","source":"词伴常用词与短语整理（AI）","license":"GPL-3.0-or-later","review":"未独立法语编辑校审"}
好呀#hao ya	{"word":"好呀","pinyin":"hao ya","short":["d’accord !"],"senses":[{"text":"d’accord !","pos":"短语"}],"note":"常用表达；词形、主语和时态需随语境变化。","category":"priority-common-2026-10-04","source":"词伴常用词与短语整理（AI）","license":"GPL-3.0-or-later","review":"未独立法语编辑校审"}
好呢#hao ne	{"word":"好呢","pinyin":"hao ne","short":["d’accord"],"senses":[{"text":"d’accord","pos":"短语"}],"note":"常用表达；词形、主语和时态需随语境变化。","category":"priority-common-2026-10-04","source":"词伴常用词与短语整理（AI）","license":"GPL-3.0-or-later","review":"未独立法语编辑校审"}
好哒#hao da	{"word":"好哒","pinyin":"hao da","short":["d’accord"],"senses":[{"text":"d’accord","pos":"短语"}],"note":"轻松口语。","category":"priority-common-2026-10-04","source":"词伴常用词与短语整理（AI）","license":"GPL-3.0-or-later","review":"未独立法语编辑校审"}
好喜欢#hao xi huan	{"word":"好喜欢","pinyin":"hao xi huan","short":["vraiment aimer"],"senses":[{"text":"vraiment aimer","pos":"动词 / 动词短语","lemma":"vraiment aimer"}],"note":"常用表达；词形、主语和时态需随语境变化。","category":"priority-common-2026-10-04","source":"词伴常用词与短语整理（AI）","license":"GPL-3.0-or-later","review":"未独立法语编辑校审"}
好嘛#hao ma	{"word":"好嘛","pinyin":"hao ma","short":["d’accord"],"senses":[{"text":"d’accord","pos":"短语"}],"note":"表示答应；撒娇或反问时语气不同。","category":"priority-common-2026-10-04","source":"词伴常用词与短语整理（AI）","license":"GPL-3.0-or-later","review":"未独立法语编辑校审"}
好多人#hao duo ren	{"word":"好多人","pinyin":"hao duo ren","short":["beaucoup de monde"],"senses":[{"text":"beaucoup de monde","pos":"短语"}],"note":"常用表达；词形、主语和时态需随语境变化。","category":"priority-common-2026-10-04","source":"词伴常用词与短语整理（AI）","license":"GPL-3.0-or-later","review":"未独立法语编辑校审"}
好大#hao da	{"word":"好大","pinyin":"hao da","short":["que c’est grand !"],"senses":[{"text":"que c’est grand !","pos":"短语"}],"note":"常用表达；词形、主语和时态需随语境变化。","category":"priority-common-2026-10-04","source":"词伴常用词与短语整理（AI）","license":"GPL-3.0-or-later","review":"未独立法语编辑校审"}
好好休息#hao hao xiu xi	{"word":"好好休息","pinyin":"hao hao xiu xi","short":["repose-toi bien"],"senses":[{"text":"repose-toi bien","pos":"短语"}],"note":"常用表达；词形、主语和时态需随语境变化。","category":"priority-common-2026-10-04","source":"词伴常用词与短语整理（AI）","license":"GPL-3.0-or-later","review":"未独立法语编辑校审"}
好好看#hao hao kan	{"word":"好好看","pinyin":"hao hao kan","short":["c’est vraiment joli"],"senses":[{"text":"c’est vraiment joli","pos":"短语"}],"note":"也可指“仔细看”，此处为外观赞美。","category":"priority-common-2026-10-04","source":"词伴常用词与短语整理（AI）","license":"GPL-3.0-or-later","review":"未独立法语编辑校审"}
好帅#hao shuai	{"word":"好帅","pinyin":"hao shuai","short":["qu’il est beau !"],"senses":[{"text":"qu’il est beau !","pos":"短语"}],"note":"男性外貌赞美。","category":"priority-common-2026-10-04","source":"词伴常用词与短语整理（AI）","license":"GPL-3.0-or-later","review":"未独立法语编辑校审"}
好幸福#hao xing fu	{"word":"好幸福","pinyin":"hao xing fu","short":["tellement heureux","tellement heureuse"],"senses":[{"text":"tellement heureux","pos":"短语"},{"text":"tellement heureuse","pos":"短语"}],"note":"常用表达；词形、主语和时态需随语境变化。","category":"priority-common-2026-10-04","source":"词伴常用词与短语整理（AI）","license":"GPL-3.0-or-later","review":"未独立法语编辑校审"}
好开心#hao kai xin	{"word":"好开心","pinyin":"hao kai xin","short":["quelle joie !"],"senses":[{"text":"quelle joie !","pos":"短语"}],"note":"常用表达；词形、主语和时态需随语境变化。","category":"priority-common-2026-10-04","source":"词伴常用词与短语整理（AI）","license":"GPL-3.0-or-later","review":"未独立法语编辑校审"}
好快#hao kuai	{"word":"好快","pinyin":"hao kuai","short":["que c’est rapide !"],"senses":[{"text":"que c’est rapide !","pos":"短语"}],"note":"常用表达；词形、主语和时态需随语境变化。","category":"priority-common-2026-10-04","source":"词伴常用词与短语整理（AI）","license":"GPL-3.0-or-later","review":"未独立法语编辑校审"}
好朋友#hao peng you	{"word":"好朋友","pinyin":"hao peng you","short":["un bon ami"],"senses":[{"text":"un bon ami","pos":"名词","article":"un","lemma":"bon ami","gender":"阳性"}],"note":"女性 une bonne amie。","category":"priority-common-2026-10-04","source":"词伴常用词与短语整理（AI）","license":"GPL-3.0-or-later","review":"未独立法语编辑校审"}
好滴#hao di	{"word":"好滴","pinyin":"hao di","short":["d’accord"],"senses":[{"text":"d’accord","pos":"短语"}],"note":"轻松口语。","category":"priority-common-2026-10-04","source":"词伴常用词与短语整理（AI）","license":"GPL-3.0-or-later","review":"未独立法语编辑校审"}
好漂亮#hao piao liang	{"word":"好漂亮","pinyin":"hao piao liang","short":["que c’est joli !"],"senses":[{"text":"que c’est joli !","pos":"短语"}],"note":"常用表达；词形、主语和时态需随语境变化。","category":"priority-common-2026-10-04","source":"词伴常用词与短语整理（AI）","license":"GPL-3.0-or-later","review":"未独立法语编辑校审"}
好点#hao dian	{"word":"好点","pinyin":"hao dian","short":["un peu mieux"],"senses":[{"text":"un peu mieux","pos":"短语"}],"note":"常用表达；词形、主语和时态需随语境变化。","category":"priority-common-2026-10-04","source":"词伴常用词与短语整理（AI）","license":"GPL-3.0-or-later","review":"未独立法语编辑校审"}
好的#hao de	{"word":"好的","pinyin":"hao de","short":["d'accord"],"senses":[{"text":"d'accord","pos":"会话表达 / 短语"}],"note":"表示同意；“好的东西”的“好的”应随名词用 bon / bonne。","source":"词伴常用词与短语整理（AI）","license":"GPL-3.0-or-later","review":"未独立法语编辑校审"}
好看啊#hao kan a	{"word":"好看啊","pinyin":"hao kan a","short":["c’est joli !"],"senses":[{"text":"c’est joli !","pos":"短语"}],"note":"常用表达；词形、主语和时态需随语境变化。","category":"priority-common-2026-10-04","source":"词伴常用词与短语整理（AI）","license":"GPL-3.0-or-later","review":"未独立法语编辑校审"}
好看的#hao kan de	{"word":"好看的","pinyin":"hao kan de","short":["joli","jolie"],"senses":[{"text":"joli","pos":"形容词"},{"text":"jolie","pos":"形容词"}],"note":"常用表达；词形、主语和时态需随语境变化。","category":"priority-common-2026-10-04","source":"词伴常用词与短语整理（AI）","license":"GPL-3.0-or-later","review":"未独立法语编辑校审"}
好累#hao lei	{"word":"好累","pinyin":"hao lei","short":["tellement fatigué","tellement fatiguée"],"senses":[{"text":"tellement fatigué","pos":"短语"},{"text":"tellement fatiguée","pos":"短语"}],"note":"常用表达；词形、主语和时态需随语境变化。","category":"priority-common-2026-10-04","source":"词伴常用词与短语整理（AI）","license":"GPL-3.0-or-later","review":"未独立法语编辑校审"}
好美#hao mei	{"word":"好美","pinyin":"hao mei","short":["que c’est beau !"],"senses":[{"text":"que c’est beau !","pos":"短语"}],"note":"常用表达；词形、主语和时态需随语境变化。","category":"priority-common-2026-10-04","source":"词伴常用词与短语整理（AI）","license":"GPL-3.0-or-later","review":"未独立法语编辑校审"}
好羡慕#hao xian mu	{"word":"好羡慕","pinyin":"hao xian mu","short":["comme je t’envie !"],"senses":[{"text":"comme je t’envie !","pos":"短语"}],"note":"常用表达；词形、主语和时态需随语境变化。","category":"priority-common-2026-10-04","source":"词伴常用词与短语整理（AI）","license":"GPL-3.0-or-later","review":"未独立法语编辑校审"}
如果#ru guo	{"word":"如果","pinyin":"ru guo","short":["si"],"senses":[{"text":"si","pos":"连词"}],"note":"常用译法，词形和具体含义需随语境调整。","source":"词伴常用词与短语整理（AI）","license":"GPL-3.0-or-later","review":"未独立法语编辑校审"}
如果你#ru guo ni	{"word":"如果你","pinyin":"ru guo ni","short":["si tu…"],"senses":[{"text":"si tu…","pos":"短语"}],"note":"需补条件从句。","category":"priority-common-2026-10-04","source":"词伴常用词与短语整理（AI）","license":"GPL-3.0-or-later","review":"未独立法语编辑校审"}
妈妈#ma ma	{"word":"妈妈","pinyin":"ma ma","short":["maman"],"senses":[{"text":"maman","pos":"名词","gender":"","lemma":"maman","article":""}],"note":"常用译法，词形和具体含义需随语境调整。","source":"词伴常用词与短语整理（AI）","license":"GPL-3.0-or-later","review":"未独立法语编辑校审"}
妹妹#mei mei	{"word":"妹妹","pinyin":"mei mei","short":["la petite sœur"],"senses":[{"text":"la petite sœur","pos":"名词","gender":"阴性","lemma":"petite sœur","article":"la"}],"note":"常用译法，词形和具体含义需随语境调整。","source":"词伴常用词与短语整理（AI）","license":"GPL-3.0-or-later","review":"未独立法语编辑校审"}
妹纸#mei zhi	{"word":"妹纸","pinyin":"mei zhi","short":["une fille"],"senses":[{"text":"une fille","pos":"名词","article":"une","lemma":"fille","gender":"阴性"}],"note":"“妹子”的网络写法。","category":"priority-common-2026-10-04","source":"词伴常用词与短语整理（AI）","license":"GPL-3.0-or-later","review":"未独立法语编辑校审"}
妻子#qi zi	{"word":"妻子","pinyin":"qi zi","short":["l'épouse"],"senses":[{"text":"l'épouse","pos":"名词","gender":"阴性","lemma":"épouse","article":"l'"}],"note":"常用译法，词形和具体含义需随语境调整。","source":"词伴常用词与短语整理（AI）","license":"GPL-3.0-or-later","review":"未独立法语编辑校审"}
姐姐#jie jie	{"word":"姐姐","pinyin":"jie jie","short":["la grande sœur"],"senses":[{"text":"la grande sœur","pos":"名词","gender":"阴性","lemma":"grande sœur","article":"la"}],"note":"常用译法，词形和具体含义需随语境调整。","source":"词伴常用词与短语整理（AI）","license":"GPL-3.0-or-later","review":"未独立法语编辑校审"}
姜#jiang	{"word":"姜","pinyin":"jiang","short":["le gingembre"],"senses":[{"text":"le gingembre","pos":"名词","article":"le","lemma":"gingembre","gender":"阳性"}],"note":"烹调用姜；姓氏不适用。","category":"priority-common-2026-10-04","source":"词伴常用词与短语整理（AI）","license":"GPL-3.0-or-later","review":"未独立法语编辑校审"}
学#xue	{"word":"学","pinyin":"xue","short":["apprendre"],"senses":[{"text":"apprendre","pos":"动词 / 动词短语","lemma":"apprendre"}],"note":"常用译法，词形和具体含义需随语境调整。","source":"词伴常用词与短语整理（AI）","license":"GPL-3.0-or-later","review":"未独立法语编辑校审"}
学习#xue xi	{"word":"学习","pinyin":"xue xi","short":["apprendre","étudier"],"senses":[{"text":"apprendre","pos":"动词 / 动词短语","lemma":"apprendre"},{"text":"étudier","pos":"动词 / 动词短语","lemma":"étudier"}],"note":"常用译法，词形和具体含义需随语境调整。","source":"词伴常用词与短语整理（AI）","license":"GPL-3.0-or-later","review":"未独立法语编辑校审"}
学校#xue xiao	{"word":"学校","pinyin":"xue xiao","short":["l'école"],"senses":[{"text":"l'école","pos":"名词","gender":"阴性","lemma":"école","article":"l'"}],"note":"常用译法，词形和具体含义需随语境调整。","source":"词伴常用词与短语整理（AI）","license":"GPL-3.0-or-later","review":"未独立法语编辑校审"}
学生#xue sheng	{"word":"学生","pinyin":"xue sheng","short":["l'élève"],"senses":[{"text":"l'élève","pos":"名词","gender":"通性（un / une élève）","lemma":"élève","article":"l'"}],"note":"常用译法，词形和具体含义需随语境调整。","source":"词伴常用词与短语整理（AI）","license":"GPL-3.0-or-later","review":"未独立法语编辑校审"}
学霸#xue ba	{"word":"学霸","pinyin":"xue ba","short":["un élève brillant"],"senses":[{"text":"un élève brillant","pos":"名词","article":"un","lemma":"élève brillant","gender":"阳性"}],"note":"女性 une élève brillante；也适用于学习出色的人。","category":"priority-common-2026-10-04","source":"词伴常用词与短语整理（AI）","license":"GPL-3.0-or-later","review":"未独立法语编辑校审"}
孩子#hai zi	{"word":"孩子","pinyin":"hai zi","short":["l'enfant"],"senses":[{"text":"l'enfant","pos":"名词","gender":"通性（un / une enfant）","lemma":"enfant","article":"l'"}],"note":"常用译法，词形和具体含义需随语境调整。","source":"词伴常用词与短语整理（AI）","license":"GPL-3.0-or-later","review":"未独立法语编辑校审"}
它是#ta shi	{"word":"它是","pinyin":"ta shi","short":["c’est…"],"senses":[{"text":"c’est…","pos":"短语"}],"note":"需接表语。","category":"priority-common-2026-10-04","source":"词伴常用词与短语整理（AI）","license":"GPL-3.0-or-later","review":"未独立法语编辑校审"}
它的#ta de	{"word":"它的","pinyin":"ta de","short":["son","sa","ses"],"senses":[{"text":"son","pos":"代词"},{"text":"sa","pos":"代词"},{"text":"ses","pos":"代词"}],"note":"随所属名词的性数变化；并非随“它”的性别。","category":"priority-common-2026-10-04","source":"词伴常用词与短语整理（AI）","license":"GPL-3.0-or-later","review":"未独立法语编辑校审"}
安检#an jian	{"word":"安检","pinyin":"an jian","short":["le contrôle de sécurité"],"senses":[{"text":"le contrôle de sécurité","pos":"名词","article":"le","lemma":"contrôle de sécurité","gender":"阳性"}],"note":"常用表达；词形、主语和时态需随语境变化。","category":"priority-common-2026-10-04","source":"词伴常用词与短语整理（AI）","license":"GPL-3.0-or-later","review":"未独立法语编辑校审"}
完成#wan cheng	{"word":"完成","pinyin":"wan cheng","short":["terminer"],"senses":[{"text":"terminer","pos":"动词 / 动词短语","lemma":"terminer"}],"note":"常用译法，词形和具体含义需随语境调整。","source":"词伴常用词与短语整理（AI）","license":"GPL-3.0-or-later","review":"未独立法语编辑校审"}
家#jia	{"word":"家","pinyin":"jia","short":["la maison"],"senses":[{"text":"la maison","pos":"名词","gender":"阴性","lemma":"maison","article":"la"}],"note":"常用译法，词形和具体含义需随语境调整。","source":"词伴常用词与短语整理（AI）","license":"GPL-3.0-or-later","review":"未独立法语编辑校审"}
家#jie	{"word":"家","pinyin":"jie","short":["la maison"],"senses":[{"text":"la maison","pos":"名词","gender":"阴性","lemma":"maison","article":"la"}],"note":"常用译法，词形和具体含义需随语境调整。","source":"词伴常用词与短语整理（AI）","license":"GPL-3.0-or-later","review":"未独立法语编辑校审"}
家庭#jia ting	{"word":"家庭","pinyin":"jia ting","short":["la famille"],"senses":[{"text":"la famille","pos":"名词","gender":"阴性","lemma":"famille","article":"la"}],"note":"常用译法，词形和具体含义需随语境调整。","source":"词伴常用词与短语整理（AI）","license":"GPL-3.0-or-later","review":"未独立法语编辑校审"}
容易#rong yi	{"word":"容易","pinyin":"rong yi","short":["facile"],"senses":[{"text":"facile","pos":"形容词"}],"note":"常用译法，词形和具体含义需随语境调整。","source":"词伴常用词与短语整理（AI）","license":"GPL-3.0-or-later","review":"未独立法语编辑校审"}
寄件人#ji jian ren	{"word":"寄件人","pinyin":"ji jian ren","short":["l’expéditeur"],"senses":[{"text":"l’expéditeur","pos":"名词","article":"l’","lemma":"expéditeur"}],"note":"男性寄件人；女性 l’expéditrice。","category":"priority-common-2026-10-04","source":"词伴常用词与短语整理（AI）","license":"GPL-3.0-or-later","review":"未独立法语编辑校审"}
密码#mi ma	{"word":"密码","pinyin":"mi ma","short":["le mot de passe"],"senses":[{"text":"le mot de passe","pos":"名词","article":"le","lemma":"mot de passe","gender":"阳性"}],"note":"常用表达；词形、主语和时态需随语境变化。","category":"priority-common-2026-10-04","source":"词伴常用词与短语整理（AI）","license":"GPL-3.0-or-later","review":"未独立法语编辑校审"}
对不起#dui bu qi	{"word":"对不起","pinyin":"dui bu qi","short":["pardon"],"senses":[{"text":"pardon","pos":"叹词 / 礼貌表达"}],"note":"常用译法，词形和具体含义需随语境调整。","source":"词伴常用词与短语整理（AI）","license":"GPL-3.0-or-later","review":"未独立法语编辑校审"}
对他#dui ta	{"word":"对他","pinyin":"dui ta","short":["envers lui"],"senses":[{"text":"envers lui","pos":"短语"}],"note":"常用表达；词形、主语和时态需随语境变化。","category":"priority-common-2026-10-04","source":"词伴常用词与短语整理（AI）","license":"GPL-3.0-or-later","review":"未独立法语编辑校审"}
对你#dui ni	{"word":"对你","pinyin":"dui ni","short":["envers toi"],"senses":[{"text":"envers toi","pos":"短语"}],"note":"常用表达；词形、主语和时态需随语境变化。","category":"priority-common-2026-10-04","source":"词伴常用词与短语整理（AI）","license":"GPL-3.0-or-later","review":"未独立法语编辑校审"}
对呀#dui ya	{"word":"对呀","pinyin":"dui ya","short":["ouais, c’est ça"],"senses":[{"text":"ouais, c’est ça","pos":"短语"}],"note":"非正式口语。","category":"priority-common-2026-10-04","source":"词伴常用词与短语整理（AI）","license":"GPL-3.0-or-later","review":"未独立法语编辑校审"}
对啊#dui a	{"word":"对啊","pinyin":"dui a","short":["oui, c'est vrai"],"senses":[{"text":"oui, c'est vrai","pos":"会话表达 / 短语"}],"note":"表示同意。","source":"词伴常用词与短语整理（AI）","license":"GPL-3.0-or-later","review":"未独立法语编辑校审"}
对我#dui wo	{"word":"对我","pinyin":"dui wo","short":["envers moi"],"senses":[{"text":"envers moi","pos":"短语"}],"note":"表示对我的态度；其他用法需结合句子。","category":"priority-common-2026-10-04","source":"词伴常用词与短语整理（AI）","license":"GPL-3.0-or-later","review":"未独立法语编辑校审"}
对自己#dui zi ji	{"word":"对自己","pinyin":"dui zi ji","short":["envers soi-même"],"senses":[{"text":"envers soi-même","pos":"短语"}],"note":"常用表达；词形、主语和时态需随语境变化。","category":"priority-common-2026-10-04","source":"词伴常用词与短语整理（AI）","license":"GPL-3.0-or-later","review":"未独立法语编辑校审"}
导航#dao hang	{"word":"导航","pinyin":"dao hang","short":["le guidage GPS"],"senses":[{"text":"le guidage GPS","pos":"名词","article":"le","lemma":"guidage GPS","gender":"阳性"}],"note":"道路导航语境。","category":"priority-common-2026-10-04","source":"词伴常用词与短语整理（AI）","license":"GPL-3.0-or-later","review":"未独立法语编辑校审"}
小#xiao	{"word":"小","pinyin":"xiao","short":["petit"],"senses":[{"text":"petit","pos":"形容词"}],"note":"常用译法，词形和具体含义需随语境调整。","source":"词伴常用词与短语整理（AI）","license":"GPL-3.0-or-later","review":"未独立法语编辑校审"}
小仙女#xiao xian nv	{"word":"小仙女","pinyin":"xiao xian nv","short":["une petite fée"],"senses":[{"text":"une petite fée","pos":"名词","article":"une","lemma":"petite fée","gender":"阴性"}],"note":"亲昵称呼或网络赞美，并非现实身份。","category":"priority-common-2026-10-04","source":"词伴常用词与短语整理（AI）","license":"GPL-3.0-or-later","review":"未独立法语编辑校审"}
小伙伴#xiao huo ban	{"word":"小伙伴","pinyin":"xiao huo ban","short":["les copains"],"senses":[{"text":"les copains","pos":"名词","article":"les","lemma":"copains"}],"note":"口语，同伴或朋友；并非固定指儿童。","category":"priority-common-2026-10-04","source":"词伴常用词与短语整理（AI）","license":"GPL-3.0-or-later","review":"未独立法语编辑校审"}
小哥哥#xiao ge ge	{"word":"小哥哥","pinyin":"xiao ge ge","short":["un jeune homme"],"senses":[{"text":"un jeune homme","pos":"名词","article":"un","lemma":"jeune homme","gender":"阳性"}],"note":"中文亲昵称呼，没有固定一对一法语称谓。","category":"priority-common-2026-10-04","source":"词伴常用词与短语整理（AI）","license":"GPL-3.0-or-later","review":"未独立法语编辑校审"}
小心#xiao xin	{"word":"小心","pinyin":"xiao xin","short":["attention !"],"senses":[{"text":"attention !","pos":"会话表达 / 短语"}],"note":"提醒注意。","source":"词伴常用词与短语整理（AI）","license":"GPL-3.0-or-later","review":"未独立法语编辑校审"}
小时#xiao shi	{"word":"小时","pinyin":"xiao shi","short":["l'heure"],"senses":[{"text":"l'heure","pos":"名词","gender":"阴性","lemma":"heure","article":"l'"}],"note":"常用译法，词形和具体含义需随语境调整。","source":"词伴常用词与短语整理（AI）","license":"GPL-3.0-or-later","review":"未独立法语编辑校审"}
少#shao	{"word":"少","pinyin":"shao","short":["peu"],"senses":[{"text":"peu","pos":"副词"}],"note":"常用译法，词形和具体含义需随语境调整。","source":"词伴常用词与短语整理（AI）","license":"GPL-3.0-or-later","review":"未独立法语编辑校审"}
少吃#shao chi	{"word":"少吃","pinyin":"shao chi","short":["manger moins"],"senses":[{"text":"manger moins","pos":"动词 / 动词短语","lemma":"manger moins"}],"note":"常用表达；词形、主语和时态需随语境变化。","category":"priority-common-2026-10-04","source":"词伴常用词与短语整理（AI）","license":"GPL-3.0-or-later","review":"未独立法语编辑校审"}
少糖#shao tang	{"word":"少糖","pinyin":"shao tang","short":["peu sucré"],"senses":[{"text":"peu sucré","pos":"短语"}],"note":"阳性单数形式；阴性 peu sucrée。","category":"priority-common-2026-10-04","source":"词伴常用词与短语整理（AI）","license":"GPL-3.0-or-later","review":"未独立法语编辑校审"}
就去#jiu qu	{"word":"就去","pinyin":"jiu qu","short":["j’y vais tout de suite"],"senses":[{"text":"j’y vais tout de suite","pos":"短语"}],"note":"常用表达；词形、主语和时态需随语境变化。","category":"priority-common-2026-10-04","source":"词伴常用词与短语整理（AI）","license":"GPL-3.0-or-later","review":"未独立法语编辑校审"}
就吃#jiu chi	{"word":"就吃","pinyin":"jiu chi","short":["manger simplement"],"senses":[{"text":"manger simplement","pos":"动词 / 动词短语","lemma":"manger simplement"}],"note":"需结合完整句。","category":"priority-common-2026-10-04","source":"词伴常用词与短语整理（AI）","license":"GPL-3.0-or-later","review":"未独立法语编辑校审"}
就喜欢#jiu xi huan	{"word":"就喜欢","pinyin":"jiu xi huan","short":["aimer tout particulièrement…"],"senses":[{"text":"aimer tout particulièrement…","pos":"动词 / 动词短语","lemma":"aimer tout particulièrement…"}],"note":"后接对象。","category":"priority-common-2026-10-04","source":"词伴常用词与短语整理（AI）","license":"GPL-3.0-or-later","review":"未独立法语编辑校审"}
就够#jiu gou	{"word":"就够","pinyin":"jiu gou","short":["ça suffit"],"senses":[{"text":"ça suffit","pos":"短语"}],"note":"具体“只要某物就够”需完整句。","category":"priority-common-2026-10-04","source":"词伴常用词与短语整理（AI）","license":"GPL-3.0-or-later","review":"未独立法语编辑校审"}
就好#jiu hao	{"word":"就好","pinyin":"jiu hao","short":["ça ira"],"senses":[{"text":"ça ira","pos":"短语"}],"note":"表示这样就好。","category":"priority-common-2026-10-04","source":"词伴常用词与短语整理（AI）","license":"GPL-3.0-or-later","review":"未独立法语编辑校审"}
就得#jiu de	{"word":"就得","pinyin":"jiu de","short":["il faut alors…"],"senses":[{"text":"il faut alors…","pos":"短语"}],"note":"后接行为。","category":"priority-common-2026-10-04","source":"词伴常用词与短语整理（AI）","license":"GPL-3.0-or-later","review":"未独立法语编辑校审"}
就是你#jiu shi ni	{"word":"就是你","pinyin":"jiu shi ni","short":["c’est bien toi"],"senses":[{"text":"c’est bien toi","pos":"短语"}],"note":"常用表达；词形、主语和时态需随语境变化。","category":"priority-common-2026-10-04","source":"词伴常用词与短语整理（AI）","license":"GPL-3.0-or-later","review":"未独立法语编辑校审"}
就是我#jiu shi wo	{"word":"就是我","pinyin":"jiu shi wo","short":["c’est bien moi"],"senses":[{"text":"c’est bien moi","pos":"短语"}],"note":"常用表达；词形、主语和时态需随语境变化。","category":"priority-common-2026-10-04","source":"词伴常用词与短语整理（AI）","license":"GPL-3.0-or-later","review":"未独立法语编辑校审"}
就是这样#jiu shi zhe yang	{"word":"就是这样","pinyin":"jiu shi zhe yang","short":["c’est exactement ça"],"senses":[{"text":"c’est exactement ça","pos":"短语"}],"note":"常用表达；词形、主语和时态需随语境变化。","category":"priority-common-2026-10-04","source":"词伴常用词与短语整理（AI）","license":"GPL-3.0-or-later","review":"未独立法语编辑校审"}
就来#jiu lai	{"word":"就来","pinyin":"jiu lai","short":["j’arrive tout de suite"],"senses":[{"text":"j’arrive tout de suite","pos":"短语"}],"note":"常用表达；词形、主语和时态需随语境变化。","category":"priority-common-2026-10-04","source":"词伴常用词与短语整理（AI）","license":"GPL-3.0-or-later","review":"未独立法语编辑校审"}
就没有#jiu mei you	{"word":"就没有","pinyin":"jiu mei you","short":["il n’y en a donc pas"],"senses":[{"text":"il n’y en a donc pas","pos":"短语"}],"note":"常用表达；词形、主语和时态需随语境变化。","category":"priority-common-2026-10-04","source":"词伴常用词与短语整理（AI）","license":"GPL-3.0-or-later","review":"未独立法语编辑校审"}
就看#jiu kan	{"word":"就看","pinyin":"jiu kan","short":["regarder simplement"],"senses":[{"text":"regarder simplement","pos":"动词 / 动词短语","lemma":"regarder simplement"}],"note":"常用表达；词形、主语和时态需随语境变化。","category":"priority-common-2026-10-04","source":"词伴常用词与短语整理（AI）","license":"GPL-3.0-or-later","review":"未独立法语编辑校审"}
就睡#jiu shui	{"word":"就睡","pinyin":"jiu shui","short":["aller dormir maintenant"],"senses":[{"text":"aller dormir maintenant","pos":"短语"}],"note":"表示这就去睡。","category":"priority-common-2026-10-04","source":"词伴常用词与短语整理（AI）","license":"GPL-3.0-or-later","review":"未独立法语编辑校审"}
就知道#jiu zhi dao	{"word":"就知道","pinyin":"jiu zhi dao","short":["je le savais"],"senses":[{"text":"je le savais","pos":"短语"}],"note":"按“我就知道”口语整理。","category":"priority-common-2026-10-04","source":"词伴常用词与短语整理（AI）","license":"GPL-3.0-or-later","review":"未独立法语编辑校审"}
就行#jiu xing	{"word":"就行","pinyin":"jiu xing","short":["ça suffit"],"senses":[{"text":"ça suffit","pos":"短语"}],"note":"常用表达；词形、主语和时态需随语境变化。","category":"priority-common-2026-10-04","source":"词伴常用词与短语整理（AI）","license":"GPL-3.0-or-later","review":"未独立法语编辑校审"}
就觉得#jiu jue de	{"word":"就觉得","pinyin":"jiu jue de","short":["alors, on pense que…"],"senses":[{"text":"alors, on pense que…","pos":"短语"}],"note":"需补主语/谓语的语境片段。","category":"priority-common-2026-10-04","source":"词伴常用词与短语整理（AI）","license":"GPL-3.0-or-later","review":"未独立法语编辑校审"}
就说#jiu shuo	{"word":"就说","pinyin":"jiu shuo","short":["disons…"],"senses":[{"text":"disons…","pos":"短语"}],"note":"按“就说/比如说”整理；其他意义需随主语变化。","category":"priority-common-2026-10-04","source":"词伴常用词与短语整理（AI）","license":"GPL-3.0-or-later","review":"未独立法语编辑校审"}
就走#jiu zou	{"word":"就走","pinyin":"jiu zou","short":["partir tout de suite"],"senses":[{"text":"partir tout de suite","pos":"短语"}],"note":"常用表达；词形、主语和时态需随语境变化。","category":"priority-common-2026-10-04","source":"词伴常用词与短语整理（AI）","license":"GPL-3.0-or-later","review":"未独立法语编辑校审"}
就这样#jiu zhe yang	{"word":"就这样","pinyin":"jiu zhe yang","short":["comme ça"],"senses":[{"text":"comme ça","pos":"短语"}],"note":"常用表达；词形、主语和时态需随语境变化。","category":"priority-common-2026-10-04","source":"词伴常用词与短语整理（AI）","license":"GPL-3.0-or-later","review":"未独立法语编辑校审"}
居民点#ju min dian	{"word":"居民点","pinyin":"ju min dian","short":["une localité"],"senses":[{"text":"une localité","pos":"名词","article":"une","lemma":"localité","gender":"阴性"}],"note":"常用表达；词形、主语和时态需随语境变化。","category":"priority-common-2026-10-04","source":"词伴常用词与短语整理（AI）","license":"GPL-3.0-or-later","review":"未独立法语编辑校审"}
山#shan	{"word":"山","pinyin":"shan","short":["la montagne"],"senses":[{"text":"la montagne","pos":"名词","gender":"阴性","lemma":"montagne","article":"la"}],"note":"常用译法，词形和具体含义需随语境调整。","source":"词伴常用词与短语整理（AI）","license":"GPL-3.0-or-later","review":"未独立法语编辑校审"}
岁#sui	{"word":"岁","pinyin":"sui","short":["an","ans"],"senses":[{"text":"an","pos":"会话表达 / 短语"},{"text":"ans","pos":"会话表达 / 短语"}],"note":"年龄单位；“我二十岁”：J'ai vingt ans.","source":"词伴常用词与短语整理（AI）","license":"GPL-3.0-or-later","review":"未独立法语编辑校审"}
工作#gong zuo	{"word":"工作","pinyin":"gong zuo","short":["travailler","le travail"],"senses":[{"text":"travailler","pos":"动词 / 动词短语","lemma":"travailler"},{"text":"le travail","pos":"名词","gender":"阳性","lemma":"travail","article":"le"}],"note":"常用译法，词形和具体含义需随语境调整。","source":"词伴常用词与短语整理（AI）","license":"GPL-3.0-or-later","review":"未独立法语编辑校审"}
工作了#gong zuo le	{"word":"工作了","pinyin":"gong zuo le","short":["avoir commencé à travailler"],"senses":[{"text":"avoir commencé à travailler","pos":"动词 / 动词短语","lemma":"avoir commencé à travailler"}],"note":"开始工作语境。","category":"priority-common-2026-10-04","source":"词伴常用词与短语整理（AI）","license":"GPL-3.0-or-later","review":"未独立法语编辑校审"}
工作日#gong zuo ri	{"word":"工作日","pinyin":"gong zuo ri","short":["un jour ouvrable"],"senses":[{"text":"un jour ouvrable","pos":"会话表达 / 短语"}],"note":"具体营业日或法律语境需额外核实。","source":"词伴常用词与短语整理（AI）","license":"GPL-3.0-or-later","review":"未独立法语编辑校审"}
工资#gong zi	{"word":"工资","pinyin":"gong zi","short":["le salaire"],"senses":[{"text":"le salaire","pos":"名词","article":"le","lemma":"salaire","gender":"阳性"}],"note":"常用表达；词形、主语和时态需随语境变化。","category":"priority-common-2026-10-04","source":"词伴常用词与短语整理（AI）","license":"GPL-3.0-or-later","review":"未独立法语编辑校审"}
左边#zuo bian	{"word":"左边","pinyin":"zuo bian","short":["la gauche"],"senses":[{"text":"la gauche","pos":"名词","gender":"阴性","lemma":"gauche","article":"la"}],"note":"常用译法，词形和具体含义需随语境调整。","source":"词伴常用词与短语整理（AI）","license":"GPL-3.0-or-later","review":"未独立法语编辑校审"}
已经#yi jing	{"word":"已经","pinyin":"yi jing","short":["déjà"],"senses":[{"text":"déjà","pos":"副词"}],"note":"常用译法，词形和具体含义需随语境调整。","source":"词伴常用词与短语整理（AI）","license":"GPL-3.0-or-later","review":"未独立法语编辑校审"}
巴黎#ba li	{"word":"巴黎","pinyin":"ba li","short":["Paris"],"senses":[{"text":"Paris","pos":"名词","gender":"","lemma":"Paris","article":""}],"note":"常用译法，词形和具体含义需随语境调整。","source":"词伴常用词与短语整理（AI）","license":"GPL-3.0-or-later","review":"未独立法语编辑校审"}
市场#shi chang	{"word":"市场","pinyin":"shi chang","short":["le marché"],"senses":[{"text":"le marché","pos":"名词","gender":"阳性","lemma":"marché","article":"le"}],"note":"常用译法，词形和具体含义需随语境调整。","source":"词伴常用词与短语整理（AI）","license":"GPL-3.0-or-later","review":"未独立法语编辑校审"}
希望#xi wang	{"word":"希望","pinyin":"xi wang","short":["espérer"],"senses":[{"text":"espérer","pos":"动词 / 动词短语","lemma":"espérer"}],"note":"常用译法，词形和具体含义需随语境调整。","source":"词伴常用词与短语整理（AI）","license":"GPL-3.0-or-later","review":"未独立法语编辑校审"}
希望你#xi wang ni	{"word":"希望你","pinyin":"xi wang ni","short":["j’espère que tu…"],"senses":[{"text":"j’espère que tu…","pos":"短语"}],"note":"需补谓语。","category":"priority-common-2026-10-04","source":"词伴常用词与短语整理（AI）","license":"GPL-3.0-or-later","review":"未独立法语编辑校审"}
带#dai	{"word":"带","pinyin":"dai","short":["apporter"],"senses":[{"text":"apporter","pos":"动词 / 动词短语","lemma":"apporter"}],"note":"常用译法，词形和具体含义需随语境调整。","source":"词伴常用词与短语整理（AI）","license":"GPL-3.0-or-later","review":"未独立法语编辑校审"}
带着#dai zhe	{"word":"带着","pinyin":"dai zhe","short":["emporter avec soi"],"senses":[{"text":"emporter avec soi","pos":"动词 / 动词短语","lemma":"emporter avec soi"}],"note":"常用表达；词形、主语和时态需随语境变化。","category":"priority-common-2026-10-04","source":"词伴常用词与短语整理（AI）","license":"GPL-3.0-or-later","review":"未独立法语编辑校审"}
帮你#bang ni	{"word":"帮你","pinyin":"bang ni","short":["t’aider"],"senses":[{"text":"t’aider","pos":"动词 / 动词短语","lemma":"t’aider"}],"note":"常用表达；词形、主语和时态需随语境变化。","category":"priority-common-2026-10-04","source":"词伴常用词与短语整理（AI）","license":"GPL-3.0-or-later","review":"未独立法语编辑校审"}
帮助#bang zhu	{"word":"帮助","pinyin":"bang zhu","short":["aider"],"senses":[{"text":"aider","pos":"动词 / 动词短语","lemma":"aider"}],"note":"常用译法，词形和具体含义需随语境调整。","source":"词伴常用词与短语整理（AI）","license":"GPL-3.0-or-later","review":"未独立法语编辑校审"}
帮帮我#bang bang wo	{"word":"帮帮我","pinyin":"bang bang wo","short":["aidez-moi"],"senses":[{"text":"aidez-moi","pos":"会话表达 / 短语"}],"note":"礼貌或复数；非正式单数用 aide-moi。","source":"词伴常用词与短语整理（AI）","license":"GPL-3.0-or-later","review":"未独立法语编辑校审"}
帮我#bang wo	{"word":"帮我","pinyin":"bang wo","short":["aide-moi"],"senses":[{"text":"aide-moi","pos":"短语"}],"note":"常用表达；词形、主语和时态需随语境变化。","category":"priority-common-2026-10-04","source":"词伴常用词与短语整理（AI）","license":"GPL-3.0-or-later","review":"未独立法语编辑校审"}
常温#chang wen	{"word":"常温","pinyin":"chang wen","short":["à température ambiante"],"senses":[{"text":"à température ambiante","pos":"短语"}],"note":"常用表达；词形、主语和时态需随语境变化。","category":"priority-common-2026-10-04","source":"词伴常用词与短语整理（AI）","license":"GPL-3.0-or-later","review":"未独立法语编辑校审"}
平底锅#ping di guo	{"word":"平底锅","pinyin":"ping di guo","short":["la poêle"],"senses":[{"text":"la poêle","pos":"名词","article":"la","lemma":"poêle","gender":"阴性"}],"note":"常用表达；词形、主语和时态需随语境变化。","category":"priority-common-2026-10-04","source":"词伴常用词与短语整理（AI）","license":"GPL-3.0-or-later","review":"未独立法语编辑校审"}
平菇#ping gu	{"word":"平菇","pinyin":"ping gu","short":["le pleurote"],"senses":[{"text":"le pleurote","pos":"名词","article":"le","lemma":"pleurote","gender":"阳性"}],"note":"常见食用菌。","category":"priority-common-2026-10-04","source":"词伴常用词与短语整理（AI）","license":"GPL-3.0-or-later","review":"未独立法语编辑校审"}
年假#nian jia	{"word":"年假","pinyin":"nian jia","short":["les congés annuels"],"senses":[{"text":"les congés annuels","pos":"名词","article":"les","lemma":"congés annuels"}],"note":"congé 为阳性。","category":"priority-common-2026-10-04","source":"词伴常用词与短语整理（AI）","license":"GPL-3.0-or-later","review":"未独立法语编辑校审"}
年轻的#nian qing de	{"word":"年轻的","pinyin":"nian qing de","short":["jeune"],"senses":[{"text":"jeune","pos":"形容词"}],"note":"常用表达；词形、主语和时态需随语境变化。","category":"priority-common-2026-10-04","source":"词伴常用词与短语整理（AI）","license":"GPL-3.0-or-later","review":"未独立法语编辑校审"}
并不是#bing bu shi	{"word":"并不是","pinyin":"bing bu shi","short":["ce n’est pas…"],"senses":[{"text":"ce n’est pas…","pos":"短语"}],"note":"需接表语。","category":"priority-common-2026-10-04","source":"词伴常用词与短语整理（AI）","license":"GPL-3.0-or-later","review":"未独立法语编辑校审"}
并没有#bing mei you	{"word":"并没有","pinyin":"bing mei you","short":["pas du tout"],"senses":[{"text":"pas du tout","pos":"短语"}],"note":"强调否定，具体否定内容需随句子补充。","category":"priority-common-2026-10-04","source":"词伴常用词与短语整理（AI）","license":"GPL-3.0-or-later","review":"未独立法语编辑校审"}
幸福的#xing fu de	{"word":"幸福的","pinyin":"xing fu de","short":["heureux","heureuse"],"senses":[{"text":"heureux","pos":"形容词"},{"text":"heureuse","pos":"形容词"}],"note":"常用表达；词形、主语和时态需随语境变化。","category":"priority-common-2026-10-04","source":"词伴常用词与短语整理（AI）","license":"GPL-3.0-or-later","review":"未独立法语编辑校审"}
床#chuang	{"word":"床","pinyin":"chuang","short":["le lit"],"senses":[{"text":"le lit","pos":"名词","gender":"阳性","lemma":"lit","article":"le"}],"note":"常用译法，词形和具体含义需随语境调整。","source":"词伴常用词与短语整理（AI）","license":"GPL-3.0-or-later","review":"未独立法语编辑校审"}
床单#chuang dan	{"word":"床单","pinyin":"chuang dan","short":["le drap"],"senses":[{"text":"le drap","pos":"名词","article":"le","lemma":"drap","gender":"阳性"}],"note":"常用表达；词形、主语和时态需随语境变化。","category":"priority-common-2026-10-04","source":"词伴常用词与短语整理（AI）","license":"GPL-3.0-or-later","review":"未独立法语编辑校审"}
应该#ying gai	{"word":"应该","pinyin":"ying gai","short":["devoir"],"senses":[{"text":"devoir","pos":"会话表达 / 短语"}],"note":"“你应该休息”：Tu devrais te reposer；义务与推测需区别。","source":"词伴常用词与短语整理（AI）","license":"GPL-3.0-or-later","review":"未独立法语编辑校审"}
应该是#ying gai shi	{"word":"应该是","pinyin":"ying gai shi","short":["ça doit être…"],"senses":[{"text":"ça doit être…","pos":"短语"}],"note":"推测，需接表语。","category":"priority-common-2026-10-04","source":"词伴常用词与短语整理（AI）","license":"GPL-3.0-or-later","review":"未独立法语编辑校审"}
开了#kai le	{"word":"开了","pinyin":"kai le","short":["avoir ouvert"],"senses":[{"text":"avoir ouvert","pos":"动词 / 动词短语","lemma":"avoir ouvert"}],"note":"开门等语境；驾驶/启动需另译。","category":"priority-common-2026-10-04","source":"词伴常用词与短语整理（AI）","license":"GPL-3.0-or-later","review":"未独立法语编辑校审"}
开会#kai hui	{"word":"开会","pinyin":"kai hui","short":["participer à une réunion"],"senses":[{"text":"participer à une réunion","pos":"会话表达 / 短语"}],"note":"参加会议；主持会议可用 tenir une réunion。","source":"词伴常用词与短语整理（AI）","license":"GPL-3.0-or-later","review":"未独立法语编辑校审"}
开关#kai guan	{"word":"开关","pinyin":"kai guan","short":["l’interrupteur"],"senses":[{"text":"l’interrupteur","pos":"名词","article":"l’","lemma":"interrupteur"}],"note":"阳性名词，指电器开关。","category":"priority-common-2026-10-04","source":"词伴常用词与短语整理（AI）","license":"GPL-3.0-or-later","review":"未独立法语编辑校审"}
开始#kai shi	{"word":"开始","pinyin":"kai shi","short":["commencer"],"senses":[{"text":"commencer","pos":"动词 / 动词短语","lemma":"commencer"}],"note":"常用译法，词形和具体含义需随语境调整。","source":"词伴常用词与短语整理（AI）","license":"GPL-3.0-or-later","review":"未独立法语编辑校审"}
开心#kai xin	{"word":"开心","pinyin":"kai xin","short":["content"],"senses":[{"text":"content","pos":"形容词"}],"note":"常用译法，词形和具体含义需随语境调整。","source":"词伴常用词与短语整理（AI）","license":"GPL-3.0-or-later","review":"未独立法语编辑校审"}
开心的#kai xin de	{"word":"开心的","pinyin":"kai xin de","short":["content","contente"],"senses":[{"text":"content","pos":"形容词"},{"text":"contente","pos":"形容词"}],"note":"常用表达；词形、主语和时态需随语境变化。","category":"priority-common-2026-10-04","source":"词伴常用词与短语整理（AI）","license":"GPL-3.0-or-later","review":"未独立法语编辑校审"}
开瓶器#kai ping qi	{"word":"开瓶器","pinyin":"kai ping qi","short":["le décapsuleur","le tire-bouchon"],"senses":[{"text":"le décapsuleur","pos":"名词","article":"le","lemma":"décapsuleur","gender":"阳性"},{"text":"le tire-bouchon","pos":"名词","article":"le","lemma":"tire-bouchon","gender":"阳性"}],"note":"压盖开瓶器/葡萄酒拔塞器。","category":"priority-common-2026-10-04","source":"词伴常用词与短语整理（AI）","license":"GPL-3.0-or-later","review":"未独立法语编辑校审"}
弟弟#di di	{"word":"弟弟","pinyin":"di di","short":["le petit frère"],"senses":[{"text":"le petit frère","pos":"名词","gender":"阳性","lemma":"petit frère","article":"le"}],"note":"常用译法，词形和具体含义需随语境调整。","source":"词伴常用词与短语整理（AI）","license":"GPL-3.0-or-later","review":"未独立法语编辑校审"}
当然#dang ran	{"word":"当然","pinyin":"dang ran","short":["bien sûr"],"senses":[{"text":"bien sûr","pos":"会话表达 / 短语"}],"note":"表示肯定。","source":"词伴常用词与短语整理（AI）","license":"GPL-3.0-or-later","review":"未独立法语编辑校审"}
录屏#lu ping	{"word":"录屏","pinyin":"lu ping","short":["l’enregistrement d’écran"],"senses":[{"text":"l’enregistrement d’écran","pos":"名词","article":"l’","lemma":"enregistrement d’écran"}],"note":"阳性名词。","category":"priority-common-2026-10-04","source":"词伴常用词与短语整理（AI）","license":"GPL-3.0-or-later","review":"未独立法语编辑校审"}
往返票#wang fan piao	{"word":"往返票","pinyin":"wang fan piao","short":["le billet aller-retour"],"senses":[{"text":"le billet aller-retour","pos":"名词","article":"le","lemma":"billet aller-retour","gender":"阳性"}],"note":"常用表达；词形、主语和时态需随语境变化。","category":"priority-common-2026-10-04","source":"词伴常用词与短语整理（AI）","license":"GPL-3.0-or-later","review":"未独立法语编辑校审"}
待办事项#dai ban shi xiang	{"word":"待办事项","pinyin":"dai ban shi xiang","short":["les tâches à faire"],"senses":[{"text":"les tâches à faire","pos":"名词","article":"les","lemma":"tâches à faire"}],"note":"tâche 为阴性。","category":"priority-common-2026-10-04","source":"词伴常用词与短语整理（AI）","license":"GPL-3.0-or-later","review":"未独立法语编辑校审"}
很不错#hen bu cuo	{"word":"很不错","pinyin":"hen bu cuo","short":["vraiment pas mal"],"senses":[{"text":"vraiment pas mal","pos":"短语"}],"note":"常用表达；词形、主语和时态需随语境变化。","category":"priority-common-2026-10-04","source":"词伴常用词与短语整理（AI）","license":"GPL-3.0-or-later","review":"未独立法语编辑校审"}
很可爱#hen ke ai	{"word":"很可爱","pinyin":"hen ke ai","short":["très mignon","très mignonne"],"senses":[{"text":"très mignon","pos":"短语"},{"text":"très mignonne","pos":"短语"}],"note":"常用表达；词形、主语和时态需随语境变化。","category":"priority-common-2026-10-04","source":"词伴常用词与短语整理（AI）","license":"GPL-3.0-or-later","review":"未独立法语编辑校审"}
很喜欢#hen xi huan	{"word":"很喜欢","pinyin":"hen xi huan","short":["beaucoup aimer"],"senses":[{"text":"beaucoup aimer","pos":"动词 / 动词短语","lemma":"beaucoup aimer"}],"note":"常用表达；词形、主语和时态需随语境变化。","category":"priority-common-2026-10-04","source":"词伴常用词与短语整理（AI）","license":"GPL-3.0-or-later","review":"未独立法语编辑校审"}
很好吃#hen hao chi	{"word":"很好吃","pinyin":"hen hao chi","short":["c’est délicieux"],"senses":[{"text":"c’est délicieux","pos":"短语"}],"note":"常用表达；词形、主语和时态需随语境变化。","category":"priority-common-2026-10-04","source":"词伴常用词与短语整理（AI）","license":"GPL-3.0-or-later","review":"未独立法语编辑校审"}
很帅#hen shuai	{"word":"很帅","pinyin":"hen shuai","short":["très beau"],"senses":[{"text":"très beau","pos":"短语"}],"note":"形容男性外貌。","category":"priority-common-2026-10-04","source":"词伴常用词与短语整理（AI）","license":"GPL-3.0-or-later","review":"未独立法语编辑校审"}
很开心#hen kai xin	{"word":"很开心","pinyin":"hen kai xin","short":["très content","très contente"],"senses":[{"text":"très content","pos":"短语"},{"text":"très contente","pos":"短语"}],"note":"常用表达；词形、主语和时态需随语境变化。","category":"priority-common-2026-10-04","source":"词伴常用词与短语整理（AI）","license":"GPL-3.0-or-later","review":"未独立法语编辑校审"}
很棒#hen bang	{"word":"很棒","pinyin":"hen bang","short":["formidable"],"senses":[{"text":"formidable","pos":"短语"}],"note":"常用表达；词形、主语和时态需随语境变化。","category":"priority-common-2026-10-04","source":"词伴常用词与短语整理（AI）","license":"GPL-3.0-or-later","review":"未独立法语编辑校审"}
很美#hen mei	{"word":"很美","pinyin":"hen mei","short":["très beau","très belle"],"senses":[{"text":"très beau","pos":"短语"},{"text":"très belle","pos":"短语"}],"note":"常用表达；词形、主语和时态需随语境变化。","category":"priority-common-2026-10-04","source":"词伴常用词与短语整理（AI）","license":"GPL-3.0-or-later","review":"未独立法语编辑校审"}
很重要#hen zhong yao	{"word":"很重要","pinyin":"hen zhong yao","short":["très important","très importante"],"senses":[{"text":"très important","pos":"短语"},{"text":"très importante","pos":"短语"}],"note":"常用表达；词形、主语和时态需随语境变化。","category":"priority-common-2026-10-04","source":"词伴常用词与短语整理（AI）","license":"GPL-3.0-or-later","review":"未独立法语编辑校审"}
很高兴认识你#hen gao xing ren shi ni	{"word":"很高兴认识你","pinyin":"hen gao xing ren shi ni","short":["enchanté / enchantée"],"senses":[{"text":"enchanté / enchantée","pos":"会话表达 / 短语"}],"note":"说话者按自身性别选择词尾；正式用 Ravi(e) de vous rencontrer。","source":"词伴常用词与短语整理（AI）","license":"GPL-3.0-or-later","review":"未独立法语编辑校审"}
得#de	{"word":"得","pinyin":"de","short":["obtenir","particule de complément"],"senses":[{"text":"obtenir","pos":"动词 / 动词短语","lemma":"obtenir"},{"text":"particule de complément","pos":"助词 / 语法说明"}],"note":"de2 可表示得到，de5 是助词；无声调输入无法独立判断两义。","source":"词伴常用词与短语整理（AI）","license":"GPL-3.0-or-later","review":"未独立法语编辑校审"}
得#dei	{"word":"得","pinyin":"dei","short":["devoir"],"senses":[{"text":"devoir","pos":"动词 / 动词短语","lemma":"devoir"}],"note":"表示“必须”；例如“我得走了”：Je dois partir。","source":"词伴常用词与短语整理（AI）","license":"GPL-3.0-or-later","review":"未独立法语编辑校审"}
微波炉#wei bo lu	{"word":"微波炉","pinyin":"wei bo lu","short":["le four à micro-ondes"],"senses":[{"text":"le four à micro-ondes","pos":"名词","article":"le","lemma":"four à micro-ondes","gender":"阳性"}],"note":"常用表达；词形、主语和时态需随语境变化。","category":"priority-common-2026-10-04","source":"词伴常用词与短语整理（AI）","license":"GPL-3.0-or-later","review":"未独立法语编辑校审"}
心#xin	{"word":"心","pinyin":"xin","short":["le cœur"],"senses":[{"text":"le cœur","pos":"名词","gender":"阳性","lemma":"cœur","article":"le"}],"note":"常用译法，词形和具体含义需随语境调整。","source":"词伴常用词与短语整理（AI）","license":"GPL-3.0-or-later","review":"未独立法语编辑校审"}
心疼你#xin teng ni	{"word":"心疼你","pinyin":"xin teng ni","short":["ça me fait de la peine pour toi"],"senses":[{"text":"ça me fait de la peine pour toi","pos":"短语"}],"note":"表达关心或为对方难受。","category":"priority-common-2026-10-04","source":"词伴常用词与短语整理（AI）","license":"GPL-3.0-or-later","review":"未独立法语编辑校审"}
忘记#wang ji	{"word":"忘记","pinyin":"wang ji","short":["oublier"],"senses":[{"text":"oublier","pos":"动词 / 动词短语","lemma":"oublier"}],"note":"常用译法，词形和具体含义需随语境调整。","source":"词伴常用词与短语整理（AI）","license":"GPL-3.0-or-later","review":"未独立法语编辑校审"}
快#kuai	{"word":"快","pinyin":"kuai","short":["rapide"],"senses":[{"text":"rapide","pos":"形容词"}],"note":"常用译法，词形和具体含义需随语境调整。","source":"词伴常用词与短语整理（AI）","license":"GPL-3.0-or-later","review":"未独立法语编辑校审"}
快乐#kuai le	{"word":"快乐","pinyin":"kuai le","short":["heureux"],"senses":[{"text":"heureux","pos":"形容词"}],"note":"常用译法，词形和具体含义需随语境调整。","source":"词伴常用词与短语整理（AI）","license":"GPL-3.0-or-later","review":"未独立法语编辑校审"}
快去#kuai qu	{"word":"快去","pinyin":"kuai qu","short":["vas-y vite !"],"senses":[{"text":"vas-y vite !","pos":"短语"}],"note":"常用表达；词形、主语和时态需随语境变化。","category":"priority-common-2026-10-04","source":"词伴常用词与短语整理（AI）","license":"GPL-3.0-or-later","review":"未独立法语编辑校审"}
快回来#kuai hui lai	{"word":"快回来","pinyin":"kuai hui lai","short":["reviens vite !"],"senses":[{"text":"reviens vite !","pos":"短语"}],"note":"常用表达；词形、主语和时态需随语境变化。","category":"priority-common-2026-10-04","source":"词伴常用词与短语整理（AI）","license":"GPL-3.0-or-later","review":"未独立法语编辑校审"}
快来#kuai lai	{"word":"快来","pinyin":"kuai lai","short":["viens vite !"],"senses":[{"text":"viens vite !","pos":"短语"}],"note":"常用表达；词形、主语和时态需随语境变化。","category":"priority-common-2026-10-04","source":"词伴常用词与短语整理（AI）","license":"GPL-3.0-or-later","review":"未独立法语编辑校审"}
快递#kuai di	{"word":"快递","pinyin":"kuai di","short":["le colis"],"senses":[{"text":"le colis","pos":"名词","article":"le","lemma":"colis","gender":"阳性"}],"note":"指快递包裹；快递服务为 la livraison express。","category":"priority-common-2026-10-04","source":"词伴常用词与短语整理（AI）","license":"GPL-3.0-or-later","review":"未独立法语编辑校审"}
快递员#kuai di yuan	{"word":"快递员","pinyin":"kuai di yuan","short":["le livreur"],"senses":[{"text":"le livreur","pos":"名词","article":"le","lemma":"livreur","gender":"阳性"}],"note":"女性 la livreuse。","category":"priority-common-2026-10-04","source":"词伴常用词与短语整理（AI）","license":"GPL-3.0-or-later","review":"未独立法语编辑校审"}
怎么#zen me	{"word":"怎么","pinyin":"zen me","short":["comment"],"senses":[{"text":"comment","pos":"副词"}],"note":"常用译法，词形和具体含义需随语境调整。","source":"词伴常用词与短语整理（AI）","license":"GPL-3.0-or-later","review":"未独立法语编辑校审"}
怎么了#zen me le	{"word":"怎么了","pinyin":"zen me le","short":["qu’est-ce qui se passe ?"],"senses":[{"text":"qu’est-ce qui se passe ?","pos":"短语"}],"note":"常用表达；词形、主语和时态需随语境变化。","category":"priority-common-2026-10-04","source":"词伴常用词与短语整理（AI）","license":"GPL-3.0-or-later","review":"未独立法语编辑校审"}
怎么会#zen me hui	{"word":"怎么会","pinyin":"zen me hui","short":["comment est-ce possible ?"],"senses":[{"text":"comment est-ce possible ?","pos":"短语"}],"note":"常用表达；词形、主语和时态需随语境变化。","category":"priority-common-2026-10-04","source":"词伴常用词与短语整理（AI）","license":"GPL-3.0-or-later","review":"未独立法语编辑校审"}
怎么可能#zen me ke neng	{"word":"怎么可能","pinyin":"zen me ke neng","short":["comment est-ce possible ?"],"senses":[{"text":"comment est-ce possible ?","pos":"短语"}],"note":"常用表达；词形、主语和时态需随语境变化。","category":"priority-common-2026-10-04","source":"词伴常用词与短语整理（AI）","license":"GPL-3.0-or-later","review":"未独立法语编辑校审"}
怎么看#zen me kan	{"word":"怎么看","pinyin":"zen me kan","short":["qu’en penser ?"],"senses":[{"text":"qu’en penser ?","pos":"短语"}],"note":"询问看法；询问观看方式需另译。","category":"priority-common-2026-10-04","source":"词伴常用词与短语整理（AI）","license":"GPL-3.0-or-later","review":"未独立法语编辑校审"}
怎么知道#zen me zhi dao	{"word":"怎么知道","pinyin":"zen me zhi dao","short":["comment le savoir ?"],"senses":[{"text":"comment le savoir ?","pos":"短语"}],"note":"常用表达；词形、主语和时态需随语境变化。","category":"priority-common-2026-10-04","source":"词伴常用词与短语整理（AI）","license":"GPL-3.0-or-later","review":"未独立法语编辑校审"}
怎么能#zen me neng	{"word":"怎么能","pinyin":"zen me neng","short":["comment peut-on ?"],"senses":[{"text":"comment peut-on ?","pos":"短语"}],"note":"后面需接动词或具体行为。","category":"priority-common-2026-10-04","source":"词伴常用词与短语整理（AI）","license":"GPL-3.0-or-later","review":"未独立法语编辑校审"}
怎么说#zen me shuo	{"word":"怎么说","pinyin":"zen me shuo","short":["comment dire ?"],"senses":[{"text":"comment dire ?","pos":"短语"}],"note":"常用表达；词形、主语和时态需随语境变化。","category":"priority-common-2026-10-04","source":"词伴常用词与短语整理（AI）","license":"GPL-3.0-or-later","review":"未独立法语编辑校审"}
怕你#pa ni	{"word":"怕你","pinyin":"pa ni","short":["avoir peur de toi"],"senses":[{"text":"avoir peur de toi","pos":"短语"}],"note":"常用表达；词形、主语和时态需随语境变化。","category":"priority-common-2026-10-04","source":"词伴常用词与短语整理（AI）","license":"GPL-3.0-or-later","review":"未独立法语编辑校审"}
恭喜你#gong xi ni	{"word":"恭喜你","pinyin":"gong xi ni","short":["félicitations !"],"senses":[{"text":"félicitations !","pos":"短语"}],"note":"常用表达；词形、主语和时态需随语境变化。","category":"priority-common-2026-10-04","source":"词伴常用词与短语整理（AI）","license":"GPL-3.0-or-later","review":"未独立法语编辑校审"}
恭喜恭喜#gong xi gong xi	{"word":"恭喜恭喜","pinyin":"gong xi gong xi","short":["félicitations !"],"senses":[{"text":"félicitations !","pos":"短语"}],"note":"常用表达；词形、主语和时态需随语境变化。","category":"priority-common-2026-10-04","source":"词伴常用词与短语整理（AI）","license":"GPL-3.0-or-later","review":"未独立法语编辑校审"}
您好#nin hao	{"word":"您好","pinyin":"nin hao","short":["bonjour"],"senses":[{"text":"bonjour","pos":"叹词 / 礼貌表达"}],"note":"常用译法，词形和具体含义需随语境调整。","source":"词伴常用词与短语整理（AI）","license":"GPL-3.0-or-later","review":"未独立法语编辑校审"}
您的#nin de	{"word":"您的","pinyin":"nin de","short":["votre","vos"],"senses":[{"text":"votre","pos":"代词"},{"text":"vos","pos":"代词"}],"note":"礼貌称呼或复数“你们”。","category":"priority-common-2026-10-04","source":"词伴常用词与短语整理（AI）","license":"GPL-3.0-or-later","review":"未独立法语编辑校审"}
想#xiang	{"word":"想","pinyin":"xiang","short":["vouloir"],"senses":[{"text":"vouloir","pos":"动词 / 动词短语","lemma":"vouloir"}],"note":"常用译法，词形和具体含义需随语境调整。","source":"词伴常用词与短语整理（AI）","license":"GPL-3.0-or-later","review":"未独立法语编辑校审"}
想买#xiang mai	{"word":"想买","pinyin":"xiang mai","short":["vouloir acheter"],"senses":[{"text":"vouloir acheter","pos":"动词 / 动词短语","lemma":"vouloir acheter"}],"note":"常用表达；词形、主语和时态需随语境变化。","category":"priority-common-2026-10-04","source":"词伴常用词与短语整理（AI）","license":"GPL-3.0-or-later","review":"未独立法语编辑校审"}
想了#xiang le	{"word":"想了","pinyin":"xiang le","short":["y avoir réfléchi"],"senses":[{"text":"y avoir réfléchi","pos":"短语"}],"note":"需补主语和时态。","category":"priority-common-2026-10-04","source":"词伴常用词与短语整理（AI）","license":"GPL-3.0-or-later","review":"未独立法语编辑校审"}
想你#xiang ni	{"word":"想你","pinyin":"xiang ni","short":["tu me manques"],"senses":[{"text":"tu me manques","pos":"会话表达 / 短语"}],"note":"想念对方；字面“想到你”用 Je pense à toi，含义不同。","source":"词伴常用词与短语整理（AI）","license":"GPL-3.0-or-later","review":"未独立法语编辑校审"}
想吃#xiang chi	{"word":"想吃","pinyin":"xiang chi","short":["avoir envie de manger"],"senses":[{"text":"avoir envie de manger","pos":"会话表达 / 短语"}],"note":"“我想吃”：J'ai envie de manger.","source":"词伴常用词与短语整理（AI）","license":"GPL-3.0-or-later","review":"未独立法语编辑校审"}
想多#xiang duo	{"word":"想多","pinyin":"xiang duo","short":["trop réfléchir"],"senses":[{"text":"trop réfléchir","pos":"动词 / 动词短语","lemma":"trop réfléchir"}],"note":"按想太多整理；更多想法另译。","category":"priority-common-2026-10-04","source":"词伴常用词与短语整理（AI）","license":"GPL-3.0-or-later","review":"未独立法语编辑校审"}
想好#xiang hao	{"word":"想好","pinyin":"xiang hao","short":["avoir bien réfléchi"],"senses":[{"text":"avoir bien réfléchi","pos":"动词 / 动词短语","lemma":"avoir bien réfléchi"}],"note":"常用表达；词形、主语和时态需随语境变化。","category":"priority-common-2026-10-04","source":"词伴常用词与短语整理（AI）","license":"GPL-3.0-or-later","review":"未独立法语编辑校审"}
想我#xiang wo	{"word":"想我","pinyin":"xiang wo","short":["je te manque ?"],"senses":[{"text":"je te manque ?","pos":"短语"}],"note":"按询问“想我吗”整理；陈述句需依主语变。","category":"priority-common-2026-10-04","source":"词伴常用词与短语整理（AI）","license":"GPL-3.0-or-later","review":"未独立法语编辑校审"}
想看#xiang kan	{"word":"想看","pinyin":"xiang kan","short":["vouloir voir"],"senses":[{"text":"vouloir voir","pos":"动词 / 动词短语","lemma":"vouloir voir"}],"note":"常用表达；词形、主语和时态需随语境变化。","category":"priority-common-2026-10-04","source":"词伴常用词与短语整理（AI）","license":"GPL-3.0-or-later","review":"未独立法语编辑校审"}
想知道#xiang zhi dao	{"word":"想知道","pinyin":"xiang zhi dao","short":["vouloir savoir"],"senses":[{"text":"vouloir savoir","pos":"动词 / 动词短语","lemma":"vouloir savoir"}],"note":"常用表达；词形、主语和时态需随语境变化。","category":"priority-common-2026-10-04","source":"词伴常用词与短语整理（AI）","license":"GPL-3.0-or-later","review":"未独立法语编辑校审"}
想要#xiang yao	{"word":"想要","pinyin":"xiang yao","short":["vouloir"],"senses":[{"text":"vouloir","pos":"动词 / 动词短语","lemma":"vouloir"}],"note":"常用译法，词形和具体含义需随语境调整。","source":"词伴常用词与短语整理（AI）","license":"GPL-3.0-or-later","review":"未独立法语编辑校审"}
想让#xiang rang	{"word":"想让","pinyin":"xiang rang","short":["vouloir que…"],"senses":[{"text":"vouloir que…","pos":"动词 / 动词短语","lemma":"vouloir que…"}],"note":"后接主语及虚拟式从句。","category":"priority-common-2026-10-04","source":"词伴常用词与短语整理（AI）","license":"GPL-3.0-or-later","review":"未独立法语编辑校审"}
想说#xiang shuo	{"word":"想说","pinyin":"xiang shuo","short":["vouloir dire"],"senses":[{"text":"vouloir dire","pos":"动词 / 动词短语","lemma":"vouloir dire"}],"note":"常用表达；词形、主语和时态需随语境变化。","category":"priority-common-2026-10-04","source":"词伴常用词与短语整理（AI）","license":"GPL-3.0-or-later","review":"未独立法语编辑校审"}
想问#xiang wen	{"word":"想问","pinyin":"xiang wen","short":["vouloir demander"],"senses":[{"text":"vouloir demander","pos":"动词 / 动词短语","lemma":"vouloir demander"}],"note":"常用表达；词形、主语和时态需随语境变化。","category":"priority-common-2026-10-04","source":"词伴常用词与短语整理（AI）","license":"GPL-3.0-or-later","review":"未独立法语编辑校审"}
意为#yi wei	{"word":"意为","pinyin":"yi wei","short":["signifier"],"senses":[{"text":"signifier","pos":"动词 / 动词短语","lemma":"signifier"}],"note":"常用表达；词形、主语和时态需随语境变化。","category":"priority-common-2026-10-04","source":"词伴常用词与短语整理（AI）","license":"GPL-3.0-or-later","review":"未独立法语编辑校审"}
意思是#yi si shi	{"word":"意思是","pinyin":"yi si shi","short":["ça veut dire…"],"senses":[{"text":"ça veut dire…","pos":"短语"}],"note":"需接释义。","category":"priority-common-2026-10-04","source":"词伴常用词与短语整理（AI）","license":"GPL-3.0-or-later","review":"未独立法语编辑校审"}
感冒了#gan mao le	{"word":"感冒了","pinyin":"gan mao le","short":["j’ai un rhume"],"senses":[{"text":"j’ai un rhume","pos":"短语"}],"note":"按“我感冒了”整理，其他主语需变化。","category":"priority-common-2026-10-04","source":"词伴常用词与短语整理（AI）","license":"GPL-3.0-or-later","review":"未独立法语编辑校审"}
感谢#gan xie	{"word":"感谢","pinyin":"gan xie","short":["remercier"],"senses":[{"text":"remercier","pos":"动词 / 动词短语","lemma":"remercier"}],"note":"常用译法，词形和具体含义需随语境调整。","source":"词伴常用词与短语整理（AI）","license":"GPL-3.0-or-later","review":"未独立法语编辑校审"}
慢#man	{"word":"慢","pinyin":"man","short":["lent"],"senses":[{"text":"lent","pos":"形容词"}],"note":"常用译法，词形和具体含义需随语境调整。","source":"词伴常用词与短语整理（AI）","license":"GPL-3.0-or-later","review":"未独立法语编辑校审"}
慢慢来#man man lai	{"word":"慢慢来","pinyin":"man man lai","short":["prends ton temps"],"senses":[{"text":"prends ton temps","pos":"会话表达 / 短语"}],"note":"非正式单数；礼貌用 Prenez votre temps。","source":"词伴常用词与短语整理（AI）","license":"GPL-3.0-or-later","review":"未独立法语编辑校审"}
懂了#dong le	{"word":"懂了","pinyin":"dong le","short":["j’ai compris"],"senses":[{"text":"j’ai compris","pos":"短语"}],"note":"常用表达；词形、主语和时态需随语境变化。","category":"priority-common-2026-10-04","source":"词伴常用词与短语整理（AI）","license":"GPL-3.0-or-later","review":"未独立法语编辑校审"}
成功#cheng gong	{"word":"成功","pinyin":"cheng gong","short":["le succès"],"senses":[{"text":"le succès","pos":"名词","gender":"阳性","lemma":"succès","article":"le"}],"note":"常用译法，词形和具体含义需随语境调整。","source":"词伴常用词与短语整理（AI）","license":"GPL-3.0-or-later","review":"未独立法语编辑校审"}
我#wo	{"word":"我","pinyin":"wo","short":["je"],"senses":[{"text":"je","pos":"代词"}],"note":"常用译法，词形和具体含义需随语境调整。","source":"词伴常用词与短语整理（AI）","license":"GPL-3.0-or-later","review":"未独立法语编辑校审"}
我一个#wo yi ge	{"word":"我一个","pinyin":"wo yi ge","short":["moi tout seul","moi toute seule"],"senses":[{"text":"moi tout seul","pos":"短语"},{"text":"moi toute seule","pos":"短语"}],"note":"按“我独自一人”整理，不用于“我一个朋友”。","category":"priority-common-2026-10-04","source":"词伴常用词与短语整理（AI）","license":"GPL-3.0-or-later","review":"未独立法语编辑校审"}
我一定#wo yi ding	{"word":"我一定","pinyin":"wo yi ding","short":["je vais sûrement…"],"senses":[{"text":"je vais sûrement…","pos":"短语"}],"note":"后接动词原形，具体时态依语境。","category":"priority-common-2026-10-04","source":"词伴常用词与短语整理（AI）","license":"GPL-3.0-or-later","review":"未独立法语编辑校审"}
我不会#wo bu hui	{"word":"我不会","pinyin":"wo bu hui","short":["je ne sais pas faire…"],"senses":[{"text":"je ne sais pas faire…","pos":"短语"}],"note":"表示不会做；未来不会发生需另译。","category":"priority-common-2026-10-04","source":"词伴常用词与短语整理（AI）","license":"GPL-3.0-or-later","review":"未独立法语编辑校审"}
我不懂#wo bu dong	{"word":"我不懂","pinyin":"wo bu dong","short":["je ne comprends pas"],"senses":[{"text":"je ne comprends pas","pos":"会话表达 / 短语"}],"note":"表示不理解。","source":"词伴常用词与短语整理（AI）","license":"GPL-3.0-or-later","review":"未独立法语编辑校审"}
我不是#wo bu shi	{"word":"我不是","pinyin":"wo bu shi","short":["je ne suis pas…"],"senses":[{"text":"je ne suis pas…","pos":"短语"}],"note":"需接表语。","category":"priority-common-2026-10-04","source":"词伴常用词与短语整理（AI）","license":"GPL-3.0-or-later","review":"未独立法语编辑校审"}
我不知道#wo bu zhi dao	{"word":"我不知道","pinyin":"wo bu zhi dao","short":["je ne sais pas"],"senses":[{"text":"je ne sais pas","pos":"会话表达 / 短语"}],"note":"表示不知道事实。","source":"词伴常用词与短语整理（AI）","license":"GPL-3.0-or-later","review":"未独立法语编辑校审"}
我之前#wo zhi qian	{"word":"我之前","pinyin":"wo zhi qian","short":["auparavant, je…"],"senses":[{"text":"auparavant, je…","pos":"短语"}],"note":"需补谓语。","category":"priority-common-2026-10-04","source":"词伴常用词与短语整理（AI）","license":"GPL-3.0-or-later","review":"未独立法语编辑校审"}
我也会#wo ye hui	{"word":"我也会","pinyin":"wo ye hui","short":["je sais aussi faire…"],"senses":[{"text":"je sais aussi faire…","pos":"短语"}],"note":"指也掌握某项技能。","category":"priority-common-2026-10-04","source":"词伴常用词与短语整理（AI）","license":"GPL-3.0-or-later","review":"未独立法语编辑校审"}
我也在#wo ye zai	{"word":"我也在","pinyin":"wo ye zai","short":["je suis là aussi"],"senses":[{"text":"je suis là aussi","pos":"短语"}],"note":"按“我也在这里”整理；进行时需另译。","category":"priority-common-2026-10-04","source":"词伴常用词与短语整理（AI）","license":"GPL-3.0-or-later","review":"未独立法语编辑校审"}
我也想#wo ye xiang	{"word":"我也想","pinyin":"wo ye xiang","short":["j’aimerais aussi…"],"senses":[{"text":"j’aimerais aussi…","pos":"短语"}],"note":"后接动词原形。","category":"priority-common-2026-10-04","source":"词伴常用词与短语整理（AI）","license":"GPL-3.0-or-later","review":"未独立法语编辑校审"}
我也是#wo ye shi	{"word":"我也是","pinyin":"wo ye shi","short":["moi aussi"],"senses":[{"text":"moi aussi","pos":"会话表达 / 短语"}],"note":"回应肯定句；否定句的“我也不”用 moi non plus。","source":"词伴常用词与短语整理（AI）","license":"GPL-3.0-or-later","review":"未独立法语编辑校审"}
我也有#wo ye you	{"word":"我也有","pinyin":"wo ye you","short":["j’en ai aussi"],"senses":[{"text":"j’en ai aussi","pos":"短语"}],"note":"常用表达；词形、主语和时态需随语境变化。","category":"priority-common-2026-10-04","source":"词伴常用词与短语整理（AI）","license":"GPL-3.0-or-later","review":"未独立法语编辑校审"}
我也要#wo ye yao	{"word":"我也要","pinyin":"wo ye yao","short":["moi aussi, j’en veux"],"senses":[{"text":"moi aussi, j’en veux","pos":"短语"}],"note":"常用表达；词形、主语和时态需随语境变化。","category":"priority-common-2026-10-04","source":"词伴常用词与短语整理（AI）","license":"GPL-3.0-or-later","review":"未独立法语编辑校审"}
我买#wo mai	{"word":"我买","pinyin":"wo mai","short":["j’achète…"],"senses":[{"text":"j’achète…","pos":"短语"}],"note":"需接对象。","category":"priority-common-2026-10-04","source":"词伴常用词与短语整理（AI）","license":"GPL-3.0-or-later","review":"未独立法语编辑校审"}
我今天#wo jin tian	{"word":"我今天","pinyin":"wo jin tian","short":["aujourd’hui, je…"],"senses":[{"text":"aujourd’hui, je…","pos":"短语"}],"note":"需补谓语。","category":"priority-common-2026-10-04","source":"词伴常用词与短语整理（AI）","license":"GPL-3.0-or-later","review":"未独立法语编辑校审"}
我以为#wo yi wei	{"word":"我以为","pinyin":"wo yi wei","short":["je pensais que…"],"senses":[{"text":"je pensais que…","pos":"短语"}],"note":"需接从句，表示此前以为。","category":"priority-common-2026-10-04","source":"词伴常用词与短语整理（AI）","license":"GPL-3.0-or-later","review":"未独立法语编辑校审"}
我以前#wo yi qian	{"word":"我以前","pinyin":"wo yi qian","short":["autrefois, je…"],"senses":[{"text":"autrefois, je…","pos":"短语"}],"note":"需补谓语。","category":"priority-common-2026-10-04","source":"词伴常用词与短语整理（AI）","license":"GPL-3.0-or-later","review":"未独立法语编辑校审"}
我们#wo men	{"word":"我们","pinyin":"wo men","short":["nous"],"senses":[{"text":"nous","pos":"代词"}],"note":"常用译法，词形和具体含义需随语境调整。","source":"词伴常用词与短语整理（AI）","license":"GPL-3.0-or-later","review":"未独立法语编辑校审"}
我们一起#wo men yi qi	{"word":"我们一起","pinyin":"wo men yi qi","short":["ensemble"],"senses":[{"text":"ensemble","pos":"短语"}],"note":"表示我们一起做某事，主语由句子补充。","category":"priority-common-2026-10-04","source":"词伴常用词与短语整理（AI）","license":"GPL-3.0-or-later","review":"未独立法语编辑校审"}
我们学校#wo men xue xiao	{"word":"我们学校","pinyin":"wo men xue xiao","short":["notre école"],"senses":[{"text":"notre école","pos":"名词","article":"","lemma":"notre école"}],"note":"常用表达；词形、主语和时态需随语境变化。","category":"priority-common-2026-10-04","source":"词伴常用词与短语整理（AI）","license":"GPL-3.0-or-later","review":"未独立法语编辑校审"}
我们是#wo men shi	{"word":"我们是","pinyin":"wo men shi","short":["nous sommes…"],"senses":[{"text":"nous sommes…","pos":"短语"}],"note":"需接表语。","category":"priority-common-2026-10-04","source":"词伴常用词与短语整理（AI）","license":"GPL-3.0-or-later","review":"未独立法语编辑校审"}
我们的#wo men de	{"word":"我们的","pinyin":"wo men de","short":["notre","nos"],"senses":[{"text":"notre","pos":"代词"},{"text":"nos","pos":"代词"}],"note":"notre 用于单数被修饰名词，nos 用于复数。","category":"priority-common-2026-10-04","source":"词伴常用词与短语整理（AI）","license":"GPL-3.0-or-later","review":"未独立法语编辑校审"}
我会#wo hui	{"word":"我会","pinyin":"wo hui","short":["je sais…","je vais…"],"senses":[{"text":"je sais…","pos":"会话表达 / 短语"},{"text":"je vais…","pos":"会话表达 / 短语"}],"note":"技能常用 savoir＋原形；将来计划常用 aller＋原形。","source":"词伴常用词与短语整理（AI）","license":"GPL-3.0-or-later","review":"未独立法语编辑校审"}
我住在#wo zhu zai	{"word":"我住在","pinyin":"wo zhu zai","short":["j'habite à…"],"senses":[{"text":"j'habite à…","pos":"会话表达 / 短语"}],"note":"城市前常用 à；国家前的介词需按性别和形式变化。","source":"词伴常用词与短语整理（AI）","license":"GPL-3.0-or-later","review":"未独立法语编辑校审"}
我俩#wo lia	{"word":"我俩","pinyin":"wo lia","short":["nous deux"],"senses":[{"text":"nous deux","pos":"代词"}],"note":"常用表达；词形、主语和时态需随语境变化。","category":"priority-common-2026-10-04","source":"词伴常用词与短语整理（AI）","license":"GPL-3.0-or-later","review":"未独立法语编辑校审"}
我做#wo zuo	{"word":"我做","pinyin":"wo zuo","short":["je fais…"],"senses":[{"text":"je fais…","pos":"短语"}],"note":"需接宾语。","category":"priority-common-2026-10-04","source":"词伴常用词与短语整理（AI）","license":"GPL-3.0-or-later","review":"未独立法语编辑校审"}
我准备#wo zhun bei	{"word":"我准备","pinyin":"wo zhun bei","short":["je me prépare à…"],"senses":[{"text":"je me prépare à…","pos":"短语"}],"note":"后接动词原形。","category":"priority-common-2026-10-04","source":"词伴常用词与短语整理（AI）","license":"GPL-3.0-or-later","review":"未独立法语编辑校审"}
我去#wo qu	{"word":"我去","pinyin":"wo qu","short":["je vais"],"senses":[{"text":"je vais","pos":"会话表达 / 短语"}],"note":"“我去巴黎”：Je vais à Paris.","source":"词伴常用词与短语整理（AI）","license":"GPL-3.0-or-later","review":"未独立法语编辑校审"}
我发现#wo fa xian	{"word":"我发现","pinyin":"wo fa xian","short":["je constate que…"],"senses":[{"text":"je constate que…","pos":"短语"}],"note":"需接从句。","category":"priority-common-2026-10-04","source":"词伴常用词与短语整理（AI）","license":"GPL-3.0-or-later","review":"未独立法语编辑校审"}
我只#wo zhi	{"word":"我只","pinyin":"wo zhi","short":["je ne fais que…"],"senses":[{"text":"je ne fais que…","pos":"短语"}],"note":"限定片段，后接具体行为。","category":"priority-common-2026-10-04","source":"词伴常用词与短语整理（AI）","license":"GPL-3.0-or-later","review":"未独立法语编辑校审"}
我只是#wo zhi shi	{"word":"我只是","pinyin":"wo zhi shi","short":["je suis simplement…"],"senses":[{"text":"je suis simplement…","pos":"短语"}],"note":"按“我只是某种身份”整理；行为句需另译。","category":"priority-common-2026-10-04","source":"词伴常用词与短语整理（AI）","license":"GPL-3.0-or-later","review":"未独立法语编辑校审"}
我可以#wo ke yi	{"word":"我可以","pinyin":"wo ke yi","short":["je peux…"],"senses":[{"text":"je peux…","pos":"短语"}],"note":"后接动词原形。","category":"priority-common-2026-10-04","source":"词伴常用词与短语整理（AI）","license":"GPL-3.0-or-later","review":"未独立法语编辑校审"}
我可能#wo ke neng	{"word":"我可能","pinyin":"wo ke neng","short":["je pourrais…"],"senses":[{"text":"je pourrais…","pos":"短语"}],"note":"可能发生或可能做，时态随语境。","category":"priority-common-2026-10-04","source":"词伴常用词与短语整理（AI）","license":"GPL-3.0-or-later","review":"未独立法语编辑校审"}
我吃#wo chi	{"word":"我吃","pinyin":"wo chi","short":["je mange…"],"senses":[{"text":"je mange…","pos":"短语"}],"note":"需补对象。","category":"priority-common-2026-10-04","source":"词伴常用词与短语整理（AI）","license":"GPL-3.0-or-later","review":"未独立法语编辑校审"}
我吃饭#wo chi fan	{"word":"我吃饭","pinyin":"wo chi fan","short":["je prends mon repas"],"senses":[{"text":"je prends mon repas","pos":"短语"}],"note":"常用表达；词形、主语和时态需随语境变化。","category":"priority-common-2026-10-04","source":"词伴常用词与短语整理（AI）","license":"GPL-3.0-or-later","review":"未独立法语编辑校审"}
我喜欢#wo xi huan	{"word":"我喜欢","pinyin":"wo xi huan","short":["j'aime"],"senses":[{"text":"j'aime","pos":"会话表达 / 短语"}],"note":"“我喜欢咖啡”：J'aime le café.","source":"词伴常用词与短语整理（AI）","license":"GPL-3.0-or-later","review":"未独立法语编辑校审"}
我回来#wo hui lai	{"word":"我回来","pinyin":"wo hui lai","short":["je reviens"],"senses":[{"text":"je reviens","pos":"短语"}],"note":"常用表达；词形、主语和时态需随语境变化。","category":"priority-common-2026-10-04","source":"词伴常用词与短语整理（AI）","license":"GPL-3.0-or-later","review":"未独立法语编辑校审"}
我在#wo zai	{"word":"我在","pinyin":"wo zai","short":["je suis à…"],"senses":[{"text":"je suis à…","pos":"会话表达 / 短语"}],"note":"表示所在地点；“我正在做”需用 Je suis en train de…","source":"词伴常用词与短语整理（AI）","license":"GPL-3.0-or-later","review":"未独立法语编辑校审"}
我好像#wo hao xiang	{"word":"我好像","pinyin":"wo hao xiang","short":["on dirait que je…"],"senses":[{"text":"on dirait que je…","pos":"短语"}],"note":"需补谓语。","category":"priority-common-2026-10-04","source":"词伴常用词与短语整理（AI）","license":"GPL-3.0-or-later","review":"未独立法语编辑校审"}
我妈#wo ma	{"word":"我妈","pinyin":"wo ma","short":["ma mère"],"senses":[{"text":"ma mère","pos":"名词","article":"","lemma":"ma mère"}],"note":"常用表达；词形、主语和时态需随语境变化。","category":"priority-common-2026-10-04","source":"词伴常用词与短语整理（AI）","license":"GPL-3.0-or-later","review":"未独立法语编辑校审"}
我就是#wo jiu shi	{"word":"我就是","pinyin":"wo jiu shi","short":["c’est moi qui…"],"senses":[{"text":"c’est moi qui…","pos":"短语"}],"note":"需接谓语。","category":"priority-common-2026-10-04","source":"词伴常用词与短语整理（AI）","license":"GPL-3.0-or-later","review":"未独立法语编辑校审"}
我已经#wo yi jing	{"word":"我已经","pinyin":"wo yi jing","short":["j'ai déjà…"],"senses":[{"text":"j'ai déjà…","pos":"会话表达 / 短语"}],"note":"后面补动词及适当时态。","source":"词伴常用词与短语整理（AI）","license":"GPL-3.0-or-later","review":"未独立法语编辑校审"}
我帮#wo bang	{"word":"我帮","pinyin":"wo bang","short":["je vais aider…"],"senses":[{"text":"je vais aider…","pos":"短语"}],"note":"后接对象。","category":"priority-common-2026-10-04","source":"词伴常用词与短语整理（AI）","license":"GPL-3.0-or-later","review":"未独立法语编辑校审"}
我很好#wo hen hao	{"word":"我很好","pinyin":"wo hen hao","short":["je vais bien"],"senses":[{"text":"je vais bien","pos":"会话表达 / 短语"}],"note":"回答问候或询问身体状况。","source":"词伴常用词与短语整理（AI）","license":"GPL-3.0-or-later","review":"未独立法语编辑校审"}
我得#wo de	{"word":"我得","pinyin":"wo de","short":["je dois…"],"senses":[{"text":"je dois…","pos":"短语"}],"note":"后接动词原形。","category":"priority-common-2026-10-04","source":"词伴常用词与短语整理（AI）","license":"GPL-3.0-or-later","review":"未独立法语编辑校审"}
我怕#wo pa	{"word":"我怕","pinyin":"wo pa","short":["j’ai peur"],"senses":[{"text":"j’ai peur","pos":"短语"}],"note":"常用表达；词形、主语和时态需随语境变化。","category":"priority-common-2026-10-04","source":"词伴常用词与短语整理（AI）","license":"GPL-3.0-or-later","review":"未独立法语编辑校审"}
我想#wo xiang	{"word":"我想","pinyin":"wo xiang","short":["je voudrais…","je pense que…"],"senses":[{"text":"je voudrais…","pos":"会话表达 / 短语"},{"text":"je pense que…","pos":"会话表达 / 短语"}],"note":"表达愿望与表达观点分别采用不同结构。","source":"词伴常用词与短语整理（AI）","license":"GPL-3.0-or-later","review":"未独立法语编辑校审"}
我想要#wo xiang yao	{"word":"我想要","pinyin":"wo xiang yao","short":["je voudrais…"],"senses":[{"text":"je voudrais…","pos":"会话表达 / 短语"}],"note":"较礼貌的请求；后接名词或动词原形。","source":"词伴常用词与短语整理（AI）","license":"GPL-3.0-or-later","review":"未独立法语编辑校审"}
我感觉#wo gan jue	{"word":"我感觉","pinyin":"wo gan jue","short":["j’ai l’impression que…"],"senses":[{"text":"j’ai l’impression que…","pos":"短语"}],"note":"需接从句。","category":"priority-common-2026-10-04","source":"词伴常用词与短语整理（AI）","license":"GPL-3.0-or-later","review":"未独立法语编辑校审"}
我懂#wo dong	{"word":"我懂","pinyin":"wo dong","short":["je comprends"],"senses":[{"text":"je comprends","pos":"短语"}],"note":"常用表达；词形、主语和时态需随语境变化。","category":"priority-common-2026-10-04","source":"词伴常用词与短语整理（AI）","license":"GPL-3.0-or-later","review":"未独立法语编辑校审"}
我找#wo zhao	{"word":"我找","pinyin":"wo zhao","short":["je cherche…"],"senses":[{"text":"je cherche…","pos":"短语"}],"note":"后接对象。","category":"priority-common-2026-10-04","source":"词伴常用词与短语整理（AI）","license":"GPL-3.0-or-later","review":"未独立法语编辑校审"}
我明天#wo ming tian	{"word":"我明天","pinyin":"wo ming tian","short":["demain, je…"],"senses":[{"text":"demain, je…","pos":"短语"}],"note":"需补谓语。","category":"priority-common-2026-10-04","source":"词伴常用词与短语整理（AI）","license":"GPL-3.0-or-later","review":"未独立法语编辑校审"}
我明白了#wo ming bai le	{"word":"我明白了","pinyin":"wo ming bai le","short":["j'ai compris"],"senses":[{"text":"j'ai compris","pos":"会话表达 / 短语"}],"note":"表示已经理解。","source":"词伴常用词与短语整理（AI）","license":"GPL-3.0-or-later","review":"未独立法语编辑校审"}
我昨天#wo zuo tian	{"word":"我昨天","pinyin":"wo zuo tian","short":["hier, je…"],"senses":[{"text":"hier, je…","pos":"短语"}],"note":"需补谓语。","category":"priority-common-2026-10-04","source":"词伴常用词与短语整理（AI）","license":"GPL-3.0-or-later","review":"未独立法语编辑校审"}
我是不是#wo shi bu shi	{"word":"我是不是","pinyin":"wo shi bu shi","short":["est-ce que je…"],"senses":[{"text":"est-ce que je…","pos":"短语"}],"note":"提问片段，需接谓语。","category":"priority-common-2026-10-04","source":"词伴常用词与短语整理（AI）","license":"GPL-3.0-or-later","review":"未独立法语编辑校审"}
我最近#wo zui jin	{"word":"我最近","pinyin":"wo zui jin","short":["ces derniers temps, je…"],"senses":[{"text":"ces derniers temps, je…","pos":"短语"}],"note":"需补谓语。","category":"priority-common-2026-10-04","source":"词伴常用词与短语整理（AI）","license":"GPL-3.0-or-later","review":"未独立法语编辑校审"}
我朋友#wo peng you	{"word":"我朋友","pinyin":"wo peng you","short":["mon ami","mon amie"],"senses":[{"text":"mon ami","pos":"名词","article":"","lemma":"mon ami"},{"text":"mon amie","pos":"名词","article":"","lemma":"mon amie"}],"note":"常用表达；词形、主语和时态需随语境变化。","category":"priority-common-2026-10-04","source":"词伴常用词与短语整理（AI）","license":"GPL-3.0-or-later","review":"未独立法语编辑校审"}
我来自中国#wo lai zi zhong guo	{"word":"我来自中国","pinyin":"wo lai zi zhong guo","short":["je viens de Chine"],"senses":[{"text":"je viens de Chine","pos":"会话表达 / 短语"}],"note":"介绍来源国。","source":"词伴常用词与短语整理（AI）","license":"GPL-3.0-or-later","review":"未独立法语编辑校审"}
我每天#wo mei tian	{"word":"我每天","pinyin":"wo mei tian","short":["tous les jours, je…"],"senses":[{"text":"tous les jours, je…","pos":"短语"}],"note":"需补谓语。","category":"priority-common-2026-10-04","source":"词伴常用词与短语整理（AI）","license":"GPL-3.0-or-later","review":"未独立法语编辑校审"}
我没有#wo mei you	{"word":"我没有","pinyin":"wo mei you","short":["je n’en ai pas"],"senses":[{"text":"je n’en ai pas","pos":"短语"}],"note":"指没有某物；不是“我没有做过”的通用表达。","category":"priority-common-2026-10-04","source":"词伴常用词与短语整理（AI）","license":"GPL-3.0-or-later","review":"未独立法语编辑校审"}
我渴了#wo ke le	{"word":"我渴了","pinyin":"wo ke le","short":["j'ai soif"],"senses":[{"text":"j'ai soif","pos":"会话表达 / 短语"}],"note":"法语用 avoir soif。","source":"词伴常用词与短语整理（AI）","license":"GPL-3.0-or-later","review":"未独立法语编辑校审"}
我爱#wo ai	{"word":"我爱","pinyin":"wo ai","short":["j’aime…"],"senses":[{"text":"j’aime…","pos":"短语"}],"note":"后接对象。","category":"priority-common-2026-10-04","source":"词伴常用词与短语整理（AI）","license":"GPL-3.0-or-later","review":"未独立法语编辑校审"}
我爸#wo ba	{"word":"我爸","pinyin":"wo ba","short":["mon père"],"senses":[{"text":"mon père","pos":"名词","article":"","lemma":"mon père"}],"note":"常用表达；词形、主语和时态需随语境变化。","category":"priority-common-2026-10-04","source":"词伴常用词与短语整理（AI）","license":"GPL-3.0-or-later","review":"未独立法语编辑校审"}
我猜#wo cai	{"word":"我猜","pinyin":"wo cai","short":["je suppose que…"],"senses":[{"text":"je suppose que…","pos":"短语"}],"note":"需接从句。","category":"priority-common-2026-10-04","source":"词伴常用词与短语整理（AI）","license":"GPL-3.0-or-later","review":"未独立法语编辑校审"}
我玩#wo wan	{"word":"我玩","pinyin":"wo wan","short":["je joue…"],"senses":[{"text":"je joue…","pos":"短语"}],"note":"需补游戏或对象。","category":"priority-common-2026-10-04","source":"词伴常用词与短语整理（AI）","license":"GPL-3.0-or-later","review":"未独立法语编辑校审"}
我现在#wo xian zai	{"word":"我现在","pinyin":"wo xian zai","short":["maintenant, je…"],"senses":[{"text":"maintenant, je…","pos":"会话表达 / 短语"}],"note":"句子片段，需要补完整动词。","source":"词伴常用词与短语整理（AI）","license":"GPL-3.0-or-later","review":"未独立法语编辑校审"}
我生病了#wo sheng bing le	{"word":"我生病了","pinyin":"wo sheng bing le","short":["je suis malade"],"senses":[{"text":"je suis malade","pos":"会话表达 / 短语"}],"note":"表示生病。","source":"词伴常用词与短语整理（AI）","license":"GPL-3.0-or-later","review":"未独立法语编辑校审"}
我用#wo yong	{"word":"我用","pinyin":"wo yong","short":["j’utilise…"],"senses":[{"text":"j’utilise…","pos":"短语"}],"note":"需接对象。","category":"priority-common-2026-10-04","source":"词伴常用词与短语整理（AI）","license":"GPL-3.0-or-later","review":"未独立法语编辑校审"}
我看#wo kan	{"word":"我看","pinyin":"wo kan","short":["je regarde"],"senses":[{"text":"je regarde","pos":"会话表达 / 短语"}],"note":"观看；“我看这很难”常用 Je pense que c'est difficile。","source":"词伴常用词与短语整理（AI）","license":"GPL-3.0-or-later","review":"未独立法语编辑校审"}
我看到#wo kan dao	{"word":"我看到","pinyin":"wo kan dao","short":["je vois…"],"senses":[{"text":"je vois…","pos":"短语"}],"note":"需接宾语。","category":"priority-common-2026-10-04","source":"词伴常用词与短语整理（AI）","license":"GPL-3.0-or-later","review":"未独立法语编辑校审"}
我知道#wo zhi dao	{"word":"我知道","pinyin":"wo zhi dao","short":["je sais"],"senses":[{"text":"je sais","pos":"会话表达 / 短语"}],"note":"知晓事实；认识人或熟悉地方通常用 connaître。","source":"词伴常用词与短语整理（AI）","license":"GPL-3.0-or-later","review":"未独立法语编辑校审"}
我累了#wo lei le	{"word":"我累了","pinyin":"wo lei le","short":["je suis fatigué / fatiguée"],"senses":[{"text":"je suis fatigué / fatiguée","pos":"会话表达 / 短语"}],"note":"形容词随说话者性别变化。","source":"词伴常用词与短语整理（AI）","license":"GPL-3.0-or-later","review":"未独立法语编辑校审"}
我能#wo neng	{"word":"我能","pinyin":"wo neng","short":["je peux…"],"senses":[{"text":"je peux…","pos":"短语"}],"note":"后接动词原形。","category":"priority-common-2026-10-04","source":"词伴常用词与短语整理（AI）","license":"GPL-3.0-or-later","review":"未独立法语编辑校审"}
我自己#wo zi ji	{"word":"我自己","pinyin":"wo zi ji","short":["moi-même"],"senses":[{"text":"moi-même","pos":"代词"}],"note":"常用表达；词形、主语和时态需随语境变化。","category":"priority-common-2026-10-04","source":"词伴常用词与短语整理（AI）","license":"GPL-3.0-or-later","review":"未独立法语编辑校审"}
我要买#wo yao mai	{"word":"我要买","pinyin":"wo yao mai","short":["je voudrais acheter…"],"senses":[{"text":"je voudrais acheter…","pos":"会话表达 / 短语"}],"note":"礼貌表达购买意愿。","source":"词伴常用词与短语整理（AI）","license":"GPL-3.0-or-later","review":"未独立法语编辑校审"}
我觉得#wo jue de	{"word":"我觉得","pinyin":"wo jue de","short":["je pense que…","je trouve que…"],"senses":[{"text":"je pense que…","pos":"会话表达 / 短语"},{"text":"je trouve que…","pos":"会话表达 / 短语"}],"note":"表达看法；后面接从句；评价事物常用 je trouve。","source":"词伴常用词与短语整理（AI）","license":"GPL-3.0-or-later","review":"未独立法语编辑校审"}
我觉得你#wo jue de ni	{"word":"我觉得你","pinyin":"wo jue de ni","short":["je pense que tu…"],"senses":[{"text":"je pense que tu…","pos":"短语"}],"note":"需补谓语。","category":"priority-common-2026-10-04","source":"词伴常用词与短语整理（AI）","license":"GPL-3.0-or-later","review":"未独立法语编辑校审"}
我觉得我#wo jue de wo	{"word":"我觉得我","pinyin":"wo jue de wo","short":["je pense que je…"],"senses":[{"text":"je pense que je…","pos":"短语"}],"note":"需补谓语。","category":"priority-common-2026-10-04","source":"词伴常用词与短语整理（AI）","license":"GPL-3.0-or-later","review":"未独立法语编辑校审"}
我记得#wo ji de	{"word":"我记得","pinyin":"wo ji de","short":["je me souviens"],"senses":[{"text":"je me souviens","pos":"短语"}],"note":"常用表达；词形、主语和时态需随语境变化。","category":"priority-common-2026-10-04","source":"词伴常用词与短语整理（AI）","license":"GPL-3.0-or-later","review":"未独立法语编辑校审"}
我说#wo shuo	{"word":"我说","pinyin":"wo shuo","short":["je dis"],"senses":[{"text":"je dis","pos":"会话表达 / 短语"}],"note":"“我说过”：J'ai dit；时态取决于句子。","source":"词伴常用词与短语整理（AI）","license":"GPL-3.0-or-later","review":"未独立法语编辑校审"}
我说的#wo shuo de	{"word":"我说的","pinyin":"wo shuo de","short":["ce que je dis"],"senses":[{"text":"ce que je dis","pos":"短语"}],"note":"常用表达；词形、主语和时态需随语境变化。","category":"priority-common-2026-10-04","source":"词伴常用词与短语整理（AI）","license":"GPL-3.0-or-later","review":"未独立法语编辑校审"}
我走#wo zou	{"word":"我走","pinyin":"wo zou","short":["je pars"],"senses":[{"text":"je pars","pos":"短语"}],"note":"常用表达；词形、主语和时态需随语境变化。","category":"priority-common-2026-10-04","source":"词伴常用词与短语整理（AI）","license":"GPL-3.0-or-later","review":"未独立法语编辑校审"}
我跟#wo gen	{"word":"我跟","pinyin":"wo gen","short":["moi et…"],"senses":[{"text":"moi et…","pos":"短语"}],"note":"后接同行者，具体句子可使用 je… avec…。","category":"priority-common-2026-10-04","source":"词伴常用词与短语整理（AI）","license":"GPL-3.0-or-later","review":"未独立法语编辑校审"}
我这里#wo zhe li	{"word":"我这里","pinyin":"wo zhe li","short":["chez moi"],"senses":[{"text":"chez moi","pos":"短语"}],"note":"常用表达；词形、主语和时态需随语境变化。","category":"priority-common-2026-10-04","source":"词伴常用词与短语整理（AI）","license":"GPL-3.0-or-later","review":"未独立法语编辑校审"}
我迷路了#wo mi lu le	{"word":"我迷路了","pinyin":"wo mi lu le","short":["je suis perdu / perdue"],"senses":[{"text":"je suis perdu / perdue","pos":"会话表达 / 短语"}],"note":"随说话者性别变化。","source":"词伴常用词与短语整理（AI）","license":"GPL-3.0-or-later","review":"未独立法语编辑校审"}
我错了#wo cuo le	{"word":"我错了","pinyin":"wo cuo le","short":["je me suis trompé","je me suis trompée"],"senses":[{"text":"je me suis trompé","pos":"短语"},{"text":"je me suis trompée","pos":"短语"}],"note":"常用表达；词形、主语和时态需随语境变化。","category":"priority-common-2026-10-04","source":"词伴常用词与短语整理（AI）","license":"GPL-3.0-or-later","review":"未独立法语编辑校审"}
我需要#wo xu yao	{"word":"我需要","pinyin":"wo xu yao","short":["j'ai besoin de…"],"senses":[{"text":"j'ai besoin de…","pos":"会话表达 / 短语"}],"note":"后接名词或动词原形。","source":"词伴常用词与短语整理（AI）","license":"GPL-3.0-or-later","review":"未独立法语编辑校审"}
我饿了#wo e le	{"word":"我饿了","pinyin":"wo e le","short":["j'ai faim"],"senses":[{"text":"j'ai faim","pos":"会话表达 / 短语"}],"note":"法语用 avoir faim。","source":"词伴常用词与短语整理（AI）","license":"GPL-3.0-or-later","review":"未独立法语编辑校审"}
或者#huo zhe	{"word":"或者","pinyin":"huo zhe","short":["ou"],"senses":[{"text":"ou","pos":"连词"}],"note":"常用译法，词形和具体含义需随语境调整。","source":"词伴常用词与短语整理（AI）","license":"GPL-3.0-or-later","review":"未独立法语编辑校审"}
截图#jie tu	{"word":"截图","pinyin":"jie tu","short":["la capture d’écran"],"senses":[{"text":"la capture d’écran","pos":"名词","article":"la","lemma":"capture d’écran","gender":"阴性"}],"note":"常用表达；词形、主语和时态需随语境变化。","category":"priority-common-2026-10-04","source":"词伴常用词与短语整理（AI）","license":"GPL-3.0-or-later","review":"未独立法语编辑校审"}
截止日期#jie zhi ri qi	{"word":"截止日期","pinyin":"jie zhi ri qi","short":["la date limite"],"senses":[{"text":"la date limite","pos":"名词","article":"la","lemma":"date limite","gender":"阴性"}],"note":"常用表达；词形、主语和时态需随语境变化。","category":"priority-common-2026-10-04","source":"词伴常用词与短语整理（AI）","license":"GPL-3.0-or-later","review":"未独立法语编辑校审"}
房卡#fang ka	{"word":"房卡","pinyin":"fang ka","short":["la carte de la chambre"],"senses":[{"text":"la carte de la chambre","pos":"名词","article":"la","lemma":"carte de la chambre","gender":"阴性"}],"note":"常用表达；词形、主语和时态需随语境变化。","category":"priority-common-2026-10-04","source":"词伴常用词与短语整理（AI）","license":"GPL-3.0-or-later","review":"未独立法语编辑校审"}
房间#fang jian	{"word":"房间","pinyin":"fang jian","short":["la chambre"],"senses":[{"text":"la chambre","pos":"名词","gender":"阴性","lemma":"chambre","article":"la"}],"note":"常用译法，词形和具体含义需随语境调整。","source":"词伴常用词与短语整理（AI）","license":"GPL-3.0-or-later","review":"未独立法语编辑校审"}
所以#suo yi	{"word":"所以","pinyin":"suo yi","short":["donc"],"senses":[{"text":"donc","pos":"连词"}],"note":"常用译法，词形和具体含义需随语境调整。","source":"词伴常用词与短语整理（AI）","license":"GPL-3.0-or-later","review":"未独立法语编辑校审"}
所以你#suo yi ni	{"word":"所以你","pinyin":"suo yi ni","short":["donc tu…"],"senses":[{"text":"donc tu…","pos":"短语"}],"note":"需补谓语。","category":"priority-common-2026-10-04","source":"词伴常用词与短语整理（AI）","license":"GPL-3.0-or-later","review":"未独立法语编辑校审"}
所以我#suo yi wo	{"word":"所以我","pinyin":"suo yi wo","short":["donc je…"],"senses":[{"text":"donc je…","pos":"短语"}],"note":"需补谓语。","category":"priority-common-2026-10-04","source":"词伴常用词与短语整理（AI）","license":"GPL-3.0-or-later","review":"未独立法语编辑校审"}
所有的#suo you de	{"word":"所有的","pinyin":"suo you de","short":["tous les","toutes les"],"senses":[{"text":"tous les","pos":"形容词"},{"text":"toutes les","pos":"形容词"}],"note":"随后接名词的性别变化。","category":"priority-common-2026-10-04","source":"词伴常用词与短语整理（AI）","license":"GPL-3.0-or-later","review":"未独立法语编辑校审"}
扇贝#shan bei	{"word":"扇贝","pinyin":"shan bei","short":["la coquille Saint-Jacques"],"senses":[{"text":"la coquille Saint-Jacques","pos":"名词","article":"la","lemma":"coquille Saint-Jacques","gender":"阴性"}],"note":"常用表达；词形、主语和时态需随语境变化。","category":"priority-common-2026-10-04","source":"词伴常用词与短语整理（AI）","license":"GPL-3.0-or-later","review":"未独立法语编辑校审"}
手#shou	{"word":"手","pinyin":"shou","short":["la main"],"senses":[{"text":"la main","pos":"名词","gender":"阴性","lemma":"main","article":"la"}],"note":"常用译法，词形和具体含义需随语境调整。","source":"词伴常用词与短语整理（AI）","license":"GPL-3.0-or-later","review":"未独立法语编辑校审"}
手机#shou ji	{"word":"手机","pinyin":"shou ji","short":["le téléphone"],"senses":[{"text":"le téléphone","pos":"名词","gender":"阳性","lemma":"téléphone","article":"le"}],"note":"常用译法，词形和具体含义需随语境调整。","source":"词伴常用词与短语整理（AI）","license":"GPL-3.0-or-later","review":"未独立法语编辑校审"}
才知道#cai zhi dao	{"word":"才知道","pinyin":"cai zhi dao","short":["ne l’apprendre que maintenant"],"senses":[{"text":"ne l’apprendre que maintenant","pos":"短语"}],"note":"表示直到现在才知道。","category":"priority-common-2026-10-04","source":"词伴常用词与短语整理（AI）","license":"GPL-3.0-or-later","review":"未独立法语编辑校审"}
打包#da bao	{"word":"打包","pinyin":"da bao","short":["à emporter"],"senses":[{"text":"à emporter","pos":"会话表达 / 短语"}],"note":"餐饮外带；“打包文件”是另一种含义。","source":"词伴常用词与短语整理（AI）","license":"GPL-3.0-or-later","review":"未独立法语编辑校审"}
打卡#da ka	{"word":"打卡","pinyin":"da ka","short":["pointer","faire un check-in"],"senses":[{"text":"pointer","pos":"动词 / 动词短语","lemma":"pointer"},{"text":"faire un check-in","pos":"动词 / 动词短语","lemma":"faire un check-in"}],"note":"第一项为上下班打卡；第二项为到访或网络打卡。","category":"priority-common-2026-10-04","source":"词伴常用词与短语整理（AI）","license":"GPL-3.0-or-later","review":"未独立法语编辑校审"}
打开#da kai	{"word":"打开","pinyin":"da kai","short":["ouvrir"],"senses":[{"text":"ouvrir","pos":"动词 / 动词短语","lemma":"ouvrir"}],"note":"常用译法，词形和具体含义需随语境调整。","source":"词伴常用词与短语整理（AI）","license":"GPL-3.0-or-later","review":"未独立法语编辑校审"}
打折#da zhe	{"word":"打折","pinyin":"da zhe","short":["faire une réduction"],"senses":[{"text":"faire une réduction","pos":"动词 / 动词短语","lemma":"faire une réduction"}],"note":"常用表达；词形、主语和时态需随语境变化。","category":"priority-common-2026-10-04","source":"词伴常用词与短语整理（AI）","license":"GPL-3.0-or-later","review":"未独立法语编辑校审"}
打电话#da dian hua	{"word":"打电话","pinyin":"da dian hua","short":["téléphoner"],"senses":[{"text":"téléphoner","pos":"会话表达 / 短语"}],"note":"给某人打电话用 téléphoner à quelqu'un。","source":"词伴常用词与短语整理（AI）","license":"GPL-3.0-or-later","review":"未独立法语编辑校审"}
扫帚#sao zhou	{"word":"扫帚","pinyin":"sao zhou","short":["le balai"],"senses":[{"text":"le balai","pos":"名词","article":"le","lemma":"balai","gender":"阳性"}],"note":"常用表达；词形、主语和时态需随语境变化。","category":"priority-common-2026-10-04","source":"词伴常用词与短语整理（AI）","license":"GPL-3.0-or-later","review":"未独立法语编辑校审"}
扫码#sao ma	{"word":"扫码","pinyin":"sao ma","short":["scanner un code"],"senses":[{"text":"scanner un code","pos":"动词 / 动词短语","lemma":"scanner un code"}],"note":"常用表达；词形、主语和时态需随语境变化。","category":"priority-common-2026-10-04","source":"词伴常用词与短语整理（AI）","license":"GPL-3.0-or-later","review":"未独立法语编辑校审"}
找#zhao	{"word":"找","pinyin":"zhao","short":["chercher"],"senses":[{"text":"chercher","pos":"动词 / 动词短语","lemma":"chercher"}],"note":"常用译法，词形和具体含义需随语境调整。","source":"词伴常用词与短语整理（AI）","license":"GPL-3.0-or-later","review":"未独立法语编辑校审"}
找个#zhao ge	{"word":"找个","pinyin":"zhao ge","short":["chercher un…"],"senses":[{"text":"chercher un…","pos":"动词 / 动词短语","lemma":"chercher un…"}],"note":"需接具体名词。","category":"priority-common-2026-10-04","source":"词伴常用词与短语整理（AI）","license":"GPL-3.0-or-later","review":"未独立法语编辑校审"}
找了#zhao le	{"word":"找了","pinyin":"zhao le","short":["avoir cherché"],"senses":[{"text":"avoir cherché","pos":"动词 / 动词短语","lemma":"avoir cherché"}],"note":"常用表达；词形、主语和时态需随语境变化。","category":"priority-common-2026-10-04","source":"词伴常用词与短语整理（AI）","license":"GPL-3.0-or-later","review":"未独立法语编辑校审"}
找你#zhao ni	{"word":"找你","pinyin":"zhao ni","short":["venir te voir"],"senses":[{"text":"venir te voir","pos":"动词 / 动词短语","lemma":"venir te voir"}],"note":"按“去找你”整理；寻找你可用 te chercher。","category":"priority-common-2026-10-04","source":"词伴常用词与短语整理（AI）","license":"GPL-3.0-or-later","review":"未独立法语编辑校审"}
找到#zhao dao	{"word":"找到","pinyin":"zhao dao","short":["trouver"],"senses":[{"text":"trouver","pos":"动词 / 动词短语","lemma":"trouver"}],"note":"常用译法，词形和具体含义需随语境调整。","source":"词伴常用词与短语整理（AI）","license":"GPL-3.0-or-later","review":"未独立法语编辑校审"}
找到了#zhao dao le	{"word":"找到了","pinyin":"zhao dao le","short":["j’ai trouvé"],"senses":[{"text":"j’ai trouvé","pos":"短语"}],"note":"按“我找到了”整理，其他主语需变位。","category":"priority-common-2026-10-04","source":"词伴常用词与短语整理（AI）","license":"GPL-3.0-or-later","review":"未独立法语编辑校审"}
找我#zhao wo	{"word":"找我","pinyin":"zhao wo","short":["venir me voir"],"senses":[{"text":"venir me voir","pos":"动词 / 动词短语","lemma":"venir me voir"}],"note":"按“来找我”整理；寻找我可用 me chercher。","category":"priority-common-2026-10-04","source":"词伴常用词与短语整理（AI）","license":"GPL-3.0-or-later","review":"未独立法语编辑校审"}
折扣#zhe kou	{"word":"折扣","pinyin":"zhe kou","short":["la réduction"],"senses":[{"text":"la réduction","pos":"名词","article":"la","lemma":"réduction","gender":"阴性"}],"note":"常用表达；词形、主语和时态需随语境变化。","category":"priority-common-2026-10-04","source":"词伴常用词与短语整理（AI）","license":"GPL-3.0-or-later","review":"未独立法语编辑校审"}
护发素#hu fa su	{"word":"护发素","pinyin":"hu fa su","short":["l’après-shampoing"],"senses":[{"text":"l’après-shampoing","pos":"名词","article":"l’","lemma":"après-shampoing"}],"note":"阳性名词。","category":"priority-common-2026-10-04","source":"词伴常用词与短语整理（AI）","license":"GPL-3.0-or-later","review":"未独立法语编辑校审"}
护手霜#hu shou shuang	{"word":"护手霜","pinyin":"hu shou shuang","short":["la crème pour les mains"],"senses":[{"text":"la crème pour les mains","pos":"名词","article":"la","lemma":"crème pour les mains","gender":"阴性"}],"note":"常用表达；词形、主语和时态需随语境变化。","category":"priority-common-2026-10-04","source":"词伴常用词与短语整理（AI）","license":"GPL-3.0-or-later","review":"未独立法语编辑校审"}
护照#hu zhao	{"word":"护照","pinyin":"hu zhao","short":["le passeport"],"senses":[{"text":"le passeport","pos":"名词","gender":"阳性","lemma":"passeport","article":"le"}],"note":"常用译法，词形和具体含义需随语境调整。","source":"词伴常用词与短语整理（AI）","license":"GPL-3.0-or-later","review":"未独立法语编辑校审"}
报销#bao xiao	{"word":"报销","pinyin":"bao xiao","short":["se faire rembourser"],"senses":[{"text":"se faire rembourser","pos":"动词 / 动词短语","lemma":"se faire rembourser"}],"note":"报销费用。","category":"priority-common-2026-10-04","source":"词伴常用词与短语整理（AI）","license":"GPL-3.0-or-later","review":"未独立法语编辑校审"}
披萨#pi sa	{"word":"披萨","pinyin":"pi sa","short":["la pizza"],"senses":[{"text":"la pizza","pos":"名词","article":"la","lemma":"pizza","gender":"阴性"}],"note":"常用表达；词形、主语和时态需随语境变化。","category":"priority-common-2026-10-04","source":"词伴常用词与短语整理（AI）","license":"GPL-3.0-or-later","review":"未独立法语编辑校审"}
抱歉#bao qian	{"word":"抱歉","pinyin":"bao qian","short":["désolé"],"senses":[{"text":"désolé","pos":"形容词"}],"note":"常用译法，词形和具体含义需随语境调整。","source":"词伴常用词与短语整理（AI）","license":"GPL-3.0-or-later","review":"未独立法语编辑校审"}
抱着#bao zhe	{"word":"抱着","pinyin":"bao zhe","short":["tenir dans ses bras"],"senses":[{"text":"tenir dans ses bras","pos":"动词 / 动词短语","lemma":"tenir dans ses bras"}],"note":"常用表达；词形、主语和时态需随语境变化。","category":"priority-common-2026-10-04","source":"词伴常用词与短语整理（AI）","license":"GPL-3.0-or-later","review":"未独立法语编辑校审"}
抹布#ma bu	{"word":"抹布","pinyin":"ma bu","short":["le chiffon"],"senses":[{"text":"le chiffon","pos":"名词","article":"le","lemma":"chiffon","gender":"阳性"}],"note":"常用表达；词形、主语和时态需随语境变化。","category":"priority-common-2026-10-04","source":"词伴常用词与短语整理（AI）","license":"GPL-3.0-or-later","review":"未独立法语编辑校审"}
拍照#pai zhao	{"word":"拍照","pinyin":"pai zhao","short":["photographier"],"senses":[{"text":"photographier","pos":"动词 / 动词短语","lemma":"photographier"}],"note":"常用译法，词形和具体含义需随语境调整。","source":"词伴常用词与短语整理（AI）","license":"GPL-3.0-or-later","review":"未独立法语编辑校审"}
拖把#tuo ba	{"word":"拖把","pinyin":"tuo ba","short":["la serpillière"],"senses":[{"text":"la serpillière","pos":"名词","article":"la","lemma":"serpillière","gender":"阴性"}],"note":"常用表达；词形、主语和时态需随语境变化。","category":"priority-common-2026-10-04","source":"词伴常用词与短语整理（AI）","license":"GPL-3.0-or-later","review":"未独立法语编辑校审"}
拖鞋#tuo xie	{"word":"拖鞋","pinyin":"tuo xie","short":["les chaussons"],"senses":[{"text":"les chaussons","pos":"名词","article":"les","lemma":"chaussons"}],"note":"chausson 为阳性，常用复数。","category":"priority-common-2026-10-04","source":"词伴常用词与短语整理（AI）","license":"GPL-3.0-or-later","review":"未独立法语编辑校审"}
招聘#zhao pin	{"word":"招聘","pinyin":"zhao pin","short":["le recrutement"],"senses":[{"text":"le recrutement","pos":"名词","article":"le","lemma":"recrutement","gender":"阳性"}],"note":"常用表达；词形、主语和时态需随语境变化。","category":"priority-common-2026-10-04","source":"词伴常用词与短语整理（AI）","license":"GPL-3.0-or-later","review":"未独立法语编辑校审"}
拧开#ning kai	{"word":"拧开","pinyin":"ning kai","short":["dévisser"],"senses":[{"text":"dévisser","pos":"动词 / 动词短语","lemma":"dévisser"}],"note":"旋开瓶盖或螺纹物。","category":"priority-common-2026-10-04","source":"词伴常用词与短语整理（AI）","license":"GPL-3.0-or-later","review":"未独立法语编辑校审"}
拧紧#ning jin	{"word":"拧紧","pinyin":"ning jin","short":["visser","serrer"],"senses":[{"text":"visser","pos":"动词 / 动词短语","lemma":"visser"},{"text":"serrer","pos":"动词 / 动词短语","lemma":"serrer"}],"note":"旋紧/紧固，按对象选择。","category":"priority-common-2026-10-04","source":"词伴常用词与短语整理（AI）","license":"GPL-3.0-or-later","review":"未独立法语编辑校审"}
拿#na	{"word":"拿","pinyin":"na","short":["prendre"],"senses":[{"text":"prendre","pos":"动词 / 动词短语","lemma":"prendre"}],"note":"常用译法，词形和具体含义需随语境调整。","source":"词伴常用词与短语整理（AI）","license":"GPL-3.0-or-later","review":"未独立法语编辑校审"}
挂号#gua hao	{"word":"挂号","pinyin":"gua hao","short":["prendre rendez-vous médical"],"senses":[{"text":"prendre rendez-vous médical","pos":"动词 / 动词短语","lemma":"prendre rendez-vous médical"}],"note":"医疗挂号；邮政挂号另译。","category":"priority-common-2026-10-04","source":"词伴常用词与短语整理（AI）","license":"GPL-3.0-or-later","review":"未独立法语编辑校审"}
指甲剪#zhi jia jian	{"word":"指甲剪","pinyin":"zhi jia jian","short":["le coupe-ongles"],"senses":[{"text":"le coupe-ongles","pos":"名词","article":"le","lemma":"coupe-ongles","gender":"阳性"}],"note":"常用表达；词形、主语和时态需随语境变化。","category":"priority-common-2026-10-04","source":"词伴常用词与短语整理（AI）","license":"GPL-3.0-or-later","review":"未独立法语编辑校审"}
挺好的#ting hao de	{"word":"挺好的","pinyin":"ting hao de","short":["c’est plutôt bien"],"senses":[{"text":"c’est plutôt bien","pos":"短语"}],"note":"常用表达；词形、主语和时态需随语境变化。","category":"priority-common-2026-10-04","source":"词伴常用词与短语整理（AI）","license":"GPL-3.0-or-later","review":"未独立法语编辑校审"}
挺好看#ting hao kan	{"word":"挺好看","pinyin":"ting hao kan","short":["c’est plutôt joli"],"senses":[{"text":"c’est plutôt joli","pos":"短语"}],"note":"常用表达；词形、主语和时态需随语境变化。","category":"priority-common-2026-10-04","source":"词伴常用词与短语整理（AI）","license":"GPL-3.0-or-later","review":"未独立法语编辑校审"}
换个#huan ge	{"word":"换个","pinyin":"huan ge","short":["changer de…"],"senses":[{"text":"changer de…","pos":"动词 / 动词短语","lemma":"changer de…"}],"note":"需接具体名词。","category":"priority-common-2026-10-04","source":"词伴常用词与短语整理（AI）","license":"GPL-3.0-or-later","review":"未独立法语编辑校审"}
换乘#huan cheng	{"word":"换乘","pinyin":"huan cheng","short":["prendre une correspondance"],"senses":[{"text":"prendre une correspondance","pos":"动词 / 动词短语","lemma":"prendre une correspondance"}],"note":"常用表达；词形、主语和时态需随语境变化。","category":"priority-common-2026-10-04","source":"词伴常用词与短语整理（AI）","license":"GPL-3.0-or-later","review":"未独立法语编辑校审"}
换了#huan le	{"word":"换了","pinyin":"huan le","short":["avoir changé"],"senses":[{"text":"avoir changé","pos":"动词 / 动词短语","lemma":"avoir changé"}],"note":"常用表达；词形、主语和时态需随语境变化。","category":"priority-common-2026-10-04","source":"词伴常用词与短语整理（AI）","license":"GPL-3.0-or-later","review":"未独立法语编辑校审"}
掉了#diao le	{"word":"掉了","pinyin":"diao le","short":["est tombé","est tombée"],"senses":[{"text":"est tombé","pos":"短语"},{"text":"est tombée","pos":"短语"}],"note":"物品掉落，需补主语。","category":"priority-common-2026-10-04","source":"词伴常用词与短语整理（AI）","license":"GPL-3.0-or-later","review":"未独立法语编辑校审"}
排班#pai ban	{"word":"排班","pinyin":"pai ban","short":["le planning des équipes"],"senses":[{"text":"le planning des équipes","pos":"名词","article":"le","lemma":"planning des équipes","gender":"阳性"}],"note":"常用表达；词形、主语和时态需随语境变化。","category":"priority-common-2026-10-04","source":"词伴常用词与短语整理（AI）","license":"GPL-3.0-or-later","review":"未独立法语编辑校审"}
排队#pai dui	{"word":"排队","pinyin":"pai dui","short":["faire la queue"],"senses":[{"text":"faire la queue","pos":"动词 / 动词短语","lemma":"faire la queue"}],"note":"常用表达；词形、主语和时态需随语境变化。","category":"priority-common-2026-10-04","source":"词伴常用词与短语整理（AI）","license":"GPL-3.0-or-later","review":"未独立法语编辑校审"}
插头#cha tou	{"word":"插头","pinyin":"cha tou","short":["la fiche électrique"],"senses":[{"text":"la fiche électrique","pos":"名词","article":"la","lemma":"fiche électrique","gender":"阴性"}],"note":"常用表达；词形、主语和时态需随语境变化。","category":"priority-common-2026-10-04","source":"词伴常用词与短语整理（AI）","license":"GPL-3.0-or-later","review":"未独立法语编辑校审"}
插座#cha zuo	{"word":"插座","pinyin":"cha zuo","short":["la prise électrique"],"senses":[{"text":"la prise électrique","pos":"名词","article":"la","lemma":"prise électrique","gender":"阴性"}],"note":"常用表达；词形、主语和时态需随语境变化。","category":"priority-common-2026-10-04","source":"词伴常用词与短语整理（AI）","license":"GPL-3.0-or-later","review":"未独立法语编辑校审"}
摸头#mo tou	{"word":"摸头","pinyin":"mo tou","short":["caresser la tête"],"senses":[{"text":"caresser la tête","pos":"动词 / 动词短语","lemma":"caresser la tête"}],"note":"常用表达；词形、主语和时态需随语境变化。","category":"priority-common-2026-10-04","source":"词伴常用词与短语整理（AI）","license":"GPL-3.0-or-later","review":"未独立法语编辑校审"}
摸摸头#mo mo tou	{"word":"摸摸头","pinyin":"mo mo tou","short":["une petite caresse sur la tête"],"senses":[{"text":"une petite caresse sur la tête","pos":"短语"}],"note":"安慰式动作。","category":"priority-common-2026-10-04","source":"词伴常用词与短语整理（AI）","license":"GPL-3.0-or-later","review":"未独立法语编辑校审"}
支付#zhi fu	{"word":"支付","pinyin":"zhi fu","short":["payer"],"senses":[{"text":"payer","pos":"动词 / 动词短语","lemma":"payer"}],"note":"常用译法，词形和具体含义需随语境调整。","source":"词伴常用词与短语整理（AI）","license":"GPL-3.0-or-later","review":"未独立法语编辑校审"}
支持你#zhi chi ni	{"word":"支持你","pinyin":"zhi chi ni","short":["te soutenir"],"senses":[{"text":"te soutenir","pos":"动词 / 动词短语","lemma":"te soutenir"}],"note":"常用表达；词形、主语和时态需随语境变化。","category":"priority-common-2026-10-04","source":"词伴常用词与短语整理（AI）","license":"GPL-3.0-or-later","review":"未独立法语编辑校审"}
收件人#shou jian ren	{"word":"收件人","pinyin":"shou jian ren","short":["le destinataire"],"senses":[{"text":"le destinataire","pos":"名词","article":"le","lemma":"destinataire","gender":"阳性"}],"note":"女性 la destinataire。","category":"priority-common-2026-10-04","source":"词伴常用词与短语整理（AI）","license":"GPL-3.0-or-later","review":"未独立法语编辑校审"}
收据#shou ju	{"word":"收据","pinyin":"shou ju","short":["le reçu"],"senses":[{"text":"le reçu","pos":"名词","article":"le","lemma":"reçu","gender":"阳性"}],"note":"常用表达；词形、主语和时态需随语境变化。","category":"priority-common-2026-10-04","source":"词伴常用词与短语整理（AI）","license":"GPL-3.0-or-later","review":"未独立法语编辑校审"}
收货#shou huo	{"word":"收货","pinyin":"shou huo","short":["réceptionner une livraison"],"senses":[{"text":"réceptionner une livraison","pos":"动词 / 动词短语","lemma":"réceptionner une livraison"}],"note":"常用表达；词形、主语和时态需随语境变化。","category":"priority-common-2026-10-04","source":"词伴常用词与短语整理（AI）","license":"GPL-3.0-or-later","review":"未独立法语编辑校审"}
放#fang	{"word":"放","pinyin":"fang","short":["poser"],"senses":[{"text":"poser","pos":"动词 / 动词短语","lemma":"poser"}],"note":"常用译法，词形和具体含义需随语境调整。","source":"词伴常用词与短语整理（AI）","license":"GPL-3.0-or-later","review":"未独立法语编辑校审"}
放假了#fang jia le	{"word":"放假了","pinyin":"fang jia le","short":["c’est les vacances"],"senses":[{"text":"c’est les vacances","pos":"短语"}],"note":"日常口语。","category":"priority-common-2026-10-04","source":"词伴常用词与短语整理（AI）","license":"GPL-3.0-or-later","review":"未独立法语编辑校审"}
教#jiao	{"word":"教","pinyin":"jiao","short":["enseigner","une religion"],"senses":[{"text":"enseigner","pos":"动词 / 动词短语","lemma":"enseigner"},{"text":"une religion","pos":"名词","gender":"阴性","lemma":"religion"}],"note":"jiao1 表示教学，jiao4 可指宗教；无声调输入依赖语境。","source":"词伴常用词与短语整理（AI）","license":"GPL-3.0-or-later","review":"未独立法语编辑校审"}
教区#jiao qu	{"word":"教区","pinyin":"jiao qu","short":["le diocèse"],"senses":[{"text":"le diocèse","pos":"名词","article":"le","lemma":"diocèse","gender":"阳性"}],"note":"主教辖区；基层堂区可用 la paroisse。","category":"priority-common-2026-10-04","source":"词伴常用词与短语整理（AI）","license":"GPL-3.0-or-later","review":"未独立法语编辑校审"}
散步#san bu	{"word":"散步","pinyin":"san bu","short":["se promener"],"senses":[{"text":"se promener","pos":"动词 / 动词短语","lemma":"se promener"}],"note":"常用译法，词形和具体含义需随语境调整。","source":"词伴常用词与短语整理（AI）","license":"GPL-3.0-or-later","review":"未独立法语编辑校审"}
数#shu	{"word":"数","pinyin":"shu","short":["compter","un nombre"],"senses":[{"text":"compter","pos":"动词 / 动词短语","lemma":"compter"},{"text":"un nombre","pos":"名词","gender":"阳性","lemma":"nombre"}],"note":"shu3 是数数，shu4 是数量；无声调输入依靠上下文。","source":"词伴常用词与短语整理（AI）","license":"GPL-3.0-or-later","review":"未独立法语编辑校审"}
数#shuo	{"word":"数","pinyin":"shuo","short":["fréquemment"],"senses":[{"text":"fréquemment","pos":"副词"}],"note":"较少见的读音，如“数见不鲜”。","source":"词伴常用词与短语整理（AI）","license":"GPL-3.0-or-later","review":"未独立法语编辑校审"}
数据线#shu ju xian	{"word":"数据线","pinyin":"shu ju xian","short":["le câble de données"],"senses":[{"text":"le câble de données","pos":"名词","article":"le","lemma":"câble de données","gender":"阳性"}],"note":"常用表达；词形、主语和时态需随语境变化。","category":"priority-common-2026-10-04","source":"词伴常用词与短语整理（AI）","license":"GPL-3.0-or-later","review":"未独立法语编辑校审"}
文件夹#wen jian jia	{"word":"文件夹","pinyin":"wen jian jia","short":["le dossier"],"senses":[{"text":"le dossier","pos":"名词","article":"le","lemma":"dossier","gender":"阳性"}],"note":"常用表达；词形、主语和时态需随语境变化。","category":"priority-common-2026-10-04","source":"词伴常用词与短语整理（AI）","license":"GPL-3.0-or-later","review":"未独立法语编辑校审"}
新#xin	{"word":"新","pinyin":"xin","short":["nouveau"],"senses":[{"text":"nouveau","pos":"形容词"}],"note":"常用译法，词形和具体含义需随语境调整。","source":"词伴常用词与短语整理（AI）","license":"GPL-3.0-or-later","review":"未独立法语编辑校审"}
新年快乐#xin nian kuai le	{"word":"新年快乐","pinyin":"xin nian kuai le","short":["bonne année !"],"senses":[{"text":"bonne année !","pos":"会话表达 / 短语"}],"note":"新年祝福。","source":"词伴常用词与短语整理（AI）","license":"GPL-3.0-or-later","review":"未独立法语编辑校审"}
旅游#lv you	{"word":"旅游","pinyin":"lv you","short":["le tourisme"],"senses":[{"text":"le tourisme","pos":"名词","gender":"阳性","lemma":"tourisme","article":"le"}],"note":"常用译法，词形和具体含义需随语境调整。","source":"词伴常用词与短语整理（AI）","license":"GPL-3.0-or-later","review":"未独立法语编辑校审"}
旅行#lv xing	{"word":"旅行","pinyin":"lv xing","short":["voyager","le voyage"],"senses":[{"text":"voyager","pos":"动词 / 动词短语","lemma":"voyager"},{"text":"le voyage","pos":"名词","gender":"阳性","lemma":"voyage","article":"le"}],"note":"常用译法，词形和具体含义需随语境调整。","source":"词伴常用词与短语整理（AI）","license":"GPL-3.0-or-later","review":"未独立法语编辑校审"}
旅途愉快#lv tu yu kuai	{"word":"旅途愉快","pinyin":"lv tu yu kuai","short":["bon voyage !"],"senses":[{"text":"bon voyage !","pos":"会话表达 / 短语"}],"note":"出行祝福。","source":"词伴常用词与短语整理（AI）","license":"GPL-3.0-or-later","review":"未独立法语编辑校审"}
无糖#wu tang	{"word":"无糖","pinyin":"wu tang","short":["sans sucre"],"senses":[{"text":"sans sucre","pos":"形容词"}],"note":"常用表达；词形、主语和时态需随语境变化。","category":"priority-common-2026-10-04","source":"词伴常用词与短语整理（AI）","license":"GPL-3.0-or-later","review":"未独立法语编辑校审"}
无语#wu yu	{"word":"无语","pinyin":"wu yu","short":["sans voix"],"senses":[{"text":"sans voix","pos":"短语"}],"note":"形容无话可说；吐槽可说 je ne sais pas quoi dire。","category":"priority-common-2026-10-04","source":"词伴常用词与短语整理（AI）","license":"GPL-3.0-or-later","review":"未独立法语编辑校审"}
旧#jiu	{"word":"旧","pinyin":"jiu","short":["ancien"],"senses":[{"text":"ancien","pos":"形容词"}],"note":"常用译法，词形和具体含义需随语境调整。","source":"词伴常用词与短语整理（AI）","license":"GPL-3.0-or-later","review":"未独立法语编辑校审"}
早上#zao shang	{"word":"早上","pinyin":"zao shang","short":["le matin"],"senses":[{"text":"le matin","pos":"名词","gender":"阳性","lemma":"matin","article":"le"}],"note":"常用译法，词形和具体含义需随语境调整。","source":"词伴常用词与短语整理（AI）","license":"GPL-3.0-or-later","review":"未独立法语编辑校审"}
早上好#zao shang hao	{"word":"早上好","pinyin":"zao shang hao","short":["bonjour"],"senses":[{"text":"bonjour","pos":"叹词 / 礼貌表达"}],"note":"常用译法，词形和具体含义需随语境调整。","source":"词伴常用词与短语整理（AI）","license":"GPL-3.0-or-later","review":"未独立法语编辑校审"}
早安#zao an	{"word":"早安","pinyin":"zao an","short":["bonjour"],"senses":[{"text":"bonjour","pos":"会话表达 / 短语"}],"note":"法语日常早间问候通常用 bonjour。","source":"词伴常用词与短语整理（AI）","license":"GPL-3.0-or-later","review":"未独立法语编辑校审"}
早点休息#zao dian xiu xi	{"word":"早点休息","pinyin":"zao dian xiu xi","short":["repose-toi tôt"],"senses":[{"text":"repose-toi tôt","pos":"短语"}],"note":"常用表达；词形、主语和时态需随语境变化。","category":"priority-common-2026-10-04","source":"词伴常用词与短语整理（AI）","license":"GPL-3.0-or-later","review":"未独立法语编辑校审"}
早点睡#zao dian shui	{"word":"早点睡","pinyin":"zao dian shui","short":["couche-toi plus tôt"],"senses":[{"text":"couche-toi plus tôt","pos":"短语"}],"note":"常用表达；词形、主语和时态需随语境变化。","category":"priority-common-2026-10-04","source":"词伴常用词与短语整理（AI）","license":"GPL-3.0-or-later","review":"未独立法语编辑校审"}
早睡#zao shui	{"word":"早睡","pinyin":"zao shui","short":["se coucher tôt"],"senses":[{"text":"se coucher tôt","pos":"动词 / 动词短语","lemma":"se coucher tôt"}],"note":"常用表达；词形、主语和时态需随语境变化。","category":"priority-common-2026-10-04","source":"词伴常用词与短语整理（AI）","license":"GPL-3.0-or-later","review":"未独立法语编辑校审"}
早餐#zao can	{"word":"早餐","pinyin":"zao can","short":["le petit-déjeuner"],"senses":[{"text":"le petit-déjeuner","pos":"名词","gender":"阳性","lemma":"petit-déjeuner","article":"le"}],"note":"常用译法，词形和具体含义需随语境调整。","source":"词伴常用词与短语整理（AI）","license":"GPL-3.0-or-later","review":"未独立法语编辑校审"}
时区#shi qu	{"word":"时区","pinyin":"shi qu","short":["le fuseau horaire"],"senses":[{"text":"le fuseau horaire","pos":"名词","article":"le","lemma":"fuseau horaire","gender":"阳性"}],"note":"常用表达；词形、主语和时态需随语境变化。","category":"priority-common-2026-10-04","source":"词伴常用词与短语整理（AI）","license":"GPL-3.0-or-later","review":"未独立法语编辑校审"}
时间#shi jian	{"word":"时间","pinyin":"shi jian","short":["le temps"],"senses":[{"text":"le temps","pos":"名词","gender":"阳性","lemma":"temps","article":"le"}],"note":"常用译法，词形和具体含义需随语境调整。","source":"词伴常用词与短语整理（AI）","license":"GPL-3.0-or-later","review":"未独立法语编辑校审"}
明天#ming tian	{"word":"明天","pinyin":"ming tian","short":["demain"],"senses":[{"text":"demain","pos":"副词"}],"note":"常用译法，词形和具体含义需随语境调整。","source":"词伴常用词与短语整理（AI）","license":"GPL-3.0-or-later","review":"未独立法语编辑校审"}
明天见#ming tian jian	{"word":"明天见","pinyin":"ming tian jian","short":["à demain"],"senses":[{"text":"à demain","pos":"会话表达 / 短语"}],"note":"约定明天再见。","source":"词伴常用词与短语整理（AI）","license":"GPL-3.0-or-later","review":"未独立法语编辑校审"}
明年#ming nian	{"word":"明年","pinyin":"ming nian","short":["l'année prochaine"],"senses":[{"text":"l'année prochaine","pos":"名词","gender":"","lemma":"année prochaine","article":"l'"}],"note":"常用译法，词形和具体含义需随语境调整。","source":"词伴常用词与短语整理（AI）","license":"GPL-3.0-or-later","review":"未独立法语编辑校审"}
星星#xing xing	{"word":"星星","pinyin":"xing xing","short":["l'étoile"],"senses":[{"text":"l'étoile","pos":"名词","gender":"阴性","lemma":"étoile","article":"l'"}],"note":"常用译法，词形和具体含义需随语境调整。","source":"词伴常用词与短语整理（AI）","license":"GPL-3.0-or-later","review":"未独立法语编辑校审"}
星期#xing qi	{"word":"星期","pinyin":"xing qi","short":["la semaine"],"senses":[{"text":"la semaine","pos":"名词","gender":"阴性","lemma":"semaine","article":"la"}],"note":"常用译法，词形和具体含义需随语境调整。","source":"词伴常用词与短语整理（AI）","license":"GPL-3.0-or-later","review":"未独立法语编辑校审"}
星等#xing deng	{"word":"星等","pinyin":"xing deng","short":["la magnitude"],"senses":[{"text":"la magnitude","pos":"名词","article":"la","lemma":"magnitude","gender":"阴性"}],"note":"天体亮度量度。","category":"priority-common-2026-10-04","source":"词伴常用词与短语整理（AI）","license":"GPL-3.0-or-later","review":"未独立法语编辑校审"}
春天#chun tian	{"word":"春天","pinyin":"chun tian","short":["le printemps"],"senses":[{"text":"le printemps","pos":"名词","gender":"阳性","lemma":"printemps","article":"le"}],"note":"常用译法，词形和具体含义需随语境调整。","source":"词伴常用词与短语整理（AI）","license":"GPL-3.0-or-later","review":"未独立法语编辑校审"}
昨天#zuo tian	{"word":"昨天","pinyin":"zuo tian","short":["hier"],"senses":[{"text":"hier","pos":"副词"}],"note":"常用译法，词形和具体含义需随语境调整。","source":"词伴常用词与短语整理（AI）","license":"GPL-3.0-or-later","review":"未独立法语编辑校审"}
是#shi	{"word":"是","pinyin":"shi","short":["être"],"senses":[{"text":"être","pos":"动词 / 动词短语","lemma":"être"}],"note":"常用译法，词形和具体含义需随语境调整。","source":"词伴常用词与短语整理（AI）","license":"GPL-3.0-or-later","review":"未独立法语编辑校审"}
是一个#shi yi ge	{"word":"是一个","pinyin":"shi yi ge","short":["être un / une…"],"senses":[{"text":"être un / une…","pos":"会话表达 / 短语"}],"note":"冠词随名词性别变化；描述职业时往往不用冠词。","source":"词伴常用词与短语整理（AI）","license":"GPL-3.0-or-later","review":"未独立法语编辑校审"}
是为了#shi wei le	{"word":"是为了","pinyin":"shi wei le","short":["c’est pour…"],"senses":[{"text":"c’est pour…","pos":"短语"}],"note":"需接目的。","category":"priority-common-2026-10-04","source":"词伴常用词与短语整理（AI）","license":"GPL-3.0-or-later","review":"未独立法语编辑校审"}
是什么#shi shen me	{"word":"是什么","pinyin":"shi shen me","short":["qu'est-ce que c'est ?"],"senses":[{"text":"qu'est-ce que c'est ?","pos":"会话表达 / 短语"}],"note":"独立询问“这是什么”；嵌入句子需调整结构。","source":"词伴常用词与短语整理（AI）","license":"GPL-3.0-or-later","review":"未独立法语编辑校审"}
是吧#shi ba	{"word":"是吧","pinyin":"shi ba","short":["n’est-ce pas ?"],"senses":[{"text":"n’est-ce pas ?","pos":"短语"}],"note":"常用表达；词形、主语和时态需随语境变化。","category":"priority-common-2026-10-04","source":"词伴常用词与短语整理（AI）","license":"GPL-3.0-or-later","review":"未独立法语编辑校审"}
是呀#shi ya	{"word":"是呀","pinyin":"shi ya","short":["oui, c’est ça"],"senses":[{"text":"oui, c’est ça","pos":"短语"}],"note":"常用表达；词形、主语和时态需随语境变化。","category":"priority-common-2026-10-04","source":"词伴常用词与短语整理（AI）","license":"GPL-3.0-or-later","review":"未独立法语编辑校审"}
是啊#shi a	{"word":"是啊","pinyin":"shi a","short":["oui, en effet"],"senses":[{"text":"oui, en effet","pos":"会话表达 / 短语"}],"note":"回应认同；具体语境也可用 C'est vrai.","source":"词伴常用词与短语整理（AI）","license":"GPL-3.0-or-later","review":"未独立法语编辑校审"}
是啥#shi sha	{"word":"是啥","pinyin":"shi sha","short":["qu’est-ce que c’est ?"],"senses":[{"text":"qu’est-ce que c’est ?","pos":"短语"}],"note":"常用表达；词形、主语和时态需随语境变化。","category":"priority-common-2026-10-04","source":"词伴常用词与短语整理（AI）","license":"GPL-3.0-or-later","review":"未独立法语编辑校审"}
是因为#shi yin wei	{"word":"是因为","pinyin":"shi yin wei","short":["c’est parce que…"],"senses":[{"text":"c’est parce que…","pos":"短语"}],"note":"需接原因。","category":"priority-common-2026-10-04","source":"词伴常用词与短语整理（AI）","license":"GPL-3.0-or-later","review":"未独立法语编辑校审"}
是滴#shi di	{"word":"是滴","pinyin":"shi di","short":["oui, c’est ça"],"senses":[{"text":"oui, c’est ça","pos":"短语"}],"note":"轻松口语。","category":"priority-common-2026-10-04","source":"词伴常用词与短语整理（AI）","license":"GPL-3.0-or-later","review":"未独立法语编辑校审"}
是谁#shi shui	{"word":"是谁","pinyin":"shi shui","short":["qui est-ce ?"],"senses":[{"text":"qui est-ce ?","pos":"会话表达 / 短语"}],"note":"询问身份。","source":"词伴常用词与短语整理（AI）","license":"GPL-3.0-or-later","review":"未独立法语编辑校审"}
是这样#shi zhe yang	{"word":"是这样","pinyin":"shi zhe yang","short":["c’est comme ça"],"senses":[{"text":"c’est comme ça","pos":"短语"}],"note":"常用表达；词形、主语和时态需随语境变化。","category":"priority-common-2026-10-04","source":"词伴常用词与短语整理（AI）","license":"GPL-3.0-or-later","review":"未独立法语编辑校审"}
晚上#wan shang	{"word":"晚上","pinyin":"wan shang","short":["le soir"],"senses":[{"text":"le soir","pos":"名词","gender":"阳性","lemma":"soir","article":"le"}],"note":"常用译法，词形和具体含义需随语境调整。","source":"词伴常用词与短语整理（AI）","license":"GPL-3.0-or-later","review":"未独立法语编辑校审"}
晚上好#wan shang hao	{"word":"晚上好","pinyin":"wan shang hao","short":["bonsoir"],"senses":[{"text":"bonsoir","pos":"叹词 / 礼貌表达"}],"note":"常用译法，词形和具体含义需随语境调整。","source":"词伴常用词与短语整理（AI）","license":"GPL-3.0-or-later","review":"未独立法语编辑校审"}
晚安#wan an	{"word":"晚安","pinyin":"wan an","short":["bonne nuit"],"senses":[{"text":"bonne nuit","pos":"叹词 / 礼貌表达"}],"note":"常用译法，词形和具体含义需随语境调整。","source":"词伴常用词与短语整理（AI）","license":"GPL-3.0-or-later","review":"未独立法语编辑校审"}
晚餐#wan can	{"word":"晚餐","pinyin":"wan can","short":["le dîner"],"senses":[{"text":"le dîner","pos":"名词","gender":"阳性","lemma":"dîner","article":"le"}],"note":"常用译法，词形和具体含义需随语境调整。","source":"词伴常用词与短语整理（AI）","license":"GPL-3.0-or-later","review":"未独立法语编辑校审"}
晴天#qing tian	{"word":"晴天","pinyin":"qing tian","short":["le beau temps"],"senses":[{"text":"le beau temps","pos":"名词","gender":"阳性","lemma":"beau temps","article":"le"}],"note":"常用译法，词形和具体含义需随语境调整。","source":"词伴常用词与短语整理（AI）","license":"GPL-3.0-or-later","review":"未独立法语编辑校审"}
更新#geng xin	{"word":"更新","pinyin":"geng xin","short":["la mise à jour"],"senses":[{"text":"la mise à jour","pos":"名词","article":"la","lemma":"mise à jour","gender":"阴性"}],"note":"常用表达；词形、主语和时态需随语境变化。","category":"priority-common-2026-10-04","source":"词伴常用词与短语整理（AI）","license":"GPL-3.0-or-later","review":"未独立法语编辑校审"}
曾任#ceng ren	{"word":"曾任","pinyin":"ceng ren","short":["avoir occupé le poste de…"],"senses":[{"text":"avoir occupé le poste de…","pos":"动词 / 动词短语","lemma":"avoir occupé le poste de…"}],"note":"后接职位。","category":"priority-common-2026-10-04","source":"词伴常用词与短语整理（AI）","license":"GPL-3.0-or-later","review":"未独立法语编辑校审"}
最喜欢#zui xi huan	{"word":"最喜欢","pinyin":"zui xi huan","short":["préférer"],"senses":[{"text":"préférer","pos":"动词 / 动词短语","lemma":"préférer"}],"note":"常用表达；词形、主语和时态需随语境变化。","category":"priority-common-2026-10-04","source":"词伴常用词与短语整理（AI）","license":"GPL-3.0-or-later","review":"未独立法语编辑校审"}
最大的#zui da de	{"word":"最大的","pinyin":"zui da de","short":["le plus grand","la plus grande"],"senses":[{"text":"le plus grand","pos":"形容词"},{"text":"la plus grande","pos":"形容词"}],"note":"常用表达；词形、主语和时态需随语境变化。","category":"priority-common-2026-10-04","source":"词伴常用词与短语整理（AI）","license":"GPL-3.0-or-later","review":"未独立法语编辑校审"}
最好的#zui hao de	{"word":"最好的","pinyin":"zui hao de","short":["le meilleur","la meilleure"],"senses":[{"text":"le meilleur","pos":"形容词"},{"text":"la meilleure","pos":"形容词"}],"note":"常用表达；词形、主语和时态需随语境变化。","category":"priority-common-2026-10-04","source":"词伴常用词与短语整理（AI）","license":"GPL-3.0-or-later","review":"未独立法语编辑校审"}
最帅#zui shuai	{"word":"最帅","pinyin":"zui shuai","short":["le plus beau"],"senses":[{"text":"le plus beau","pos":"短语"}],"note":"形容男性外貌。","category":"priority-common-2026-10-04","source":"词伴常用词与短语整理（AI）","license":"GPL-3.0-or-later","review":"未独立法语编辑校审"}
最棒#zui bang	{"word":"最棒","pinyin":"zui bang","short":["le meilleur","la meilleure"],"senses":[{"text":"le meilleur","pos":"短语"},{"text":"la meilleure","pos":"短语"}],"note":"常用表达；词形、主语和时态需随语境变化。","category":"priority-common-2026-10-04","source":"词伴常用词与短语整理（AI）","license":"GPL-3.0-or-later","review":"未独立法语编辑校审"}
最棒的#zui bang de	{"word":"最棒的","pinyin":"zui bang de","short":["le meilleur","la meilleure"],"senses":[{"text":"le meilleur","pos":"形容词"},{"text":"la meilleure","pos":"形容词"}],"note":"常用表达；词形、主语和时态需随语境变化。","category":"priority-common-2026-10-04","source":"词伴常用词与短语整理（AI）","license":"GPL-3.0-or-later","review":"未独立法语编辑校审"}
最爱#zui ai	{"word":"最爱","pinyin":"zui ai","short":["adorer"],"senses":[{"text":"adorer","pos":"动词 / 动词短语","lemma":"adorer"}],"note":"常用表达；词形、主语和时态需随语境变化。","category":"priority-common-2026-10-04","source":"词伴常用词与短语整理（AI）","license":"GPL-3.0-or-later","review":"未独立法语编辑校审"}
月亮#yue liang	{"word":"月亮","pinyin":"yue liang","short":["la lune"],"senses":[{"text":"la lune","pos":"名词","gender":"阴性","lemma":"lune","article":"la"}],"note":"常用译法，词形和具体含义需随语境调整。","source":"词伴常用词与短语整理（AI）","license":"GPL-3.0-or-later","review":"未独立法语编辑校审"}
月份#yue fen	{"word":"月份","pinyin":"yue fen","short":["le mois"],"senses":[{"text":"le mois","pos":"名词","gender":"阳性","lemma":"mois","article":"le"}],"note":"常用译法，词形和具体含义需随语境调整。","source":"词伴常用词与短语整理（AI）","license":"GPL-3.0-or-later","review":"未独立法语编辑校审"}
月台#yue tai	{"word":"月台","pinyin":"yue tai","short":["le quai"],"senses":[{"text":"le quai","pos":"名词","article":"le","lemma":"quai","gender":"阳性"}],"note":"车站站台。","category":"priority-common-2026-10-04","source":"词伴常用词与短语整理（AI）","license":"GPL-3.0-or-later","review":"未独立法语编辑校审"}
有#you	{"word":"有","pinyin":"you","short":["avoir"],"senses":[{"text":"avoir","pos":"动词 / 动词短语","lemma":"avoir"}],"note":"常用译法，词形和具体含义需随语境调整。","source":"词伴常用词与短语整理（AI）","license":"GPL-3.0-or-later","review":"未独立法语编辑校审"}
有一个#you yi ge	{"word":"有一个","pinyin":"you yi ge","short":["il y en a un","il y en a une"],"senses":[{"text":"il y en a un","pos":"短语"},{"text":"il y en a une","pos":"短语"}],"note":"随所指名词性别变化。","category":"priority-common-2026-10-04","source":"词伴常用词与短语整理（AI）","license":"GPL-3.0-or-later","review":"未独立法语编辑校审"}
有什么#you shen me	{"word":"有什么","pinyin":"you shen me","short":["qu'y a-t-il ?"],"senses":[{"text":"qu'y a-t-il ?","pos":"会话表达 / 短语"}],"note":"询问有什么；“你有什么”：Qu'est-ce que tu as ?","source":"词伴常用词与短语整理（AI）","license":"GPL-3.0-or-later","review":"未独立法语编辑校审"}
有啊#you a	{"word":"有啊","pinyin":"you a","short":["oui, il y en a"],"senses":[{"text":"oui, il y en a","pos":"短语"}],"note":"常用表达；词形、主语和时态需随语境变化。","category":"priority-common-2026-10-04","source":"词伴常用词与短语整理（AI）","license":"GPL-3.0-or-later","review":"未独立法语编辑校审"}
有啥#you sha	{"word":"有啥","pinyin":"you sha","short":["qu’est-ce qu’il y a ?"],"senses":[{"text":"qu’est-ce qu’il y a ?","pos":"短语"}],"note":"常用表达；词形、主语和时态需随语境变化。","category":"priority-common-2026-10-04","source":"词伴常用词与短语整理（AI）","license":"GPL-3.0-or-later","review":"未独立法语编辑校审"}
有时候#you shi hou	{"word":"有时候","pinyin":"you shi hou","short":["parfois"],"senses":[{"text":"parfois","pos":"副词"}],"note":"常用译法，词形和具体含义需随语境调整。","source":"词伴常用词与短语整理（AI）","license":"GPL-3.0-or-later","review":"未独立法语编辑校审"}
有时间#you shi jian	{"word":"有时间","pinyin":"you shi jian","short":["avoir du temps"],"senses":[{"text":"avoir du temps","pos":"短语"}],"note":"常用表达；词形、主语和时态需随语境变化。","category":"priority-common-2026-10-04","source":"词伴常用词与短语整理（AI）","license":"GPL-3.0-or-later","review":"未独立法语编辑校审"}
有木有#you mu you	{"word":"有木有","pinyin":"you mu you","short":["il y en a ou pas ?"],"senses":[{"text":"il y en a ou pas ?","pos":"短语"}],"note":"网络用语“有没有”。","category":"priority-common-2026-10-04","source":"词伴常用词与短语整理（AI）","license":"GPL-3.0-or-later","review":"未独立法语编辑校审"}
有空#you kong	{"word":"有空","pinyin":"you kong","short":["être disponible"],"senses":[{"text":"être disponible","pos":"会话表达 / 短语"}],"note":"“你有空吗”：Tu es disponible ?","source":"词伴常用词与短语整理（AI）","license":"GPL-3.0-or-later","review":"未独立法语编辑校审"}
有问题#you wen ti	{"word":"有问题","pinyin":"you wen ti","short":["il y a un problème"],"senses":[{"text":"il y a un problème","pos":"短语"}],"note":"常用表达；词形、主语和时态需随语境变化。","category":"priority-common-2026-10-04","source":"词伴常用词与短语整理（AI）","license":"GPL-3.0-or-later","review":"未独立法语编辑校审"}
朋友#peng you	{"word":"朋友","pinyin":"peng you","short":["l'ami"],"senses":[{"text":"l'ami","pos":"名词","gender":"阳性形式；女性用 une amie","lemma":"ami","article":"l'"}],"note":"常用译法，词形和具体含义需随语境调整。","source":"词伴常用词与短语整理（AI）","license":"GPL-3.0-or-later","review":"未独立法语编辑校审"}
木有#mu you	{"word":"木有","pinyin":"mu you","short":["il n'y a pas"],"senses":[{"text":"il n'y a pas","pos":"会话表达 / 短语"}],"note":"网络用语“没有”；表示自己没有某物时用 Je n'ai pas…","source":"词伴常用词与短语整理（AI）","license":"GPL-3.0-or-later","review":"未独立法语编辑校审"}
本书#ben shu	{"word":"本书","pinyin":"ben shu","short":["ce livre"],"senses":[{"text":"ce livre","pos":"名词","article":"","lemma":"ce livre"}],"note":"常用表达；词形、主语和时态需随语境变化。","category":"priority-common-2026-10-04","source":"词伴常用词与短语整理（AI）","license":"GPL-3.0-or-later","review":"未独立法语编辑校审"}
本作#ben zuo	{"word":"本作","pinyin":"ben zuo","short":["cette œuvre"],"senses":[{"text":"cette œuvre","pos":"名词","article":"","lemma":"cette œuvre"}],"note":"常用表达；词形、主语和时态需随语境变化。","category":"priority-common-2026-10-04","source":"词伴常用词与短语整理（AI）","license":"GPL-3.0-or-later","review":"未独立法语编辑校审"}
本来就#ben lai jiu	{"word":"本来就","pinyin":"ben lai jiu","short":["déjà"],"senses":[{"text":"déjà","pos":"短语"}],"note":"强调原本如此，译法随句子变化。","category":"priority-common-2026-10-04","source":"词伴常用词与短语整理（AI）","license":"GPL-3.0-or-later","review":"未独立法语编辑校审"}
本来就是#ben lai jiu shi	{"word":"本来就是","pinyin":"ben lai jiu shi","short":["c’est déjà…"],"senses":[{"text":"c’est déjà…","pos":"短语"}],"note":"需接表语。","category":"priority-common-2026-10-04","source":"词伴常用词与短语整理（AI）","license":"GPL-3.0-or-later","review":"未独立法语编辑校审"}
本站#ben zhan	{"word":"本站","pinyin":"ben zhan","short":["ce site"],"senses":[{"text":"ce site","pos":"名词","article":"","lemma":"ce site"}],"note":"按网站整理；铁路车站需另译。","category":"priority-common-2026-10-04","source":"词伴常用词与短语整理（AI）","license":"GPL-3.0-or-later","review":"未独立法语编辑校审"}
机会#ji hui	{"word":"机会","pinyin":"ji hui","short":["l'occasion"],"senses":[{"text":"l'occasion","pos":"名词","gender":"阴性","lemma":"occasion","article":"l'"}],"note":"常用译法，词形和具体含义需随语境调整。","source":"词伴常用词与短语整理（AI）","license":"GPL-3.0-or-later","review":"未独立法语编辑校审"}
机场#ji chang	{"word":"机场","pinyin":"ji chang","short":["l'aéroport"],"senses":[{"text":"l'aéroport","pos":"名词","gender":"阳性","lemma":"aéroport","article":"l'"}],"note":"常用译法，词形和具体含义需随语境调整。","source":"词伴常用词与短语整理（AI）","license":"GPL-3.0-or-later","review":"未独立法语编辑校审"}
杏鲍菇#xing bao gu	{"word":"杏鲍菇","pinyin":"xing bao gu","short":["le pleurote du panicaut"],"senses":[{"text":"le pleurote du panicaut","pos":"名词","article":"le","lemma":"pleurote du panicaut","gender":"阳性"}],"note":"常用表达；词形、主语和时态需随语境变化。","category":"priority-common-2026-10-04","source":"词伴常用词与短语整理（AI）","license":"GPL-3.0-or-later","review":"未独立法语编辑校审"}
来#lai	{"word":"来","pinyin":"lai","short":["venir"],"senses":[{"text":"venir","pos":"动词 / 动词短语","lemma":"venir"}],"note":"常用译法，词形和具体含义需随语境调整。","source":"词伴常用词与短语整理（AI）","license":"GPL-3.0-or-later","review":"未独立法语编辑校审"}
来了#lai le	{"word":"来了","pinyin":"lai le","short":["être arrivé / arrivée"],"senses":[{"text":"être arrivé / arrivée","pos":"会话表达 / 短语"}],"note":"“他来了”：Il est arrivé；“我来了”：J'arrive 可表示正在赶来。","source":"词伴常用词与短语整理（AI）","license":"GPL-3.0-or-later","review":"未独立法语编辑校审"}
来吧#lai ba	{"word":"来吧","pinyin":"lai ba","short":["viens !"],"senses":[{"text":"viens !","pos":"短语"}],"note":"常用表达；词形、主语和时态需随语境变化。","category":"priority-common-2026-10-04","source":"词伴常用词与短语整理（AI）","license":"GPL-3.0-or-later","review":"未独立法语编辑校审"}
来呀#lai ya	{"word":"来呀","pinyin":"lai ya","short":["viens !"],"senses":[{"text":"viens !","pos":"短语"}],"note":"常用表达；词形、主语和时态需随语境变化。","category":"priority-common-2026-10-04","source":"词伴常用词与短语整理（AI）","license":"GPL-3.0-or-later","review":"未独立法语编辑校审"}
来啊#lai a	{"word":"来啊","pinyin":"lai a","short":["viens !"],"senses":[{"text":"viens !","pos":"短语"}],"note":"常用表达；词形、主语和时态需随语境变化。","category":"priority-common-2026-10-04","source":"词伴常用词与短语整理（AI）","license":"GPL-3.0-or-later","review":"未独立法语编辑校审"}
来啦#lai la	{"word":"来啦","pinyin":"lai la","short":["j’arrive !"],"senses":[{"text":"j’arrive !","pos":"短语"}],"note":"常用表达；词形、主语和时态需随语境变化。","category":"priority-common-2026-10-04","source":"词伴常用词与短语整理（AI）","license":"GPL-3.0-or-later","review":"未独立法语编辑校审"}
来找#lai zhao	{"word":"来找","pinyin":"lai zhao","short":["venir chercher"],"senses":[{"text":"venir chercher","pos":"动词 / 动词短语","lemma":"venir chercher"}],"note":"常用表达；词形、主语和时态需随语境变化。","category":"priority-common-2026-10-04","source":"词伴常用词与短语整理（AI）","license":"GPL-3.0-or-later","review":"未独立法语编辑校审"}
来找我#lai zhao wo	{"word":"来找我","pinyin":"lai zhao wo","short":["viens me voir"],"senses":[{"text":"viens me voir","pos":"短语"}],"note":"常用表达；词形、主语和时态需随语境变化。","category":"priority-common-2026-10-04","source":"词伴常用词与短语整理（AI）","license":"GPL-3.0-or-later","review":"未独立法语编辑校审"}
杯盖#bei gai	{"word":"杯盖","pinyin":"bei gai","short":["le couvercle"],"senses":[{"text":"le couvercle","pos":"名词","article":"le","lemma":"couvercle","gender":"阳性"}],"note":"常用表达；词形、主语和时态需随语境变化。","category":"priority-common-2026-10-04","source":"词伴常用词与短语整理（AI）","license":"GPL-3.0-or-later","review":"未独立法语编辑校审"}
枕套#zhen tao	{"word":"枕套","pinyin":"zhen tao","short":["la taie d’oreiller"],"senses":[{"text":"la taie d’oreiller","pos":"名词","article":"la","lemma":"taie d’oreiller","gender":"阴性"}],"note":"常用表达；词形、主语和时态需随语境变化。","category":"priority-common-2026-10-04","source":"词伴常用词与短语整理（AI）","license":"GPL-3.0-or-later","review":"未独立法语编辑校审"}
果汁#guo zhi	{"word":"果汁","pinyin":"guo zhi","short":["le jus"],"senses":[{"text":"le jus","pos":"名词","gender":"阳性","lemma":"jus","article":"le"}],"note":"常用译法，词形和具体含义需随语境调整。","source":"词伴常用词与短语整理（AI）","license":"GPL-3.0-or-later","review":"未独立法语编辑校审"}
果酱#guo jiang	{"word":"果酱","pinyin":"guo jiang","short":["la confiture"],"senses":[{"text":"la confiture","pos":"名词","article":"la","lemma":"confiture","gender":"阴性"}],"note":"常用表达；词形、主语和时态需随语境变化。","category":"priority-common-2026-10-04","source":"词伴常用词与短语整理（AI）","license":"GPL-3.0-or-later","review":"未独立法语编辑校审"}
柔顺剂#rou shun ji	{"word":"柔顺剂","pinyin":"rou shun ji","short":["l’assouplissant"],"senses":[{"text":"l’assouplissant","pos":"名词","article":"l’","lemma":"assouplissant"}],"note":"阳性名词；洗衣用品。","category":"priority-common-2026-10-04","source":"词伴常用词与短语整理（AI）","license":"GPL-3.0-or-later","review":"未独立法语编辑校审"}
树#shu	{"word":"树","pinyin":"shu","short":["l'arbre"],"senses":[{"text":"l'arbre","pos":"名词","gender":"阳性","lemma":"arbre","article":"l'"}],"note":"常用译法，词形和具体含义需随语境调整。","source":"词伴常用词与短语整理（AI）","license":"GPL-3.0-or-later","review":"未独立法语编辑校审"}
桌子#zhuo zi	{"word":"桌子","pinyin":"zhuo zi","short":["la table"],"senses":[{"text":"la table","pos":"名词","gender":"阴性","lemma":"table","article":"la"}],"note":"常用译法，词形和具体含义需随语境调整。","source":"词伴常用词与短语整理（AI）","license":"GPL-3.0-or-later","review":"未独立法语编辑校审"}
检票#jian piao	{"word":"检票","pinyin":"jian piao","short":["contrôler les billets"],"senses":[{"text":"contrôler les billets","pos":"动词 / 动词短语","lemma":"contrôler les billets"}],"note":"常用表达；词形、主语和时态需随语境变化。","category":"priority-common-2026-10-04","source":"词伴常用词与短语整理（AI）","license":"GPL-3.0-or-later","review":"未独立法语编辑校审"}
椅子#yi zi	{"word":"椅子","pinyin":"yi zi","short":["la chaise"],"senses":[{"text":"la chaise","pos":"名词","gender":"阴性","lemma":"chaise","article":"la"}],"note":"常用译法，词形和具体含义需随语境调整。","source":"词伴常用词与短语整理（AI）","license":"GPL-3.0-or-later","review":"未独立法语编辑校审"}
榴莲#liu lian	{"word":"榴莲","pinyin":"liu lian","short":["le durian"],"senses":[{"text":"le durian","pos":"名词","article":"le","lemma":"durian","gender":"阳性"}],"note":"常用表达；词形、主语和时态需随语境变化。","category":"priority-common-2026-10-04","source":"词伴常用词与短语整理（AI）","license":"GPL-3.0-or-later","review":"未独立法语编辑校审"}
橄榄油#gan lan you	{"word":"橄榄油","pinyin":"gan lan you","short":["l’huile d’olive"],"senses":[{"text":"l’huile d’olive","pos":"名词","article":"l’","lemma":"huile d’olive"}],"note":"阴性名词。","category":"priority-common-2026-10-04","source":"词伴常用词与短语整理（AI）","license":"GPL-3.0-or-later","review":"未独立法语编辑校审"}
橙子#cheng zi	{"word":"橙子","pinyin":"cheng zi","short":["l'orange"],"senses":[{"text":"l'orange","pos":"名词","gender":"阴性","lemma":"orange","article":"l'"}],"note":"常用译法，词形和具体含义需随语境调整。","source":"词伴常用词与短语整理（AI）","license":"GPL-3.0-or-later","review":"未独立法语编辑校审"}
欢迎#huan ying	{"word":"欢迎","pinyin":"huan ying","short":["accueillir"],"senses":[{"text":"accueillir","pos":"动词 / 动词短语","lemma":"accueillir"}],"note":"常用译法，词形和具体含义需随语境调整。","source":"词伴常用词与短语整理（AI）","license":"GPL-3.0-or-later","review":"未独立法语编辑校审"}
欢迎你#huan ying ni	{"word":"欢迎你","pinyin":"huan ying ni","short":["bienvenue !"],"senses":[{"text":"bienvenue !","pos":"短语"}],"note":"常用表达；词形、主语和时态需随语境变化。","category":"priority-common-2026-10-04","source":"词伴常用词与短语整理（AI）","license":"GPL-3.0-or-later","review":"未独立法语编辑校审"}
此站#ci zhan	{"word":"此站","pinyin":"ci zhan","short":["cette station"],"senses":[{"text":"cette station","pos":"名词","article":"","lemma":"cette station"}],"note":"交通站点。","category":"priority-common-2026-10-04","source":"词伴常用词与短语整理（AI）","license":"GPL-3.0-or-later","review":"未独立法语编辑校审"}
母亲#mu qin	{"word":"母亲","pinyin":"mu qin","short":["la mère"],"senses":[{"text":"la mère","pos":"名词","gender":"阴性","lemma":"mère","article":"la"}],"note":"常用译法，词形和具体含义需随语境调整。","source":"词伴常用词与短语整理（AI）","license":"GPL-3.0-or-later","review":"未独立法语编辑校审"}
比你#bi ni	{"word":"比你","pinyin":"bi ni","short":["que toi"],"senses":[{"text":"que toi","pos":"短语"}],"note":"比较结构的片段，前接比较级。","category":"priority-common-2026-10-04","source":"词伴常用词与短语整理（AI）","license":"GPL-3.0-or-later","review":"未独立法语编辑校审"}
比我#bi wo	{"word":"比我","pinyin":"bi wo","short":["que moi"],"senses":[{"text":"que moi","pos":"短语"}],"note":"比较结构的片段，前接比较级。","category":"priority-common-2026-10-04","source":"词伴常用词与短语整理（AI）","license":"GPL-3.0-or-later","review":"未独立法语编辑校审"}
比较好#bi jiao hao	{"word":"比较好","pinyin":"bi jiao hao","short":["plutôt bien","mieux"],"senses":[{"text":"plutôt bien","pos":"短语"},{"text":"mieux","pos":"短语"}],"note":"第一项表示较好，第二项表示比较后的更好。","category":"priority-common-2026-10-04","source":"词伴常用词与短语整理（AI）","license":"GPL-3.0-or-later","review":"未独立法语编辑校审"}
毕业了#bi ye le	{"word":"毕业了","pinyin":"bi ye le","short":["avoir obtenu son diplôme"],"senses":[{"text":"avoir obtenu son diplôme","pos":"动词 / 动词短语","lemma":"avoir obtenu son diplôme"}],"note":"常用表达；词形、主语和时态需随语境变化。","category":"priority-common-2026-10-04","source":"词伴常用词与短语整理（AI）","license":"GPL-3.0-or-later","review":"未独立法语编辑校审"}
毛巾#mao jin	{"word":"毛巾","pinyin":"mao jin","short":["la serviette"],"senses":[{"text":"la serviette","pos":"名词","article":"la","lemma":"serviette","gender":"阴性"}],"note":"常用表达；词形、主语和时态需随语境变化。","category":"priority-common-2026-10-04","source":"词伴常用词与短语整理（AI）","license":"GPL-3.0-or-later","review":"未独立法语编辑校审"}
水#shui	{"word":"水","pinyin":"shui","short":["l'eau"],"senses":[{"text":"l'eau","pos":"名词","gender":"阴性","lemma":"eau","article":"l'"}],"note":"常用译法，词形和具体含义需随语境调整。","source":"词伴常用词与短语整理（AI）","license":"GPL-3.0-or-later","review":"未独立法语编辑校审"}
水壶#shui hu	{"word":"水壶","pinyin":"shui hu","short":["la bouilloire"],"senses":[{"text":"la bouilloire","pos":"名词","article":"la","lemma":"bouilloire","gender":"阴性"}],"note":"烧水壶；装饮用水的壶可用 la carafe。","category":"priority-common-2026-10-04","source":"词伴常用词与短语整理（AI）","license":"GPL-3.0-or-later","review":"未独立法语编辑校审"}
水杯#shui bei	{"word":"水杯","pinyin":"shui bei","short":["le verre","la tasse"],"senses":[{"text":"le verre","pos":"名词","article":"le","lemma":"verre","gender":"阳性"},{"text":"la tasse","pos":"名词","article":"la","lemma":"tasse","gender":"阴性"}],"note":"玻璃杯/带柄杯，依器具选择。","category":"priority-common-2026-10-04","source":"词伴常用词与短语整理（AI）","license":"GPL-3.0-or-later","review":"未独立法语编辑校审"}
水果#shui guo	{"word":"水果","pinyin":"shui guo","short":["le fruit"],"senses":[{"text":"le fruit","pos":"名词","gender":"阳性","lemma":"fruit","article":"le"}],"note":"常用译法，词形和具体含义需随语境调整。","source":"词伴常用词与短语整理（AI）","license":"GPL-3.0-or-later","review":"未独立法语编辑校审"}
汉堡#han bao	{"word":"汉堡","pinyin":"han bao","short":["le hamburger"],"senses":[{"text":"le hamburger","pos":"名词","article":"le","lemma":"hamburger","gender":"阳性"}],"note":"常用表达；词形、主语和时态需随语境变化。","category":"priority-common-2026-10-04","source":"词伴常用词与短语整理（AI）","license":"GPL-3.0-or-later","review":"未独立法语编辑校审"}
汽车#qi che	{"word":"汽车","pinyin":"qi che","short":["la voiture"],"senses":[{"text":"la voiture","pos":"名词","gender":"阴性","lemma":"voiture","article":"la"}],"note":"常用译法，词形和具体含义需随语境调整。","source":"词伴常用词与短语整理（AI）","license":"GPL-3.0-or-later","review":"未独立法语编辑校审"}
沐浴露#mu yu lu	{"word":"沐浴露","pinyin":"mu yu lu","short":["le gel douche"],"senses":[{"text":"le gel douche","pos":"名词","article":"le","lemma":"gel douche","gender":"阳性"}],"note":"常用表达；词形、主语和时态需随语境变化。","category":"priority-common-2026-10-04","source":"词伴常用词与短语整理（AI）","license":"GPL-3.0-or-later","review":"未独立法语编辑校审"}
沙拉酱#sha la jiang	{"word":"沙拉酱","pinyin":"sha la jiang","short":["la sauce pour salade"],"senses":[{"text":"la sauce pour salade","pos":"名词","article":"la","lemma":"sauce pour salade","gender":"阴性"}],"note":"常用表达；词形、主语和时态需随语境变化。","category":"priority-common-2026-10-04","source":"词伴常用词与短语整理（AI）","license":"GPL-3.0-or-later","review":"未独立法语编辑校审"}
没买#mei mai	{"word":"没买","pinyin":"mei mai","short":["ne pas avoir acheté"],"senses":[{"text":"ne pas avoir acheté","pos":"动词 / 动词短语","lemma":"ne pas avoir acheté"}],"note":"常用表达；词形、主语和时态需随语境变化。","category":"priority-common-2026-10-04","source":"词伴常用词与短语整理（AI）","license":"GPL-3.0-or-later","review":"未独立法语编辑校审"}
没事#mei shi	{"word":"没事","pinyin":"mei shi","short":["ce n'est rien"],"senses":[{"text":"ce n'est rien","pos":"会话表达 / 短语"}],"note":"表示小事或安慰；“没有发生什么”用 Il ne s'est rien passé。","source":"词伴常用词与短语整理（AI）","license":"GPL-3.0-or-later","review":"未独立法语编辑校审"}
没关系#mei guan xi	{"word":"没关系","pinyin":"mei guan xi","short":["ce n'est rien"],"senses":[{"text":"ce n'est rien","pos":"短语"}],"note":"常用译法，词形和具体含义需随语境调整。","source":"词伴常用词与短语整理（AI）","license":"GPL-3.0-or-later","review":"未独立法语编辑校审"}
没去#mei qu	{"word":"没去","pinyin":"mei qu","short":["ne pas y être allé"],"senses":[{"text":"ne pas y être allé","pos":"动词 / 动词短语","lemma":"ne pas y être allé"}],"note":"补主语并按性别加 e。","category":"priority-common-2026-10-04","source":"词伴常用词与短语整理（AI）","license":"GPL-3.0-or-later","review":"未独立法语编辑校审"}
没吃#mei chi	{"word":"没吃","pinyin":"mei chi","short":["ne pas avoir mangé"],"senses":[{"text":"ne pas avoir mangé","pos":"动词 / 动词短语","lemma":"ne pas avoir mangé"}],"note":"常用表达；词形、主语和时态需随语境变化。","category":"priority-common-2026-10-04","source":"词伴常用词与短语整理（AI）","license":"GPL-3.0-or-later","review":"未独立法语编辑校审"}
没啥#mei sha	{"word":"没啥","pinyin":"mei sha","short":["rien de spécial"],"senses":[{"text":"rien de spécial","pos":"短语"}],"note":"常用表达；词形、主语和时态需随语境变化。","category":"priority-common-2026-10-04","source":"词伴常用词与短语整理（AI）","license":"GPL-3.0-or-later","review":"未独立法语编辑校审"}
没得#mei de	{"word":"没得","pinyin":"mei de","short":["il n’y en a pas"],"senses":[{"text":"il n’y en a pas","pos":"短语"}],"note":"方言“没有”。","category":"priority-common-2026-10-04","source":"词伴常用词与短语整理（AI）","license":"GPL-3.0-or-later","review":"未独立法语编辑校审"}
没时间#mei shi jian	{"word":"没时间","pinyin":"mei shi jian","short":["ne pas avoir le temps"],"senses":[{"text":"ne pas avoir le temps","pos":"会话表达 / 短语"}],"note":"“我没时间”：Je n'ai pas le temps。","source":"词伴常用词与短语整理（AI）","license":"GPL-3.0-or-later","review":"未独立法语编辑校审"}
没有了#mei you le	{"word":"没有了","pinyin":"mei you le","short":["il n’y en a plus"],"senses":[{"text":"il n’y en a plus","pos":"短语"}],"note":"常用表达；词形、主语和时态需随语境变化。","category":"priority-common-2026-10-04","source":"词伴常用词与短语整理（AI）","license":"GPL-3.0-or-later","review":"未独立法语编辑校审"}
没有人#mei you ren	{"word":"没有人","pinyin":"mei you ren","short":["personne"],"senses":[{"text":"personne","pos":"代词"}],"note":"常用表达；词形、主语和时态需随语境变化。","category":"priority-common-2026-10-04","source":"词伴常用词与短语整理（AI）","license":"GPL-3.0-or-later","review":"未独立法语编辑校审"}
没有你#mei you ni	{"word":"没有你","pinyin":"mei you ni","short":["sans toi"],"senses":[{"text":"sans toi","pos":"短语"}],"note":"常用表达；词形、主语和时态需随语境变化。","category":"priority-common-2026-10-04","source":"词伴常用词与短语整理（AI）","license":"GPL-3.0-or-later","review":"未独立法语编辑校审"}
没有啊#mei you a	{"word":"没有啊","pinyin":"mei you a","short":["non, pas du tout"],"senses":[{"text":"non, pas du tout","pos":"短语"}],"note":"常用表达；词形、主语和时态需随语境变化。","category":"priority-common-2026-10-04","source":"词伴常用词与短语整理（AI）","license":"GPL-3.0-or-later","review":"未独立法语编辑校审"}
没有我#mei you wo	{"word":"没有我","pinyin":"mei you wo","short":["sans moi"],"senses":[{"text":"sans moi","pos":"短语"}],"note":"常用表达；词形、主语和时态需随语境变化。","category":"priority-common-2026-10-04","source":"词伴常用词与短语整理（AI）","license":"GPL-3.0-or-later","review":"未独立法语编辑校审"}
没毛病#mei mao bing	{"word":"没毛病","pinyin":"mei mao bing","short":["rien à redire"],"senses":[{"text":"rien à redire","pos":"短语"}],"note":"口语“没问题”；疾病语境需另译。","category":"priority-common-2026-10-04","source":"词伴常用词与短语整理（AI）","license":"GPL-3.0-or-later","review":"未独立法语编辑校审"}
没看#mei kan	{"word":"没看","pinyin":"mei kan","short":["ne pas avoir regardé"],"senses":[{"text":"ne pas avoir regardé","pos":"动词 / 动词短语","lemma":"ne pas avoir regardé"}],"note":"常用表达；词形、主语和时态需随语境变化。","category":"priority-common-2026-10-04","source":"词伴常用词与短语整理（AI）","license":"GPL-3.0-or-later","review":"未独立法语编辑校审"}
没看到#mei kan dao	{"word":"没看到","pinyin":"mei kan dao","short":["ne pas avoir vu"],"senses":[{"text":"ne pas avoir vu","pos":"动词 / 动词短语","lemma":"ne pas avoir vu"}],"note":"常用表达；词形、主语和时态需随语境变化。","category":"priority-common-2026-10-04","source":"词伴常用词与短语整理（AI）","license":"GPL-3.0-or-later","review":"未独立法语编辑校审"}
没睡#mei shui	{"word":"没睡","pinyin":"mei shui","short":["ne pas avoir dormi"],"senses":[{"text":"ne pas avoir dormi","pos":"短语"}],"note":"需补主语。","category":"priority-common-2026-10-04","source":"词伴常用词与短语整理（AI）","license":"GPL-3.0-or-later","review":"未独立法语编辑校审"}
没见#mei jian	{"word":"没见","pinyin":"mei jian","short":["ne pas avoir vu"],"senses":[{"text":"ne pas avoir vu","pos":"动词 / 动词短语","lemma":"ne pas avoir vu"}],"note":"常用表达；词形、主语和时态需随语境变化。","category":"priority-common-2026-10-04","source":"词伴常用词与短语整理（AI）","license":"GPL-3.0-or-later","review":"未独立法语编辑校审"}
没见过#mei jian guo	{"word":"没见过","pinyin":"mei jian guo","short":["ne jamais avoir vu"],"senses":[{"text":"ne jamais avoir vu","pos":"动词 / 动词短语","lemma":"ne jamais avoir vu"}],"note":"常用表达；词形、主语和时态需随语境变化。","category":"priority-common-2026-10-04","source":"词伴常用词与短语整理（AI）","license":"GPL-3.0-or-later","review":"未独立法语编辑校审"}
没说#mei shuo	{"word":"没说","pinyin":"mei shuo","short":["ne pas avoir dit"],"senses":[{"text":"ne pas avoir dit","pos":"动词 / 动词短语","lemma":"ne pas avoir dit"}],"note":"常用表达；词形、主语和时态需随语境变化。","category":"priority-common-2026-10-04","source":"词伴常用词与短语整理（AI）","license":"GPL-3.0-or-later","review":"未独立法语编辑校审"}
没问题#mei wen ti	{"word":"没问题","pinyin":"mei wen ti","short":["pas de problème"],"senses":[{"text":"pas de problème","pos":"会话表达 / 短语"}],"note":"回应请求或表示没有问题。","source":"词伴常用词与短语整理（AI）","license":"GPL-3.0-or-later","review":"未独立法语编辑校审"}
河#he	{"word":"河","pinyin":"he","short":["la rivière"],"senses":[{"text":"la rivière","pos":"名词","gender":"阴性","lemma":"rivière","article":"la"}],"note":"常用译法，词形和具体含义需随语境调整。","source":"词伴常用词与短语整理（AI）","license":"GPL-3.0-or-later","review":"未独立法语编辑校审"}
法国#fa guo	{"word":"法国","pinyin":"fa guo","short":["la France"],"senses":[{"text":"la France","pos":"名词","gender":"阴性","lemma":"France","article":"la"}],"note":"常用译法，词形和具体含义需随语境调整。","source":"词伴常用词与短语整理（AI）","license":"GPL-3.0-or-later","review":"未独立法语编辑校审"}
法语#fa yu	{"word":"法语","pinyin":"fa yu","short":["le français"],"senses":[{"text":"le français","pos":"名词","gender":"阳性","lemma":"français","article":"le"}],"note":"常用译法，词形和具体含义需随语境调整。","source":"词伴常用词与短语整理（AI）","license":"GPL-3.0-or-later","review":"未独立法语编辑校审"}
注意安全#zhu yi an quan	{"word":"注意安全","pinyin":"zhu yi an quan","short":["fais attention à toi"],"senses":[{"text":"fais attention à toi","pos":"短语"}],"note":"常用表达；词形、主语和时态需随语境变化。","category":"priority-common-2026-10-04","source":"词伴常用词与短语整理（AI）","license":"GPL-3.0-or-later","review":"未独立法语编辑校审"}
注意身体#zhu yi shen ti	{"word":"注意身体","pinyin":"zhu yi shen ti","short":["prends soin de toi"],"senses":[{"text":"prends soin de toi","pos":"短语"}],"note":"常用表达；词形、主语和时态需随语境变化。","category":"priority-common-2026-10-04","source":"词伴常用词与短语整理（AI）","license":"GPL-3.0-or-later","review":"未独立法语编辑校审"}
洗发水#xi fa shui	{"word":"洗发水","pinyin":"xi fa shui","short":["le shampoing"],"senses":[{"text":"le shampoing","pos":"名词","article":"le","lemma":"shampoing","gender":"阳性"}],"note":"常用表达；词形、主语和时态需随语境变化。","category":"priority-common-2026-10-04","source":"词伴常用词与短语整理（AI）","license":"GPL-3.0-or-later","review":"未独立法语编辑校审"}
洗手间在哪里#xi shou jian zai na li	{"word":"洗手间在哪里","pinyin":"xi shou jian zai na li","short":["où sont les toilettes ?"],"senses":[{"text":"où sont les toilettes ?","pos":"会话表达 / 短语"}],"note":"礼貌询问洗手间位置。","source":"词伴常用词与短语整理（AI）","license":"GPL-3.0-or-later","review":"未独立法语编辑校审"}
洗洁精#xi jie jing	{"word":"洗洁精","pinyin":"xi jie jing","short":["le liquide vaisselle"],"senses":[{"text":"le liquide vaisselle","pos":"名词","article":"le","lemma":"liquide vaisselle","gender":"阳性"}],"note":"常用表达；词形、主语和时态需随语境变化。","category":"priority-common-2026-10-04","source":"词伴常用词与短语整理（AI）","license":"GPL-3.0-or-later","review":"未独立法语编辑校审"}
洗澡#xi zao	{"word":"洗澡","pinyin":"xi zao","short":["se doucher"],"senses":[{"text":"se doucher","pos":"动词 / 动词短语","lemma":"se doucher"}],"note":"常用译法，词形和具体含义需随语境调整。","source":"词伴常用词与短语整理（AI）","license":"GPL-3.0-or-later","review":"未独立法语编辑校审"}
洗衣液#xi yi ye	{"word":"洗衣液","pinyin":"xi yi ye","short":["la lessive liquide"],"senses":[{"text":"la lessive liquide","pos":"名词","article":"la","lemma":"lessive liquide","gender":"阴性"}],"note":"常用表达；词形、主语和时态需随语境变化。","category":"priority-common-2026-10-04","source":"词伴常用词与短语整理（AI）","license":"GPL-3.0-or-later","review":"未独立法语编辑校审"}
洗衣粉#xi yi fen	{"word":"洗衣粉","pinyin":"xi yi fen","short":["la lessive en poudre"],"senses":[{"text":"la lessive en poudre","pos":"名词","article":"la","lemma":"lessive en poudre","gender":"阴性"}],"note":"常用表达；词形、主语和时态需随语境变化。","category":"priority-common-2026-10-04","source":"词伴常用词与短语整理（AI）","license":"GPL-3.0-or-later","review":"未独立法语编辑校审"}
洗面奶#xi mian nai	{"word":"洗面奶","pinyin":"xi mian nai","short":["le nettoyant pour le visage"],"senses":[{"text":"le nettoyant pour le visage","pos":"名词","article":"le","lemma":"nettoyant pour le visage","gender":"阳性"}],"note":"常用表达；词形、主语和时态需随语境变化。","category":"priority-common-2026-10-04","source":"词伴常用词与短语整理（AI）","license":"GPL-3.0-or-later","review":"未独立法语编辑校审"}
浴巾#yu jin	{"word":"浴巾","pinyin":"yu jin","short":["la serviette de bain"],"senses":[{"text":"la serviette de bain","pos":"名词","article":"la","lemma":"serviette de bain","gender":"阴性"}],"note":"常用表达；词形、主语和时态需随语境变化。","category":"priority-common-2026-10-04","source":"词伴常用词与短语整理（AI）","license":"GPL-3.0-or-later","review":"未独立法语编辑校审"}
海#hai	{"word":"海","pinyin":"hai","short":["la mer"],"senses":[{"text":"la mer","pos":"名词","gender":"阴性","lemma":"mer","article":"la"}],"note":"常用译法，词形和具体含义需随语境调整。","source":"词伴常用词与短语整理（AI）","license":"GPL-3.0-or-later","review":"未独立法语编辑校审"}
消息#xiao xi	{"word":"消息","pinyin":"xiao xi","short":["le message"],"senses":[{"text":"le message","pos":"名词","gender":"阳性","lemma":"message","article":"le"}],"note":"常用译法，词形和具体含义需随语境调整。","source":"词伴常用词与短语整理（AI）","license":"GPL-3.0-or-later","review":"未独立法语编辑校审"}
消毒液#xiao du ye	{"word":"消毒液","pinyin":"xiao du ye","short":["le désinfectant"],"senses":[{"text":"le désinfectant","pos":"名词","article":"le","lemma":"désinfectant","gender":"阳性"}],"note":"常用表达；词形、主语和时态需随语境变化。","category":"priority-common-2026-10-04","source":"词伴常用词与短语整理（AI）","license":"GPL-3.0-or-later","review":"未独立法语编辑校审"}
消炎药#xiao yan yao	{"word":"消炎药","pinyin":"xiao yan yao","short":["l’anti-inflammatoire"],"senses":[{"text":"l’anti-inflammatoire","pos":"名词","article":"l’","lemma":"anti-inflammatoire"}],"note":"阳性名词；不应与抗生素混同。","category":"priority-common-2026-10-04","source":"词伴常用词与短语整理（AI）","license":"GPL-3.0-or-later","review":"未独立法语编辑校审"}
温暖#wen nuan	{"word":"温暖","pinyin":"wen nuan","short":["doux"],"senses":[{"text":"doux","pos":"形容词"}],"note":"常用译法，词形和具体含义需随语境调整。","source":"词伴常用词与短语整理（AI）","license":"GPL-3.0-or-later","review":"未独立法语编辑校审"}
渴#ke	{"word":"渴","pinyin":"ke","short":["assoiffé"],"senses":[{"text":"assoiffé","pos":"形容词"}],"note":"常用译法，词形和具体含义需随语境调整。","source":"词伴常用词与短语整理（AI）","license":"GPL-3.0-or-later","review":"未独立法语编辑校审"}
游泳#you yong	{"word":"游泳","pinyin":"you yong","short":["nager"],"senses":[{"text":"nager","pos":"动词 / 动词短语","lemma":"nager"}],"note":"常用译法，词形和具体含义需随语境调整。","source":"词伴常用词与短语整理（AI）","license":"GPL-3.0-or-later","review":"未独立法语编辑校审"}
湿巾#shi jin	{"word":"湿巾","pinyin":"shi jin","short":["la lingette"],"senses":[{"text":"la lingette","pos":"名词","article":"la","lemma":"lingette","gender":"阴性"}],"note":"常用表达；词形、主语和时态需随语境变化。","category":"priority-common-2026-10-04","source":"词伴常用词与短语整理（AI）","license":"GPL-3.0-or-later","review":"未独立法语编辑校审"}
漂亮#piao liang	{"word":"漂亮","pinyin":"piao liang","short":["joli"],"senses":[{"text":"joli","pos":"形容词"}],"note":"常用译法，词形和具体含义需随语境调整。","source":"词伴常用词与短语整理（AI）","license":"GPL-3.0-or-later","review":"未独立法语编辑校审"}
漂亮的#piao liang de	{"word":"漂亮的","pinyin":"piao liang de","short":["joli","jolie"],"senses":[{"text":"joli","pos":"形容词"},{"text":"jolie","pos":"形容词"}],"note":"随被修饰名词性数变化。","category":"priority-common-2026-10-04","source":"词伴常用词与短语整理（AI）","license":"GPL-3.0-or-later","review":"未独立法语编辑校审"}
漏勺#lou shao	{"word":"漏勺","pinyin":"lou shao","short":["l’écumoire"],"senses":[{"text":"l’écumoire","pos":"名词","article":"l’","lemma":"écumoire"}],"note":"阴性名词。","category":"priority-common-2026-10-04","source":"词伴常用词与短语整理（AI）","license":"GPL-3.0-or-later","review":"未独立法语编辑校审"}
漱口水#shu kou shui	{"word":"漱口水","pinyin":"shu kou shui","short":["le bain de bouche"],"senses":[{"text":"le bain de bouche","pos":"名词","article":"le","lemma":"bain de bouche","gender":"阳性"}],"note":"常用表达；词形、主语和时态需随语境变化。","category":"priority-common-2026-10-04","source":"词伴常用词与短语整理（AI）","license":"GPL-3.0-or-later","review":"未独立法语编辑校审"}
火车#huo che	{"word":"火车","pinyin":"huo che","short":["le train"],"senses":[{"text":"le train","pos":"名词","gender":"阳性","lemma":"train","article":"le"}],"note":"常用译法，词形和具体含义需随语境调整。","source":"词伴常用词与短语整理（AI）","license":"GPL-3.0-or-later","review":"未独立法语编辑校审"}
火锅#huo guo	{"word":"火锅","pinyin":"huo guo","short":["la fondue chinoise"],"senses":[{"text":"la fondue chinoise","pos":"名词","article":"la","lemma":"fondue chinoise","gender":"阴性"}],"note":"常用表达；词形、主语和时态需随语境变化。","category":"priority-common-2026-10-04","source":"词伴常用词与短语整理（AI）","license":"GPL-3.0-or-later","review":"未独立法语编辑校审"}
炒锅#chao guo	{"word":"炒锅","pinyin":"chao guo","short":["le wok"],"senses":[{"text":"le wok","pos":"名词","article":"le","lemma":"wok","gender":"阳性"}],"note":"常用表达；词形、主语和时态需随语境变化。","category":"priority-common-2026-10-04","source":"词伴常用词与短语整理（AI）","license":"GPL-3.0-or-later","review":"未独立法语编辑校审"}
炒面#chao mian	{"word":"炒面","pinyin":"chao mian","short":["les nouilles sautées"],"senses":[{"text":"les nouilles sautées","pos":"名词","article":"les","lemma":"nouilles sautées"}],"note":"nouille 为阴性。","category":"priority-common-2026-10-04","source":"词伴常用词与短语整理（AI）","license":"GPL-3.0-or-later","review":"未独立法语编辑校审"}
炒饭#chao fan	{"word":"炒饭","pinyin":"chao fan","short":["le riz sauté"],"senses":[{"text":"le riz sauté","pos":"名词","article":"le","lemma":"riz sauté","gender":"阳性"}],"note":"常用表达；词形、主语和时态需随语境变化。","category":"priority-common-2026-10-04","source":"词伴常用词与短语整理（AI）","license":"GPL-3.0-or-later","review":"未独立法语编辑校审"}
烧水壶#shao shui hu	{"word":"烧水壶","pinyin":"shao shui hu","short":["la bouilloire"],"senses":[{"text":"la bouilloire","pos":"名词","article":"la","lemma":"bouilloire","gender":"阴性"}],"note":"常用表达；词形、主语和时态需随语境变化。","category":"priority-common-2026-10-04","source":"词伴常用词与短语整理（AI）","license":"GPL-3.0-or-later","review":"未独立法语编辑校审"}
热#re	{"word":"热","pinyin":"re","short":["chaud"],"senses":[{"text":"chaud","pos":"形容词"}],"note":"常用译法，词形和具体含义需随语境调整。","source":"词伴常用词与短语整理（AI）","license":"GPL-3.0-or-later","review":"未独立法语编辑校审"}
照片#zhao pian	{"word":"照片","pinyin":"zhao pian","short":["la photo"],"senses":[{"text":"la photo","pos":"名词","gender":"阴性","lemma":"photo","article":"la"}],"note":"常用译法，词形和具体含义需随语境调整。","source":"词伴常用词与短语整理（AI）","license":"GPL-3.0-or-later","review":"未独立法语编辑校审"}
照顾好#zhao gu hao	{"word":"照顾好","pinyin":"zhao gu hao","short":["prendre bien soin de…"],"senses":[{"text":"prendre bien soin de…","pos":"动词 / 动词短语","lemma":"prendre bien soin de…"}],"note":"后接人或物。","category":"priority-common-2026-10-04","source":"词伴常用词与短语整理（AI）","license":"GPL-3.0-or-later","review":"未独立法语编辑校审"}
燕麦#yan mai	{"word":"燕麦","pinyin":"yan mai","short":["l’avoine"],"senses":[{"text":"l’avoine","pos":"名词","article":"l’","lemma":"avoine"}],"note":"阴性名词。","category":"priority-common-2026-10-04","source":"词伴常用词与短语整理（AI）","license":"GPL-3.0-or-later","review":"未独立法语编辑校审"}
爱#ai	{"word":"爱","pinyin":"ai","short":["aimer"],"senses":[{"text":"aimer","pos":"动词 / 动词短语","lemma":"aimer"}],"note":"常用译法，词形和具体含义需随语境调整。","source":"词伴常用词与短语整理（AI）","license":"GPL-3.0-or-later","review":"未独立法语编辑校审"}
爱你#ai ni	{"word":"爱你","pinyin":"ai ni","short":["je t'aime"],"senses":[{"text":"je t'aime","pos":"会话表达 / 短语"}],"note":"用于非正式单数对象。","source":"词伴常用词与短语整理（AI）","license":"GPL-3.0-or-later","review":"未独立法语编辑校审"}
爱吃#ai chi	{"word":"爱吃","pinyin":"ai chi","short":["aimer manger"],"senses":[{"text":"aimer manger","pos":"动词 / 动词短语","lemma":"aimer manger"}],"note":"常用表达；词形、主语和时态需随语境变化。","category":"priority-common-2026-10-04","source":"词伴常用词与短语整理（AI）","license":"GPL-3.0-or-later","review":"未独立法语编辑校审"}
父亲#fu qin	{"word":"父亲","pinyin":"fu qin","short":["le père"],"senses":[{"text":"le père","pos":"名词","gender":"阳性","lemma":"père","article":"le"}],"note":"常用译法，词形和具体含义需随语境调整。","source":"词伴常用词与短语整理（AI）","license":"GPL-3.0-or-later","review":"未独立法语编辑校审"}
爸爸#ba ba	{"word":"爸爸","pinyin":"ba ba","short":["papa"],"senses":[{"text":"papa","pos":"名词","gender":"","lemma":"papa","article":""}],"note":"常用译法，词形和具体含义需随语境调整。","source":"词伴常用词与短语整理（AI）","license":"GPL-3.0-or-later","review":"未独立法语编辑校审"}
版本#ban ben	{"word":"版本","pinyin":"ban ben","short":["la version"],"senses":[{"text":"la version","pos":"名词","article":"la","lemma":"version","gender":"阴性"}],"note":"常用表达；词形、主语和时态需随语境变化。","category":"priority-common-2026-10-04","source":"词伴常用词与短语整理（AI）","license":"GPL-3.0-or-later","review":"未独立法语编辑校审"}
牙刷#ya shua	{"word":"牙刷","pinyin":"ya shua","short":["la brosse à dents"],"senses":[{"text":"la brosse à dents","pos":"名词","article":"la","lemma":"brosse à dents","gender":"阴性"}],"note":"常用表达；词形、主语和时态需随语境变化。","category":"priority-common-2026-10-04","source":"词伴常用词与短语整理（AI）","license":"GPL-3.0-or-later","review":"未独立法语编辑校审"}
牙线#ya xian	{"word":"牙线","pinyin":"ya xian","short":["le fil dentaire"],"senses":[{"text":"le fil dentaire","pos":"名词","article":"le","lemma":"fil dentaire","gender":"阳性"}],"note":"常用表达；词形、主语和时态需随语境变化。","category":"priority-common-2026-10-04","source":"词伴常用词与短语整理（AI）","license":"GPL-3.0-or-later","review":"未独立法语编辑校审"}
牙膏#ya gao	{"word":"牙膏","pinyin":"ya gao","short":["le dentifrice"],"senses":[{"text":"le dentifrice","pos":"名词","article":"le","lemma":"dentifrice","gender":"阳性"}],"note":"常用表达；词形、主语和时态需随语境变化。","category":"priority-common-2026-10-04","source":"词伴常用词与短语整理（AI）","license":"GPL-3.0-or-later","review":"未独立法语编辑校审"}
牛奶#niu nai	{"word":"牛奶","pinyin":"niu nai","short":["le lait"],"senses":[{"text":"le lait","pos":"名词","gender":"阳性","lemma":"lait","article":"le"}],"note":"常用译法，词形和具体含义需随语境调整。","source":"词伴常用词与短语整理（AI）","license":"GPL-3.0-or-later","review":"未独立法语编辑校审"}
牛排#niu pai	{"word":"牛排","pinyin":"niu pai","short":["le steak"],"senses":[{"text":"le steak","pos":"名词","article":"le","lemma":"steak","gender":"阳性"}],"note":"常用表达；词形、主语和时态需随语境变化。","category":"priority-common-2026-10-04","source":"词伴常用词与短语整理（AI）","license":"GPL-3.0-or-later","review":"未独立法语编辑校审"}
狗#gou	{"word":"狗","pinyin":"gou","short":["le chien"],"senses":[{"text":"le chien","pos":"名词","gender":"阳性","lemma":"chien","article":"le"}],"note":"常用译法，词形和具体含义需随语境调整。","source":"词伴常用词与短语整理（AI）","license":"GPL-3.0-or-later","review":"未独立法语编辑校审"}
狗粮#gou liang	{"word":"狗粮","pinyin":"gou liang","short":["la nourriture pour chiens"],"senses":[{"text":"la nourriture pour chiens","pos":"名词","article":"la","lemma":"nourriture pour chiens","gender":"阴性"}],"note":"字面狗粮；情侣“撒狗粮”另译。","category":"priority-common-2026-10-04","source":"词伴常用词与短语整理（AI）","license":"GPL-3.0-or-later","review":"未独立法语编辑校审"}
猪排#zhu pai	{"word":"猪排","pinyin":"zhu pai","short":["la côte de porc"],"senses":[{"text":"la côte de porc","pos":"名词","article":"la","lemma":"côte de porc","gender":"阴性"}],"note":"常用表达；词形、主语和时态需随语境变化。","category":"priority-common-2026-10-04","source":"词伴常用词与短语整理（AI）","license":"GPL-3.0-or-later","review":"未独立法语编辑校审"}
猫#mao	{"word":"猫","pinyin":"mao","short":["le chat"],"senses":[{"text":"le chat","pos":"名词","gender":"阳性","lemma":"chat","article":"le"}],"note":"常用译法，词形和具体含义需随语境调整。","source":"词伴常用词与短语整理（AI）","license":"GPL-3.0-or-later","review":"未独立法语编辑校审"}
玩了#wan le	{"word":"玩了","pinyin":"wan le","short":["avoir joué"],"senses":[{"text":"avoir joué","pos":"动词 / 动词短语","lemma":"avoir joué"}],"note":"常用表达；词形、主语和时态需随语境变化。","category":"priority-common-2026-10-04","source":"词伴常用词与短语整理（AI）","license":"GPL-3.0-or-later","review":"未独立法语编辑校审"}
玩啊#wan a	{"word":"玩啊","pinyin":"wan a","short":["amuse-toi !"],"senses":[{"text":"amuse-toi !","pos":"短语"}],"note":"常用表达；词形、主语和时态需随语境变化。","category":"priority-common-2026-10-04","source":"词伴常用词与短语整理（AI）","license":"GPL-3.0-or-later","review":"未独立法语编辑校审"}
玩手机#wan shou ji	{"word":"玩手机","pinyin":"wan shou ji","short":["utiliser son téléphone"],"senses":[{"text":"utiliser son téléphone","pos":"动词 / 动词短语","lemma":"utiliser son téléphone"}],"note":"日常“玩手机”不限玩游戏。","category":"priority-common-2026-10-04","source":"词伴常用词与短语整理（AI）","license":"GPL-3.0-or-later","review":"未独立法语编辑校审"}
现在#xian zai	{"word":"现在","pinyin":"xian zai","short":["maintenant"],"senses":[{"text":"maintenant","pos":"副词"}],"note":"常用译法，词形和具体含义需随语境调整。","source":"词伴常用词与短语整理（AI）","license":"GPL-3.0-or-later","review":"未独立法语编辑校审"}
现金#xian jin	{"word":"现金","pinyin":"xian jin","short":["les espèces"],"senses":[{"text":"les espèces","pos":"名词","gender":"阴性复数","lemma":"espèces","article":"les"}],"note":"常用译法，词形和具体含义需随语境调整。","source":"词伴常用词与短语整理（AI）","license":"GPL-3.0-or-later","review":"未独立法语编辑校审"}
理解#li jie	{"word":"理解","pinyin":"li jie","short":["comprendre"],"senses":[{"text":"comprendre","pos":"动词 / 动词短语","lemma":"comprendre"}],"note":"常用译法，词形和具体含义需随语境调整。","source":"词伴常用词与短语整理（AI）","license":"GPL-3.0-or-later","review":"未独立法语编辑校审"}
瓶塞#ping sai	{"word":"瓶塞","pinyin":"ping sai","short":["le bouchon"],"senses":[{"text":"le bouchon","pos":"名词","article":"le","lemma":"bouchon","gender":"阳性"}],"note":"常用表达；词形、主语和时态需随语境变化。","category":"priority-common-2026-10-04","source":"词伴常用词与短语整理（AI）","license":"GPL-3.0-or-later","review":"未独立法语编辑校审"}
瓶盖#ping gai	{"word":"瓶盖","pinyin":"ping gai","short":["le bouchon"],"senses":[{"text":"le bouchon","pos":"名词","article":"le","lemma":"bouchon","gender":"阳性"}],"note":"瓶子的盖或塞；啤酒等金属压盖可用 la capsule。","category":"priority-common-2026-10-04","source":"词伴常用词与短语整理（AI）","license":"GPL-3.0-or-later","review":"未独立法语编辑校审"}
甜#tian	{"word":"甜","pinyin":"tian","short":["sucré"],"senses":[{"text":"sucré","pos":"形容词"}],"note":"常用译法，词形和具体含义需随语境调整。","source":"词伴常用词与短语整理（AI）","license":"GPL-3.0-or-later","review":"未独立法语编辑校审"}
生于#sheng yu	{"word":"生于","pinyin":"sheng yu","short":["être né en…"],"senses":[{"text":"être né en…","pos":"动词 / 动词短语","lemma":"être né en…"}],"note":"地点或年份需具体补充，女性 née。","category":"priority-common-2026-10-04","source":"词伴常用词与短语整理（AI）","license":"GPL-3.0-or-later","review":"未独立法语编辑校审"}
生快#sheng kuai	{"word":"生快","pinyin":"sheng kuai","short":["joyeux anniversaire !"],"senses":[{"text":"joyeux anniversaire !","pos":"短语"}],"note":"“生日快乐”的网络缩写。","category":"priority-common-2026-10-04","source":"词伴常用词与短语整理（AI）","license":"GPL-3.0-or-later","review":"未独立法语编辑校审"}
生日快乐#sheng ri kuai le	{"word":"生日快乐","pinyin":"sheng ri kuai le","short":["joyeux anniversaire !"],"senses":[{"text":"joyeux anniversaire !","pos":"会话表达 / 短语"}],"note":"生日祝福。","source":"词伴常用词与短语整理（AI）","license":"GPL-3.0-or-later","review":"未独立法语编辑校审"}
生气#sheng qi	{"word":"生气","pinyin":"sheng qi","short":["en colère"],"senses":[{"text":"en colère","pos":"形容词"}],"note":"常用译法，词形和具体含义需随语境调整。","source":"词伴常用词与短语整理（AI）","license":"GPL-3.0-or-later","review":"未独立法语编辑校审"}
生活#sheng huo	{"word":"生活","pinyin":"sheng huo","short":["la vie"],"senses":[{"text":"la vie","pos":"名词","gender":"阴性","lemma":"vie","article":"la"}],"note":"常用译法，词形和具体含义需随语境调整。","source":"词伴常用词与短语整理（AI）","license":"GPL-3.0-or-later","review":"未独立法语编辑校审"}
生病#sheng bing	{"word":"生病","pinyin":"sheng bing","short":["être malade"],"senses":[{"text":"être malade","pos":"动词 / 动词短语","lemma":"être malade"}],"note":"常用译法，词形和具体含义需随语境调整。","source":"词伴常用词与短语整理（AI）","license":"GPL-3.0-or-later","review":"未独立法语编辑校审"}
生菜#sheng cai	{"word":"生菜","pinyin":"sheng cai","short":["la laitue"],"senses":[{"text":"la laitue","pos":"名词","article":"la","lemma":"laitue","gender":"阴性"}],"note":"常用表达；词形、主语和时态需随语境变化。","category":"priority-common-2026-10-04","source":"词伴常用词与短语整理（AI）","license":"GPL-3.0-or-later","review":"未独立法语编辑校审"}
用#yong	{"word":"用","pinyin":"yong","short":["utiliser"],"senses":[{"text":"utiliser","pos":"动词 / 动词短语","lemma":"utiliser"}],"note":"常用译法，词形和具体含义需随语境调整。","source":"词伴常用词与短语整理（AI）","license":"GPL-3.0-or-later","review":"未独立法语编辑校审"}
用了#yong le	{"word":"用了","pinyin":"yong le","short":["avoir utilisé"],"senses":[{"text":"avoir utilisé","pos":"动词 / 动词短语","lemma":"avoir utilisé"}],"note":"常用表达；词形、主语和时态需随语境变化。","category":"priority-common-2026-10-04","source":"词伴常用词与短语整理（AI）","license":"GPL-3.0-or-later","review":"未独立法语编辑校审"}
用的#yong de	{"word":"用的","pinyin":"yong de","short":["ce qui est utilisé"],"senses":[{"text":"ce qui est utilisé","pos":"短语"}],"note":"常用表达；词形、主语和时态需随语境变化。","category":"priority-common-2026-10-04","source":"词伴常用词与短语整理（AI）","license":"GPL-3.0-or-later","review":"未独立法语编辑校审"}
电影#dian ying	{"word":"电影","pinyin":"dian ying","short":["le film"],"senses":[{"text":"le film","pos":"名词","gender":"阳性","lemma":"film","article":"le"}],"note":"常用译法，词形和具体含义需随语境调整。","source":"词伴常用词与短语整理（AI）","license":"GPL-3.0-or-later","review":"未独立法语编辑校审"}
电池#dian chi	{"word":"电池","pinyin":"dian chi","short":["la pile","la batterie"],"senses":[{"text":"la pile","pos":"名词","article":"la","lemma":"pile","gender":"阴性"},{"text":"la batterie","pos":"名词","article":"la","lemma":"batterie","gender":"阴性"}],"note":"一次性电池/可充电蓄电池。","category":"priority-common-2026-10-04","source":"词伴常用词与短语整理（AI）","license":"GPL-3.0-or-later","review":"未独立法语编辑校审"}
电源#dian yuan	{"word":"电源","pinyin":"dian yuan","short":["l’alimentation électrique"],"senses":[{"text":"l’alimentation électrique","pos":"名词","article":"l’","lemma":"alimentation électrique"}],"note":"阴性名词。","category":"priority-common-2026-10-04","source":"词伴常用词与短语整理（AI）","license":"GPL-3.0-or-later","review":"未独立法语编辑校审"}
电脑#dian nao	{"word":"电脑","pinyin":"dian nao","short":["l'ordinateur"],"senses":[{"text":"l'ordinateur","pos":"名词","gender":"阳性","lemma":"ordinateur","article":"l'"}],"note":"常用译法，词形和具体含义需随语境调整。","source":"词伴常用词与短语整理（AI）","license":"GPL-3.0-or-later","review":"未独立法语编辑校审"}
电话#dian hua	{"word":"电话","pinyin":"dian hua","short":["l'appel"],"senses":[{"text":"l'appel","pos":"名词","gender":"","lemma":"appel","article":"l'"}],"note":"常用译法，词形和具体含义需随语境调整。","source":"词伴常用词与短语整理（AI）","license":"GPL-3.0-or-later","review":"未独立法语编辑校审"}
电饭煲#dian fan bao	{"word":"电饭煲","pinyin":"dian fan bao","short":["le cuiseur à riz"],"senses":[{"text":"le cuiseur à riz","pos":"名词","article":"le","lemma":"cuiseur à riz","gender":"阳性"}],"note":"常用表达；词形、主语和时态需随语境变化。","category":"priority-common-2026-10-04","source":"词伴常用词与短语整理（AI）","license":"GPL-3.0-or-later","review":"未独立法语编辑校审"}
男人#nan ren	{"word":"男人","pinyin":"nan ren","short":["l'homme"],"senses":[{"text":"l'homme","pos":"名词","gender":"阳性","lemma":"homme","article":"l'"}],"note":"常用译法，词形和具体含义需随语境调整。","source":"词伴常用词与短语整理（AI）","license":"GPL-3.0-or-later","review":"未独立法语编辑校审"}
留着#liu zhe	{"word":"留着","pinyin":"liu zhe","short":["garder"],"senses":[{"text":"garder","pos":"动词 / 动词短语","lemma":"garder"}],"note":"常用表达；词形、主语和时态需随语境变化。","category":"priority-common-2026-10-04","source":"词伴常用词与短语整理（AI）","license":"GPL-3.0-or-later","review":"未独立法语编辑校审"}
番茄酱#fan qie jiang	{"word":"番茄酱","pinyin":"fan qie jiang","short":["la sauce tomate","le ketchup"],"senses":[{"text":"la sauce tomate","pos":"名词","article":"la","lemma":"sauce tomate","gender":"阴性"},{"text":"le ketchup","pos":"名词","article":"le","lemma":"ketchup","gender":"阳性"}],"note":"番茄烹调酱/餐桌甜番茄调味酱。","category":"priority-common-2026-10-04","source":"词伴常用词与短语整理（AI）","license":"GPL-3.0-or-later","review":"未独立法语编辑校审"}
瘦了#shou le	{"word":"瘦了","pinyin":"shou le","short":["avoir maigri"],"senses":[{"text":"avoir maigri","pos":"动词 / 动词短语","lemma":"avoir maigri"}],"note":"常用表达；词形、主语和时态需随语境变化。","category":"priority-common-2026-10-04","source":"词伴常用词与短语整理（AI）","license":"GPL-3.0-or-later","review":"未独立法语编辑校审"}
瘦的#shou de	{"word":"瘦的","pinyin":"shou de","short":["mince"],"senses":[{"text":"mince","pos":"形容词"}],"note":"常用表达；词形、主语和时态需随语境变化。","category":"priority-common-2026-10-04","source":"词伴常用词与短语整理（AI）","license":"GPL-3.0-or-later","review":"未独立法语编辑校审"}
登录#deng lu	{"word":"登录","pinyin":"deng lu","short":["se connecter"],"senses":[{"text":"se connecter","pos":"动词 / 动词短语","lemma":"se connecter"}],"note":"常用表达；词形、主语和时态需随语境变化。","category":"priority-common-2026-10-04","source":"词伴常用词与短语整理（AI）","license":"GPL-3.0-or-later","review":"未独立法语编辑校审"}
登机牌#deng ji pai	{"word":"登机牌","pinyin":"deng ji pai","short":["la carte d’embarquement"],"senses":[{"text":"la carte d’embarquement","pos":"名词","article":"la","lemma":"carte d’embarquement","gender":"阴性"}],"note":"常用表达；词形、主语和时态需随语境变化。","category":"priority-common-2026-10-04","source":"词伴常用词与短语整理（AI）","license":"GPL-3.0-or-later","review":"未独立法语编辑校审"}
白色#bai se	{"word":"白色","pinyin":"bai se","short":["blanc"],"senses":[{"text":"blanc","pos":"形容词"}],"note":"常用译法，词形和具体含义需随语境调整。","source":"词伴常用词与短语整理（AI）","license":"GPL-3.0-or-later","review":"未独立法语编辑校审"}
百#bai	{"word":"百","pinyin":"bai","short":["cent"],"senses":[{"text":"cent","pos":"数词"}],"note":"常用译法，词形和具体含义需随语境调整。","source":"词伴常用词与短语整理（AI）","license":"GPL-3.0-or-later","review":"未独立法语编辑校审"}
的#de	{"word":"的","pinyin":"de","short":["de","particule de liaison"],"senses":[{"text":"de","pos":"助词 / 语法说明"},{"text":"particule de liaison","pos":"助词 / 语法说明"}],"note":"连接修饰语与名词，不总能逐字译成 de。","source":"词伴常用词与短语整理（AI）","license":"GPL-3.0-or-later","review":"未独立法语编辑校审"}
的#di	{"word":"的","pinyin":"di","short":["vrai","cible"],"senses":[{"text":"vrai","pos":"形容词"},{"text":"cible","pos":"名词","gender":"","lemma":"cible"}],"note":"di2 表示确实，di4 表示靶心；当前拼音输入不区分声调，具体义需要语境。","source":"词伴常用词与短语整理（AI）","license":"GPL-3.0-or-later","review":"未独立法语编辑校审"}
盐#yan	{"word":"盐","pinyin":"yan","short":["le sel"],"senses":[{"text":"le sel","pos":"名词","gender":"阳性","lemma":"sel","article":"le"}],"note":"常用译法，词形和具体含义需随语境调整。","source":"词伴常用词与短语整理（AI）","license":"GPL-3.0-or-later","review":"未独立法语编辑校审"}
目的地#mu di di	{"word":"目的地","pinyin":"mu di di","short":["la destination"],"senses":[{"text":"la destination","pos":"名词","article":"la","lemma":"destination","gender":"阴性"}],"note":"常用表达；词形、主语和时态需随语境变化。","category":"priority-common-2026-10-04","source":"词伴常用词与短语整理（AI）","license":"GPL-3.0-or-later","review":"未独立法语编辑校审"}
相信你#xiang xin ni	{"word":"相信你","pinyin":"xiang xin ni","short":["te faire confiance"],"senses":[{"text":"te faire confiance","pos":"动词 / 动词短语","lemma":"te faire confiance"}],"note":"常用表达；词形、主语和时态需随语境变化。","category":"priority-common-2026-10-04","source":"词伴常用词与短语整理（AI）","license":"GPL-3.0-or-later","review":"未独立法语编辑校审"}
看#kan	{"word":"看","pinyin":"kan","short":["regarder"],"senses":[{"text":"regarder","pos":"动词 / 动词短语","lemma":"regarder"}],"note":"常用译法，词形和具体含义需随语境调整。","source":"词伴常用词与短语整理（AI）","license":"GPL-3.0-or-later","review":"未独立法语编辑校审"}
看了#kan le	{"word":"看了","pinyin":"kan le","short":["avoir regardé"],"senses":[{"text":"avoir regardé","pos":"会话表达 / 短语"}],"note":"“我看了电影”：J'ai regardé un film；阅读文本则常用 lire。","source":"词伴常用词与短语整理（AI）","license":"GPL-3.0-or-later","review":"未独立法语编辑校审"}
看出来#kan chu lai	{"word":"看出来","pinyin":"kan chu lai","short":["remarquer"],"senses":[{"text":"remarquer","pos":"动词 / 动词短语","lemma":"remarquer"}],"note":"常用表达；词形、主语和时态需随语境变化。","category":"priority-common-2026-10-04","source":"词伴常用词与短语整理（AI）","license":"GPL-3.0-or-later","review":"未独立法语编辑校审"}
看到了#kan dao le	{"word":"看到了","pinyin":"kan dao le","short":["avoir vu"],"senses":[{"text":"avoir vu","pos":"动词 / 动词短语","lemma":"avoir vu"}],"note":"常用表达；词形、主语和时态需随语境变化。","category":"priority-common-2026-10-04","source":"词伴常用词与短语整理（AI）","license":"GPL-3.0-or-later","review":"未独立法语编辑校审"}
看到你#kan dao ni	{"word":"看到你","pinyin":"kan dao ni","short":["te voir"],"senses":[{"text":"te voir","pos":"动词 / 动词短语","lemma":"te voir"}],"note":"常用表达；词形、主语和时态需随语境变化。","category":"priority-common-2026-10-04","source":"词伴常用词与短语整理（AI）","license":"GPL-3.0-or-later","review":"未独立法语编辑校审"}
看到我#kan dao wo	{"word":"看到我","pinyin":"kan dao wo","short":["me voir"],"senses":[{"text":"me voir","pos":"动词 / 动词短语","lemma":"me voir"}],"note":"常用表达；词形、主语和时态需随语境变化。","category":"priority-common-2026-10-04","source":"词伴常用词与短语整理（AI）","license":"GPL-3.0-or-later","review":"未独立法语编辑校审"}
看到的#kan dao de	{"word":"看到的","pinyin":"kan dao de","short":["ce qu’on voit"],"senses":[{"text":"ce qu’on voit","pos":"短语"}],"note":"常用表达；词形、主语和时态需随语境变化。","category":"priority-common-2026-10-04","source":"词伴常用词与短语整理（AI）","license":"GPL-3.0-or-later","review":"未独立法语编辑校审"}
看吧#kan ba	{"word":"看吧","pinyin":"kan ba","short":["regarde !"],"senses":[{"text":"regarde !","pos":"短语"}],"note":"“你看吧”命令，决定是否看则另译。","category":"priority-common-2026-10-04","source":"词伴常用词与短语整理（AI）","license":"GPL-3.0-or-later","review":"未独立法语编辑校审"}
看来你#kan lai ni	{"word":"看来你","pinyin":"kan lai ni","short":["on dirait que tu…"],"senses":[{"text":"on dirait que tu…","pos":"短语"}],"note":"需补谓语。","category":"priority-common-2026-10-04","source":"词伴常用词与短语整理（AI）","license":"GPL-3.0-or-later","review":"未独立法语编辑校审"}
看见你#kan jian ni	{"word":"看见你","pinyin":"kan jian ni","short":["te voir"],"senses":[{"text":"te voir","pos":"动词 / 动词短语","lemma":"te voir"}],"note":"常用表达；词形、主语和时态需随语境变化。","category":"priority-common-2026-10-04","source":"词伴常用词与短语整理（AI）","license":"GPL-3.0-or-later","review":"未独立法语编辑校审"}
看过#kan guo	{"word":"看过","pinyin":"kan guo","short":["avoir déjà vu"],"senses":[{"text":"avoir déjà vu","pos":"动词 / 动词短语","lemma":"avoir déjà vu"}],"note":"常用表达；词形、主语和时态需随语境变化。","category":"priority-common-2026-10-04","source":"词伴常用词与短语整理（AI）","license":"GPL-3.0-or-later","review":"未独立法语编辑校审"}
真好看#zhen hao kan	{"word":"真好看","pinyin":"zhen hao kan","short":["c’est vraiment beau !"],"senses":[{"text":"c’est vraiment beau !","pos":"短语"}],"note":"常用表达；词形、主语和时态需随语境变化。","category":"priority-common-2026-10-04","source":"词伴常用词与短语整理（AI）","license":"GPL-3.0-or-later","review":"未独立法语编辑校审"}
真棒#zhen bang	{"word":"真棒","pinyin":"zhen bang","short":["bravo !"],"senses":[{"text":"bravo !","pos":"短语"}],"note":"常用表达；词形、主语和时态需随语境变化。","category":"priority-common-2026-10-04","source":"词伴常用词与短语整理（AI）","license":"GPL-3.0-or-later","review":"未独立法语编辑校审"}
真正的#zhen zheng de	{"word":"真正的","pinyin":"zhen zheng de","short":["authentique","véritable"],"senses":[{"text":"authentique","pos":"形容词"},{"text":"véritable","pos":"形容词"}],"note":"修饰名词，需结合语境选择。","category":"priority-common-2026-10-04","source":"词伴常用词与短语整理（AI）","license":"GPL-3.0-or-later","review":"未独立法语编辑校审"}
真爱#zhen ai	{"word":"真爱","pinyin":"zhen ai","short":["le véritable amour"],"senses":[{"text":"le véritable amour","pos":"名词","article":"le","lemma":"véritable amour","gender":"阳性"}],"note":"常用表达；词形、主语和时态需随语境变化。","category":"priority-common-2026-10-04","source":"词伴常用词与短语整理（AI）","license":"GPL-3.0-or-later","review":"未独立法语编辑校审"}
真的#zhen de	{"word":"真的","pinyin":"zhen de","short":["vraiment"],"senses":[{"text":"vraiment","pos":"会话表达 / 短语"}],"note":"问“真的吗？”可用 Vraiment ?","source":"词伴常用词与短语整理（AI）","license":"GPL-3.0-or-later","review":"未独立法语编辑校审"}
眼睛#yan jing	{"word":"眼睛","pinyin":"yan jing","short":["les yeux","un œil"],"senses":[{"text":"les yeux","pos":"名词","gender":"阳性","lemma":"yeux","article":"les"},{"text":"un œil","pos":"名词","gender":"阳性","lemma":"œil","article":"un"}],"note":"常用译法，词形和具体含义需随语境调整。","source":"词伴常用词与短语整理（AI）","license":"GPL-3.0-or-later","review":"未独立法语编辑校审"}
着#zhao	{"word":"着","pinyin":"zhao","short":["atteindre","prendre feu"],"senses":[{"text":"atteindre","pos":"动词 / 动词短语","lemma":"atteindre"},{"text":"prendre feu","pos":"动词 / 动词短语","lemma":"prendre feu"}],"note":"zhao2 可表示达到、着火，zhao1 可表示招数；词组决定含义。","source":"词伴常用词与短语整理（AI）","license":"GPL-3.0-or-later","review":"未独立法语编辑校审"}
着#zhe	{"word":"着","pinyin":"zhe","short":["particule d'aspect"],"senses":[{"text":"particule d'aspect","pos":"助词 / 语法说明"}],"note":"表示持续状态，不能固定逐字译成某个法语单词。","source":"词伴常用词与短语整理（AI）","license":"GPL-3.0-or-later","review":"未独立法语编辑校审"}
着#zhuo	{"word":"着","pinyin":"zhuo","short":["porter","toucher"],"senses":[{"text":"porter","pos":"动词 / 动词短语","lemma":"porter"},{"text":"toucher","pos":"动词 / 动词短语","lemma":"toucher"}],"note":"用于着装、着手等词组，须按词组确定译法。","source":"词伴常用词与短语整理（AI）","license":"GPL-3.0-or-later","review":"未独立法语编辑校审"}
睡了#shui le	{"word":"睡了","pinyin":"shui le","short":["avoir dormi"],"senses":[{"text":"avoir dormi","pos":"会话表达 / 短语"}],"note":"表示已经睡过；“我去睡了”：Je vais me coucher。","source":"词伴常用词与短语整理（AI）","license":"GPL-3.0-or-later","review":"未独立法语编辑校审"}
睡吧#shui ba	{"word":"睡吧","pinyin":"shui ba","short":["va dormir"],"senses":[{"text":"va dormir","pos":"短语"}],"note":"常用表达；词形、主语和时态需随语境变化。","category":"priority-common-2026-10-04","source":"词伴常用词与短语整理（AI）","license":"GPL-3.0-or-later","review":"未独立法语编辑校审"}
睡着了#shui zhao le	{"word":"睡着了","pinyin":"shui zhao le","short":["s’est endormi","s’est endormie"],"senses":[{"text":"s’est endormi","pos":"短语"},{"text":"s’est endormie","pos":"短语"}],"note":"省略主语，随主语性别变化。","category":"priority-common-2026-10-04","source":"词伴常用词与短语整理（AI）","license":"GPL-3.0-or-later","review":"未独立法语编辑校审"}
睡觉#shui jiao	{"word":"睡觉","pinyin":"shui jiao","short":["dormir"],"senses":[{"text":"dormir","pos":"动词 / 动词短语","lemma":"dormir"}],"note":"常用译法，词形和具体含义需随语境调整。","source":"词伴常用词与短语整理（AI）","license":"GPL-3.0-or-later","review":"未独立法语编辑校审"}
睡觉了#shui jiao le	{"word":"睡觉了","pinyin":"shui jiao le","short":["je vais dormir"],"senses":[{"text":"je vais dormir","pos":"短语"}],"note":"按“我要睡了”整理。","category":"priority-common-2026-10-04","source":"词伴常用词与短语整理（AI）","license":"GPL-3.0-or-later","review":"未独立法语编辑校审"}
知道#zhi dao	{"word":"知道","pinyin":"zhi dao","short":["savoir"],"senses":[{"text":"savoir","pos":"动词 / 动词短语","lemma":"savoir"}],"note":"常用译法，词形和具体含义需随语境调整。","source":"词伴常用词与短语整理（AI）","license":"GPL-3.0-or-later","review":"未独立法语编辑校审"}
知道了#zhi dao le	{"word":"知道了","pinyin":"zhi dao le","short":["j’ai compris","je sais maintenant"],"senses":[{"text":"j’ai compris","pos":"短语"},{"text":"je sais maintenant","pos":"短语"}],"note":"根据“明白了”或“现在知道了”选择。","category":"priority-common-2026-10-04","source":"词伴常用词与短语整理（AI）","license":"GPL-3.0-or-later","review":"未独立法语编辑校审"}
知道你#zhi dao ni	{"word":"知道你","pinyin":"zhi dao ni","short":["savoir que tu…"],"senses":[{"text":"savoir que tu…","pos":"短语"}],"note":"需补主语/谓语。","category":"priority-common-2026-10-04","source":"词伴常用词与短语整理（AI）","license":"GPL-3.0-or-later","review":"未独立法语编辑校审"}
知道怎么#zhi dao zen me	{"word":"知道怎么","pinyin":"zhi dao zen me","short":["savoir comment…"],"senses":[{"text":"savoir comment…","pos":"短语"}],"note":"后接具体行为。","category":"priority-common-2026-10-04","source":"词伴常用词与短语整理（AI）","license":"GPL-3.0-or-later","review":"未独立法语编辑校审"}
知道我#zhi dao wo	{"word":"知道我","pinyin":"zhi dao wo","short":["savoir que je…"],"senses":[{"text":"savoir que je…","pos":"短语"}],"note":"需补主语/谓语。","category":"priority-common-2026-10-04","source":"词伴常用词与短语整理（AI）","license":"GPL-3.0-or-later","review":"未独立法语编辑校审"}
知道是#zhi dao shi	{"word":"知道是","pinyin":"zhi dao shi","short":["savoir que c’est…"],"senses":[{"text":"savoir que c’est…","pos":"短语"}],"note":"需补主语与表语。","category":"priority-common-2026-10-04","source":"词伴常用词与短语整理（AI）","license":"GPL-3.0-or-later","review":"未独立法语编辑校审"}
短#duan	{"word":"短","pinyin":"duan","short":["court"],"senses":[{"text":"court","pos":"形容词"}],"note":"常用译法，词形和具体含义需随语境调整。","source":"词伴常用词与短语整理（AI）","license":"GPL-3.0-or-later","review":"未独立法语编辑校审"}
短发#duan fa	{"word":"短发","pinyin":"duan fa","short":["les cheveux courts"],"senses":[{"text":"les cheveux courts","pos":"名词","article":"les","lemma":"cheveux courts"}],"note":"cheveu 为阳性，常用复数。","category":"priority-common-2026-10-04","source":"词伴常用词与短语整理（AI）","license":"GPL-3.0-or-later","review":"未独立法语编辑校审"}
砧板#zhen ban	{"word":"砧板","pinyin":"zhen ban","short":["la planche à découper"],"senses":[{"text":"la planche à découper","pos":"名词","article":"la","lemma":"planche à découper","gender":"阴性"}],"note":"常用表达；词形、主语和时态需随语境变化。","category":"priority-common-2026-10-04","source":"词伴常用词与短语整理（AI）","license":"GPL-3.0-or-later","review":"未独立法语编辑校审"}
确实是#que shi shi	{"word":"确实是","pinyin":"que shi shi","short":["c’est effectivement…"],"senses":[{"text":"c’est effectivement…","pos":"短语"}],"note":"需接表语。","category":"priority-common-2026-10-04","source":"词伴常用词与短语整理（AI）","license":"GPL-3.0-or-later","review":"未独立法语编辑校审"}
祝你#zhu ni	{"word":"祝你","pinyin":"zhu ni","short":["je te souhaite…"],"senses":[{"text":"je te souhaite…","pos":"短语"}],"note":"后接祝愿内容。","category":"priority-common-2026-10-04","source":"词伴常用词与短语整理（AI）","license":"GPL-3.0-or-later","review":"未独立法语编辑校审"}
祝你好运#zhu ni hao yun	{"word":"祝你好运","pinyin":"zhu ni hao yun","short":["bonne chance !"],"senses":[{"text":"bonne chance !","pos":"会话表达 / 短语"}],"note":"祝福好运。","source":"词伴常用词与短语整理（AI）","license":"GPL-3.0-or-later","review":"未独立法语编辑校审"}
神马#shen ma	{"word":"神马","pinyin":"shen ma","short":["quoi"],"senses":[{"text":"quoi","pos":"代词"}],"note":"网络用语“什么”，不是字面神兽。","category":"priority-common-2026-10-04","source":"词伴常用词与短语整理（AI）","license":"GPL-3.0-or-later","review":"未独立法语编辑校审"}
票#piao	{"word":"票","pinyin":"piao","short":["le billet"],"senses":[{"text":"le billet","pos":"名词","gender":"阳性","lemma":"billet","article":"le"}],"note":"常用译法，词形和具体含义需随语境调整。","source":"词伴常用词与短语整理（AI）","license":"GPL-3.0-or-later","review":"未独立法语编辑校审"}
秋天#qiu tian	{"word":"秋天","pinyin":"qiu tian","short":["l'automne"],"senses":[{"text":"l'automne","pos":"名词","gender":"阳性","lemma":"automne","article":"l'"}],"note":"常用译法，词形和具体含义需随语境调整。","source":"词伴常用词与短语整理（AI）","license":"GPL-3.0-or-later","review":"未独立法语编辑校审"}
空气炸锅#kong qi zha guo	{"word":"空气炸锅","pinyin":"kong qi zha guo","short":["la friteuse à air chaud"],"senses":[{"text":"la friteuse à air chaud","pos":"名词","article":"la","lemma":"friteuse à air chaud","gender":"阴性"}],"note":"常用表达；词形、主语和时态需随语境变化。","category":"priority-common-2026-10-04","source":"词伴常用词与短语整理（AI）","license":"GPL-3.0-or-later","review":"未独立法语编辑校审"}
穿了#chuan le	{"word":"穿了","pinyin":"chuan le","short":["avoir mis"],"senses":[{"text":"avoir mis","pos":"动词 / 动词短语","lemma":"avoir mis"}],"note":"穿上衣物。","category":"priority-common-2026-10-04","source":"词伴常用词与短语整理（AI）","license":"GPL-3.0-or-later","review":"未独立法语编辑校审"}
穿的#chuan de	{"word":"穿的","pinyin":"chuan de","short":["ce qu’on porte"],"senses":[{"text":"ce qu’on porte","pos":"短语"}],"note":"常用表达；词形、主语和时态需随语境变化。","category":"priority-common-2026-10-04","source":"词伴常用词与短语整理（AI）","license":"GPL-3.0-or-later","review":"未独立法语编辑校审"}
窗户#chuang hu	{"word":"窗户","pinyin":"chuang hu","short":["la fenêtre"],"senses":[{"text":"la fenêtre","pos":"名词","gender":"阴性","lemma":"fenêtre","article":"la"}],"note":"常用译法，词形和具体含义需随语境调整。","source":"词伴常用词与短语整理（AI）","license":"GPL-3.0-or-later","review":"未独立法语编辑校审"}
站#zhan	{"word":"站","pinyin":"zhan","short":["se tenir debout"],"senses":[{"text":"se tenir debout","pos":"动词 / 动词短语","lemma":"se tenir debout"}],"note":"常用译法，词形和具体含义需随语境调整。","source":"词伴常用词与短语整理（AI）","license":"GPL-3.0-or-later","review":"未独立法语编辑校审"}
站在#zhan zai	{"word":"站在","pinyin":"zhan zai","short":["être debout à…"],"senses":[{"text":"être debout à…","pos":"动词 / 动词短语","lemma":"être debout à…"}],"note":"后接地点。","category":"priority-common-2026-10-04","source":"词伴常用词与短语整理（AI）","license":"GPL-3.0-or-later","review":"未独立法语编辑校审"}
笑死#xiao si	{"word":"笑死","pinyin":"xiao si","short":["mort de rire"],"senses":[{"text":"mort de rire","pos":"短语"}],"note":"夸张口语。","category":"priority-common-2026-10-04","source":"词伴常用词与短语整理（AI）","license":"GPL-3.0-or-later","review":"未独立法语编辑校审"}
笑死我#xiao si wo	{"word":"笑死我","pinyin":"xiao si wo","short":["ça me fait mourir de rire"],"senses":[{"text":"ça me fait mourir de rire","pos":"短语"}],"note":"常用表达；词形、主语和时态需随语境变化。","category":"priority-common-2026-10-04","source":"词伴常用词与短语整理（AI）","license":"GPL-3.0-or-later","review":"未独立法语编辑校审"}
第一次#di yi ci	{"word":"第一次","pinyin":"di yi ci","short":["la première fois"],"senses":[{"text":"la première fois","pos":"会话表达 / 短语"}],"note":"“这是第一次”：C'est la première fois.","source":"词伴常用词与短语整理（AI）","license":"GPL-3.0-or-later","review":"未独立法语编辑校审"}
第十三届#di shi san jie	{"word":"第十三届","pinyin":"di shi san jie","short":["la treizième édition"],"senses":[{"text":"la treizième édition","pos":"短语"}],"note":"赛事、活动届次。","category":"priority-common-2026-10-04","source":"词伴常用词与短语整理（AI）","license":"GPL-3.0-or-later","review":"未独立法语编辑校审"}
等#deng	{"word":"等","pinyin":"deng","short":["attendre"],"senses":[{"text":"attendre","pos":"动词 / 动词短语","lemma":"attendre"}],"note":"常用译法，词形和具体含义需随语境调整。","source":"词伴常用词与短语整理（AI）","license":"GPL-3.0-or-later","review":"未独立法语编辑校审"}
等一下#deng yi xia	{"word":"等一下","pinyin":"deng yi xia","short":["attends un instant"],"senses":[{"text":"attends un instant","pos":"会话表达 / 短语"}],"note":"非正式；礼貌用 Attendez un instant。","source":"词伴常用词与短语整理（AI）","license":"GPL-3.0-or-later","review":"未独立法语编辑校审"}
等你#deng ni	{"word":"等你","pinyin":"deng ni","short":["t'attendre"],"senses":[{"text":"t'attendre","pos":"会话表达 / 短语"}],"note":"“我等你”：Je t'attends.","source":"词伴常用词与短语整理（AI）","license":"GPL-3.0-or-later","review":"未独立法语编辑校审"}
等待#deng dai	{"word":"等待","pinyin":"deng dai","short":["attendre"],"senses":[{"text":"attendre","pos":"动词 / 动词短语","lemma":"attendre"}],"note":"常用译法，词形和具体含义需随语境调整。","source":"词伴常用词与短语整理（AI）","license":"GPL-3.0-or-later","review":"未独立法语编辑校审"}
等我#deng wo	{"word":"等我","pinyin":"deng wo","short":["attends-moi"],"senses":[{"text":"attends-moi","pos":"会话表达 / 短语"}],"note":"非正式单数；礼貌或复数用 attendez-moi。","source":"词伴常用词与短语整理（AI）","license":"GPL-3.0-or-later","review":"未独立法语编辑校审"}
等着#deng zhe	{"word":"等着","pinyin":"deng zhe","short":["attends !"],"senses":[{"text":"attends !","pos":"短语"}],"note":"常用表达；词形、主语和时态需随语境变化。","category":"priority-common-2026-10-04","source":"词伴常用词与短语整理（AI）","license":"GPL-3.0-or-later","review":"未独立法语编辑校审"}
答案#da an	{"word":"答案","pinyin":"da an","short":["la réponse"],"senses":[{"text":"la réponse","pos":"名词","gender":"阴性","lemma":"réponse","article":"la"}],"note":"常用译法，词形和具体含义需随语境调整。","source":"词伴常用词与短语整理（AI）","license":"GPL-3.0-or-later","review":"未独立法语编辑校审"}
筷子#kuai zi	{"word":"筷子","pinyin":"kuai zi","short":["les baguettes"],"senses":[{"text":"les baguettes","pos":"名词","article":"les","lemma":"baguettes"}],"note":"baguette 为阴性。","category":"priority-common-2026-10-04","source":"词伴常用词与短语整理（AI）","license":"GPL-3.0-or-later","review":"未独立法语编辑校审"}
简单#jian dan	{"word":"简单","pinyin":"jian dan","short":["simple"],"senses":[{"text":"simple","pos":"形容词"}],"note":"常用译法，词形和具体含义需随语境调整。","source":"词伴常用词与短语整理（AI）","license":"GPL-3.0-or-later","review":"未独立法语编辑校审"}
简历#jian li	{"word":"简历","pinyin":"jian li","short":["le CV"],"senses":[{"text":"le CV","pos":"名词","article":"le","lemma":"CV","gender":"阳性"}],"note":"常用表达；词形、主语和时态需随语境变化。","category":"priority-common-2026-10-04","source":"词伴常用词与短语整理（AI）","license":"GPL-3.0-or-later","review":"未独立法语编辑校审"}
簸箕#bo ji	{"word":"簸箕","pinyin":"bo ji","short":["la pelle à poussière"],"senses":[{"text":"la pelle à poussière","pos":"名词","article":"la","lemma":"pelle à poussière","gender":"阴性"}],"note":"常用表达；词形、主语和时态需随语境变化。","category":"priority-common-2026-10-04","source":"词伴常用词与短语整理（AI）","license":"GPL-3.0-or-later","review":"未独立法语编辑校审"}
米粉#mi fen	{"word":"米粉","pinyin":"mi fen","short":["les vermicelles de riz"],"senses":[{"text":"les vermicelles de riz","pos":"名词","article":"les","lemma":"vermicelles de riz"}],"note":"此处指米制面条；米磨成的粉为 la farine de riz。","category":"priority-common-2026-10-04","source":"词伴常用词与短语整理（AI）","license":"GPL-3.0-or-later","review":"未独立法语编辑校审"}
米饭#mi fan	{"word":"米饭","pinyin":"mi fan","short":["le riz"],"senses":[{"text":"le riz","pos":"名词","gender":"阳性","lemma":"riz","article":"le"}],"note":"常用译法，词形和具体含义需随语境调整。","source":"词伴常用词与短语整理（AI）","license":"GPL-3.0-or-later","review":"未独立法语编辑校审"}
粘贴#zhan tie	{"word":"粘贴","pinyin":"zhan tie","short":["coller"],"senses":[{"text":"coller","pos":"动词 / 动词短语","lemma":"coller"}],"note":"常用表达；词形、主语和时态需随语境变化。","category":"priority-common-2026-10-04","source":"词伴常用词与短语整理（AI）","license":"GPL-3.0-or-later","review":"未独立法语编辑校审"}
粥#zhou	{"word":"粥","pinyin":"zhou","short":["la bouillie de riz"],"senses":[{"text":"la bouillie de riz","pos":"名词","article":"la","lemma":"bouillie de riz","gender":"阴性"}],"note":"常用表达；词形、主语和时态需随语境变化。","category":"priority-common-2026-10-04","source":"词伴常用词与短语整理（AI）","license":"GPL-3.0-or-later","review":"未独立法语编辑校审"}
糖#tang	{"word":"糖","pinyin":"tang","short":["le sucre"],"senses":[{"text":"le sucre","pos":"名词","gender":"阳性","lemma":"sucre","article":"le"}],"note":"常用译法，词形和具体含义需随语境调整。","source":"词伴常用词与短语整理（AI）","license":"GPL-3.0-or-later","review":"未独立法语编辑校审"}
累#lei	{"word":"累","pinyin":"lei","short":["fatigué"],"senses":[{"text":"fatigué","pos":"形容词"}],"note":"常用译法，词形和具体含义需随语境调整。","source":"词伴常用词与短语整理（AI）","license":"GPL-3.0-or-later","review":"未独立法语编辑校审"}
红色#hong se	{"word":"红色","pinyin":"hong se","short":["rouge"],"senses":[{"text":"rouge","pos":"形容词"}],"note":"常用译法，词形和具体含义需随语境调整。","source":"词伴常用词与短语整理（AI）","license":"GPL-3.0-or-later","review":"未独立法语编辑校审"}
纸巾#zhi jin	{"word":"纸巾","pinyin":"zhi jin","short":["le mouchoir en papier"],"senses":[{"text":"le mouchoir en papier","pos":"名词","article":"le","lemma":"mouchoir en papier","gender":"阳性"}],"note":"常用表达；词形、主语和时态需随语境变化。","category":"priority-common-2026-10-04","source":"词伴常用词与短语整理（AI）","license":"GPL-3.0-or-later","review":"未独立法语编辑校审"}
练习#lian xi	{"word":"练习","pinyin":"lian xi","short":["s'entraîner"],"senses":[{"text":"s'entraîner","pos":"动词 / 动词短语","lemma":"s'entraîner"}],"note":"常用译法，词形和具体含义需随语境调整。","source":"词伴常用词与短语整理（AI）","license":"GPL-3.0-or-later","review":"未独立法语编辑校审"}
经常#jing chang	{"word":"经常","pinyin":"jing chang","short":["souvent"],"senses":[{"text":"souvent","pos":"副词"}],"note":"常用译法，词形和具体含义需随语境调整。","source":"词伴常用词与短语整理（AI）","license":"GPL-3.0-or-later","review":"未独立法语编辑校审"}
经验#jing yan	{"word":"经验","pinyin":"jing yan","short":["l'expérience"],"senses":[{"text":"l'expérience","pos":"名词","gender":"阴性","lemma":"expérience","article":"l'"}],"note":"常用译法，词形和具体含义需随语境调整。","source":"词伴常用词与短语整理（AI）","license":"GPL-3.0-or-later","review":"未独立法语编辑校审"}
结婚了#jie hun le	{"word":"结婚了","pinyin":"jie hun le","short":["est marié","est mariée"],"senses":[{"text":"est marié","pos":"短语"},{"text":"est mariée","pos":"短语"}],"note":"状态；“举行了婚礼”可用 s’est marié(e)。","category":"priority-common-2026-10-04","source":"词伴常用词与短语整理（AI）","license":"GPL-3.0-or-later","review":"未独立法语编辑校审"}
结束#jie shu	{"word":"结束","pinyin":"jie shu","short":["finir"],"senses":[{"text":"finir","pos":"动词 / 动词短语","lemma":"finir"}],"note":"常用译法，词形和具体含义需随语境调整。","source":"词伴常用词与短语整理（AI）","license":"GPL-3.0-or-later","review":"未独立法语编辑校审"}
结束了#jie shu le	{"word":"结束了","pinyin":"jie shu le","short":["c’est terminé"],"senses":[{"text":"c’est terminé","pos":"短语"}],"note":"常用表达；词形、主语和时态需随语境变化。","category":"priority-common-2026-10-04","source":"词伴常用词与短语整理（AI）","license":"GPL-3.0-or-later","review":"未独立法语编辑校审"}
结账#jie zhang	{"word":"结账","pinyin":"jie zhang","short":["payer l'addition"],"senses":[{"text":"payer l'addition","pos":"会话表达 / 短语"}],"note":"餐厅结账；“请结账”：L'addition, s'il vous plaît。","source":"词伴常用词与短语整理（AI）","license":"GPL-3.0-or-later","review":"未独立法语编辑校审"}
给#gei	{"word":"给","pinyin":"gei","short":["donner","à"],"senses":[{"text":"donner","pos":"动词 / 动词短语","lemma":"donner"},{"text":"à","pos":"介词"}],"note":"给某人东西或引出对象；需要完整句子确定结构。","source":"词伴常用词与短语整理（AI）","license":"GPL-3.0-or-later","review":"未独立法语编辑校审"}
给#ji	{"word":"给","pinyin":"ji","short":["fournir"],"senses":[{"text":"fournir","pos":"动词 / 动词短语","lemma":"fournir"}],"note":"用于供给、给予等词；通常按完整词组学习。","source":"词伴常用词与短语整理（AI）","license":"GPL-3.0-or-later","review":"未独立法语编辑校审"}
给他#gei ta	{"word":"给他","pinyin":"gei ta","short":["pour lui"],"senses":[{"text":"pour lui","pos":"短语"}],"note":"指给他的物品；动作句也可能需 à lui。","category":"priority-common-2026-10-04","source":"词伴常用词与短语整理（AI）","license":"GPL-3.0-or-later","review":"未独立法语编辑校审"}
给你#gei ni	{"word":"给你","pinyin":"gei ni","short":["pour toi"],"senses":[{"text":"pour toi","pos":"会话表达 / 短语"}],"note":"“给你这个”：Je te donne ceci；“这是给你的”：C'est pour toi.","source":"词伴常用词与短语整理（AI）","license":"GPL-3.0-or-later","review":"未独立法语编辑校审"}
给她#gei ta	{"word":"给她","pinyin":"gei ta","short":["pour elle"],"senses":[{"text":"pour elle","pos":"短语"}],"note":"指给她的物品；动作句也可能需 à elle。","category":"priority-common-2026-10-04","source":"词伴常用词与短语整理（AI）","license":"GPL-3.0-or-later","review":"未独立法语编辑校审"}
给自己#gei zi ji	{"word":"给自己","pinyin":"gei zi ji","short":["pour soi-même"],"senses":[{"text":"pour soi-même","pos":"短语"}],"note":"常用表达；词形、主语和时态需随语境变化。","category":"priority-common-2026-10-04","source":"词伴常用词与短语整理（AI）","license":"GPL-3.0-or-later","review":"未独立法语编辑校审"}
继续#ji xu	{"word":"继续","pinyin":"ji xu","short":["continuer"],"senses":[{"text":"continuer","pos":"动词 / 动词短语","lemma":"continuer"}],"note":"常用译法，词形和具体含义需随语境调整。","source":"词伴常用词与短语整理（AI）","license":"GPL-3.0-or-later","review":"未独立法语编辑校审"}
绿色#lv se	{"word":"绿色","pinyin":"lv se","short":["vert"],"senses":[{"text":"vert","pos":"形容词"}],"note":"常用译法，词形和具体含义需随语境调整。","source":"词伴常用词与短语整理（AI）","license":"GPL-3.0-or-later","review":"未独立法语编辑校审"}
网友#wang you	{"word":"网友","pinyin":"wang you","short":["un internaute"],"senses":[{"text":"un internaute","pos":"名词","article":"un","lemma":"internaute","gender":"阳性"}],"note":"女性也用 une internaute。","category":"priority-common-2026-10-04","source":"词伴常用词与短语整理（AI）","license":"GPL-3.0-or-later","review":"未独立法语编辑校审"}
网线#wang xian	{"word":"网线","pinyin":"wang xian","short":["le câble réseau"],"senses":[{"text":"le câble réseau","pos":"名词","article":"le","lemma":"câble réseau","gender":"阳性"}],"note":"常用表达；词形、主语和时态需随语境变化。","category":"priority-common-2026-10-04","source":"词伴常用词与短语整理（AI）","license":"GPL-3.0-or-later","review":"未独立法语编辑校审"}
网络#wang luo	{"word":"网络","pinyin":"wang luo","short":["Internet"],"senses":[{"text":"Internet","pos":"名词","gender":"","lemma":"Internet","article":""}],"note":"常用译法，词形和具体含义需随语境调整。","source":"词伴常用词与短语整理（AI）","license":"GPL-3.0-or-later","review":"未独立法语编辑校审"}
美丽#mei li	{"word":"美丽","pinyin":"mei li","short":["beau"],"senses":[{"text":"beau","pos":"形容词"}],"note":"常用译法，词形和具体含义需随语境调整。","source":"词伴常用词与短语整理（AI）","license":"GPL-3.0-or-later","review":"未独立法语编辑校审"}
美丽的#mei li de	{"word":"美丽的","pinyin":"mei li de","short":["beau","belle"],"senses":[{"text":"beau","pos":"形容词"},{"text":"belle","pos":"形容词"}],"note":"随被修饰名词性数变化。","category":"priority-common-2026-10-04","source":"词伴常用词与短语整理（AI）","license":"GPL-3.0-or-later","review":"未独立法语编辑校审"}
美好的#mei hao de	{"word":"美好的","pinyin":"mei hao de","short":["merveilleux","merveilleuse"],"senses":[{"text":"merveilleux","pos":"形容词"},{"text":"merveilleuse","pos":"形容词"}],"note":"常用表达；词形、主语和时态需随语境变化。","category":"priority-common-2026-10-04","source":"词伴常用词与短语整理（AI）","license":"GPL-3.0-or-later","review":"未独立法语编辑校审"}
羡慕你#xian mu ni	{"word":"羡慕你","pinyin":"xian mu ni","short":["je t’envie"],"senses":[{"text":"je t’envie","pos":"短语"}],"note":"常用表达；词形、主语和时态需随语境变化。","category":"priority-common-2026-10-04","source":"词伴常用词与短语整理（AI）","license":"GPL-3.0-or-later","review":"未独立法语编辑校审"}
羡慕嫉妒#xian mu ji du	{"word":"羡慕嫉妒","pinyin":"xian mu ji du","short":["envieux et jaloux"],"senses":[{"text":"envieux et jaloux","pos":"短语"}],"note":"描述心情，女性 envieuse et jalouse。","category":"priority-common-2026-10-04","source":"词伴常用词与短语整理（AI）","license":"GPL-3.0-or-later","review":"未独立法语编辑校审"}
老师#lao shi	{"word":"老师","pinyin":"lao shi","short":["le professeur","la professeure"],"senses":[{"text":"le professeur","pos":"名词","gender":"阳性","lemma":"professeur","article":"le"},{"text":"la professeure","pos":"名词","gender":"阴性","lemma":"professeure","article":"la"}],"note":"常用译法，词形和具体含义需随语境调整。","source":"词伴常用词与短语整理（AI）","license":"GPL-3.0-or-later","review":"未独立法语编辑校审"}
考勤#kao qin	{"word":"考勤","pinyin":"kao qin","short":["le suivi des présences"],"senses":[{"text":"le suivi des présences","pos":"名词","article":"le","lemma":"suivi des présences","gender":"阳性"}],"note":"常用表达；词形、主语和时态需随语境变化。","category":"priority-common-2026-10-04","source":"词伴常用词与短语整理（AI）","license":"GPL-3.0-or-later","review":"未独立法语编辑校审"}
考试#kao shi	{"word":"考试","pinyin":"kao shi","short":["l'examen"],"senses":[{"text":"l'examen","pos":"名词","gender":"阳性","lemma":"examen","article":"l'"}],"note":"常用译法，词形和具体含义需随语境调整。","source":"词伴常用词与短语整理（AI）","license":"GPL-3.0-or-later","review":"未独立法语编辑校审"}
耳朵#er duo	{"word":"耳朵","pinyin":"er duo","short":["l'oreille"],"senses":[{"text":"l'oreille","pos":"名词","gender":"阴性","lemma":"oreille","article":"l'"}],"note":"常用译法，词形和具体含义需随语境调整。","source":"词伴常用词与短语整理（AI）","license":"GPL-3.0-or-later","review":"未独立法语编辑校审"}
耳机#er ji	{"word":"耳机","pinyin":"er ji","short":["le casque","les écouteurs"],"senses":[{"text":"le casque","pos":"名词","article":"le","lemma":"casque","gender":"阳性"},{"text":"les écouteurs","pos":"名词","article":"les","lemma":"écouteurs"}],"note":"耳罩式/入耳式，écouteur 为阳性。","category":"priority-common-2026-10-04","source":"词伴常用词与短语整理（AI）","license":"GPL-3.0-or-later","review":"未独立法语编辑校审"}
肉#rou	{"word":"肉","pinyin":"rou","short":["la viande"],"senses":[{"text":"la viande","pos":"名词","gender":"阴性","lemma":"viande","article":"la"}],"note":"常用译法，词形和具体含义需随语境调整。","source":"词伴常用词与短语整理（AI）","license":"GPL-3.0-or-later","review":"未独立法语编辑校审"}
肚子疼#du zi teng	{"word":"肚子疼","pinyin":"du zi teng","short":["avoir mal au ventre"],"senses":[{"text":"avoir mal au ventre","pos":"短语"}],"note":"常用表达；词形、主语和时态需随语境变化。","category":"priority-common-2026-10-04","source":"词伴常用词与短语整理（AI）","license":"GPL-3.0-or-later","review":"未独立法语编辑校审"}
肯定是#ken ding shi	{"word":"肯定是","pinyin":"ken ding shi","short":["c’est certainement…"],"senses":[{"text":"c’est certainement…","pos":"短语"}],"note":"需接表语。","category":"priority-common-2026-10-04","source":"词伴常用词与短语整理（AI）","license":"GPL-3.0-or-later","review":"未独立法语编辑校审"}
胖了#pang le	{"word":"胖了","pinyin":"pang le","short":["avoir pris du poids"],"senses":[{"text":"avoir pris du poids","pos":"动词 / 动词短语","lemma":"avoir pris du poids"}],"note":"常用表达；词形、主语和时态需随语境变化。","category":"priority-common-2026-10-04","source":"词伴常用词与短语整理（AI）","license":"GPL-3.0-or-later","review":"未独立法语编辑校审"}
胖的#pang de	{"word":"胖的","pinyin":"pang de","short":["gros","grosse"],"senses":[{"text":"gros","pos":"形容词"},{"text":"grosse","pos":"形容词"}],"note":"形容他人体型可能不礼貌。","category":"priority-common-2026-10-04","source":"词伴常用词与短语整理（AI）","license":"GPL-3.0-or-later","review":"未独立法语编辑校审"}
胡萝卜#hu luo bo	{"word":"胡萝卜","pinyin":"hu luo bo","short":["la carotte"],"senses":[{"text":"la carotte","pos":"名词","article":"la","lemma":"carotte","gender":"阴性"}],"note":"常用表达；词形、主语和时态需随语境变化。","category":"priority-common-2026-10-04","source":"词伴常用词与短语整理（AI）","license":"GPL-3.0-or-later","review":"未独立法语编辑校审"}
能吃#neng chi	{"word":"能吃","pinyin":"neng chi","short":["pouvoir manger"],"senses":[{"text":"pouvoir manger","pos":"动词 / 动词短语","lemma":"pouvoir manger"}],"note":"常用表达；词形、主语和时态需随语境变化。","category":"priority-common-2026-10-04","source":"词伴常用词与短语整理（AI）","license":"GPL-3.0-or-later","review":"未独立法语编辑校审"}
能看#neng kan	{"word":"能看","pinyin":"neng kan","short":["pouvoir regarder"],"senses":[{"text":"pouvoir regarder","pos":"动词 / 动词短语","lemma":"pouvoir regarder"}],"note":"常用表达；词形、主语和时态需随语境变化。","category":"priority-common-2026-10-04","source":"词伴常用词与短语整理（AI）","license":"GPL-3.0-or-later","review":"未独立法语编辑校审"}
能看到#neng kan dao	{"word":"能看到","pinyin":"neng kan dao","short":["pouvoir voir"],"senses":[{"text":"pouvoir voir","pos":"动词 / 动词短语","lemma":"pouvoir voir"}],"note":"常用表达；词形、主语和时态需随语境变化。","category":"priority-common-2026-10-04","source":"词伴常用词与短语整理（AI）","license":"GPL-3.0-or-later","review":"未独立法语编辑校审"}
能说#neng shuo	{"word":"能说","pinyin":"neng shuo","short":["pouvoir dire"],"senses":[{"text":"pouvoir dire","pos":"动词 / 动词短语","lemma":"pouvoir dire"}],"note":"常用表达；词形、主语和时态需随语境变化。","category":"priority-common-2026-10-04","source":"词伴常用词与短语整理（AI）","license":"GPL-3.0-or-later","review":"未独立法语编辑校审"}
脚#jiao	{"word":"脚","pinyin":"jiao","short":["le pied"],"senses":[{"text":"le pied","pos":"名词","gender":"阳性","lemma":"pied","article":"le"}],"note":"常用译法，词形和具体含义需随语境调整。","source":"词伴常用词与短语整理（AI）","license":"GPL-3.0-or-later","review":"未独立法语编辑校审"}
脚#jue	{"word":"脚","pinyin":"jue","short":["le pied"],"senses":[{"text":"le pied","pos":"名词","gender":"阳性","lemma":"pied","article":"le"}],"note":"常用译法，词形和具体含义需随语境调整。","source":"词伴常用词与短语整理（AI）","license":"GPL-3.0-or-later","review":"未独立法语编辑校审"}
自己#zi ji	{"word":"自己","pinyin":"zi ji","short":["soi-même"],"senses":[{"text":"soi-même","pos":"代词"}],"note":"常用译法，词形和具体含义需随语境调整。","source":"词伴常用词与短语整理（AI）","license":"GPL-3.0-or-later","review":"未独立法语编辑校审"}
自己的#zi ji de	{"word":"自己的","pinyin":"zi ji de","short":["son propre","sa propre"],"senses":[{"text":"son propre","pos":"会话表达 / 短语"},{"text":"sa propre","pos":"会话表达 / 短语"}],"note":"随被修饰名词性别和数变化；不是固定的人称形式。","source":"词伴常用词与短语整理（AI）","license":"GPL-3.0-or-later","review":"未独立法语编辑校审"}
自行车#zi xing che	{"word":"自行车","pinyin":"zi xing che","short":["le vélo"],"senses":[{"text":"le vélo","pos":"名词","gender":"阳性","lemma":"vélo","article":"le"}],"note":"常用译法，词形和具体含义需随语境调整。","source":"词伴常用词与短语整理（AI）","license":"GPL-3.0-or-later","review":"未独立法语编辑校审"}
航班#hang ban	{"word":"航班","pinyin":"hang ban","short":["le vol"],"senses":[{"text":"le vol","pos":"名词","article":"le","lemma":"vol","gender":"阳性"}],"note":"常用表达；词形、主语和时态需随语境变化。","category":"priority-common-2026-10-04","source":"词伴常用词与短语整理（AI）","license":"GPL-3.0-or-later","review":"未独立法语编辑校审"}
航站楼#hang zhan lou	{"word":"航站楼","pinyin":"hang zhan lou","short":["le terminal"],"senses":[{"text":"le terminal","pos":"名词","article":"le","lemma":"terminal","gender":"阳性"}],"note":"常用表达；词形、主语和时态需随语境变化。","category":"priority-common-2026-10-04","source":"词伴常用词与短语整理（AI）","license":"GPL-3.0-or-later","review":"未独立法语编辑校审"}
节日快乐#jie ri kuai le	{"word":"节日快乐","pinyin":"jie ri kuai le","short":["bonnes fêtes !"],"senses":[{"text":"bonnes fêtes !","pos":"会话表达 / 短语"}],"note":"节庆问候；具体节日可用对应名称。","source":"词伴常用词与短语整理（AI）","license":"GPL-3.0-or-later","review":"未独立法语编辑校审"}
花#hua	{"word":"花","pinyin":"hua","short":["la fleur"],"senses":[{"text":"la fleur","pos":"名词","gender":"阴性","lemma":"fleur","article":"la"}],"note":"常用译法，词形和具体含义需随语境调整。","source":"词伴常用词与短语整理（AI）","license":"GPL-3.0-or-later","review":"未独立法语编辑校审"}
花生油#hua sheng you	{"word":"花生油","pinyin":"hua sheng you","short":["l’huile d’arachide"],"senses":[{"text":"l’huile d’arachide","pos":"名词","article":"l’","lemma":"huile d’arachide"}],"note":"阴性名词。","category":"priority-common-2026-10-04","source":"词伴常用词与短语整理（AI）","license":"GPL-3.0-or-later","review":"未独立法语编辑校审"}
花菜#hua cai	{"word":"花菜","pinyin":"hua cai","short":["le chou-fleur"],"senses":[{"text":"le chou-fleur","pos":"名词","article":"le","lemma":"chou-fleur","gender":"阳性"}],"note":"常用表达；词形、主语和时态需随语境变化。","category":"priority-common-2026-10-04","source":"词伴常用词与短语整理（AI）","license":"GPL-3.0-or-later","review":"未独立法语编辑校审"}
英语#ying yu	{"word":"英语","pinyin":"ying yu","short":["l'anglais"],"senses":[{"text":"l'anglais","pos":"名词","gender":"","lemma":"anglais","article":"l'"}],"note":"常用译法，词形和具体含义需随语境调整。","source":"词伴常用词与短语整理（AI）","license":"GPL-3.0-or-later","review":"未独立法语编辑校审"}
苹果#ping guo	{"word":"苹果","pinyin":"ping guo","short":["la pomme"],"senses":[{"text":"la pomme","pos":"名词","gender":"阴性","lemma":"pomme","article":"la"}],"note":"常用译法，词形和具体含义需随语境调整。","source":"词伴常用词与短语整理（AI）","license":"GPL-3.0-or-later","review":"未独立法语编辑校审"}
茄子#qie zi	{"word":"茄子","pinyin":"qie zi","short":["l’aubergine"],"senses":[{"text":"l’aubergine","pos":"名词","article":"l’","lemma":"aubergine"}],"note":"阴性名词。","category":"priority-common-2026-10-04","source":"词伴常用词与短语整理（AI）","license":"GPL-3.0-or-later","review":"未独立法语编辑校审"}
茶#cha	{"word":"茶","pinyin":"cha","short":["le thé"],"senses":[{"text":"le thé","pos":"名词","gender":"阳性","lemma":"thé","article":"le"}],"note":"常用译法，词形和具体含义需随语境调整。","source":"词伴常用词与短语整理（AI）","license":"GPL-3.0-or-later","review":"未独立法语编辑校审"}
草莓#cao mei	{"word":"草莓","pinyin":"cao mei","short":["la fraise"],"senses":[{"text":"la fraise","pos":"名词","gender":"阴性","lemma":"fraise","article":"la"}],"note":"常用译法，词形和具体含义需随语境调整。","source":"词伴常用词与短语整理（AI）","license":"GPL-3.0-or-later","review":"未独立法语编辑校审"}
药#yao	{"word":"药","pinyin":"yao","short":["le médicament"],"senses":[{"text":"le médicament","pos":"名词","gender":"阳性","lemma":"médicament","article":"le"}],"note":"常用译法，词形和具体含义需随语境调整。","source":"词伴常用词与短语整理（AI）","license":"GPL-3.0-or-later","review":"未独立法语编辑校审"}
药店#yao dian	{"word":"药店","pinyin":"yao dian","short":["la pharmacie"],"senses":[{"text":"la pharmacie","pos":"名词","article":"la","lemma":"pharmacie","gender":"阴性"}],"note":"常用表达；词形、主语和时态需随语境变化。","category":"priority-common-2026-10-04","source":"词伴常用词与短语整理（AI）","license":"GPL-3.0-or-later","review":"未独立法语编辑校审"}
菜刀#cai dao	{"word":"菜刀","pinyin":"cai dao","short":["le couteau de cuisine"],"senses":[{"text":"le couteau de cuisine","pos":"名词","article":"le","lemma":"couteau de cuisine","gender":"阳性"}],"note":"常用表达；词形、主语和时态需随语境变化。","category":"priority-common-2026-10-04","source":"词伴常用词与短语整理（AI）","license":"GPL-3.0-or-later","review":"未独立法语编辑校审"}
菜单#cai dan	{"word":"菜单","pinyin":"cai dan","short":["le menu"],"senses":[{"text":"le menu","pos":"名词","gender":"阳性","lemma":"menu","article":"le"}],"note":"常用译法，词形和具体含义需随语境调整。","source":"词伴常用词与短语整理（AI）","license":"GPL-3.0-or-later","review":"未独立法语编辑校审"}
葡萄#pu tao	{"word":"葡萄","pinyin":"pu tao","short":["le raisin"],"senses":[{"text":"le raisin","pos":"名词","gender":"阳性","lemma":"raisin","article":"le"}],"note":"常用译法，词形和具体含义需随语境调整。","source":"词伴常用词与短语整理（AI）","license":"GPL-3.0-or-later","review":"未独立法语编辑校审"}
葱#cong	{"word":"葱","pinyin":"cong","short":["la ciboule"],"senses":[{"text":"la ciboule","pos":"名词","article":"la","lemma":"ciboule","gender":"阴性"}],"note":"常用表达；词形、主语和时态需随语境变化。","category":"priority-common-2026-10-04","source":"词伴常用词与短语整理（AI）","license":"GPL-3.0-or-later","review":"未独立法语编辑校审"}
蓝色#lan se	{"word":"蓝色","pinyin":"lan se","short":["bleu"],"senses":[{"text":"bleu","pos":"形容词"}],"note":"常用译法，词形和具体含义需随语境调整。","source":"词伴常用词与短语整理（AI）","license":"GPL-3.0-or-later","review":"未独立法语编辑校审"}
蔬菜#shu cai	{"word":"蔬菜","pinyin":"shu cai","short":["le légume"],"senses":[{"text":"le légume","pos":"名词","gender":"阳性","lemma":"légume","article":"le"}],"note":"常用译法，词形和具体含义需随语境调整。","source":"词伴常用词与短语整理（AI）","license":"GPL-3.0-or-later","review":"未独立法语编辑校审"}
薯条#shu tiao	{"word":"薯条","pinyin":"shu tiao","short":["les frites"],"senses":[{"text":"les frites","pos":"名词","article":"les","lemma":"frites"}],"note":"frite 为阴性。","category":"priority-common-2026-10-04","source":"词伴常用词与短语整理（AI）","license":"GPL-3.0-or-later","review":"未独立法语编辑校审"}
蘑菇#mo gu	{"word":"蘑菇","pinyin":"mo gu","short":["le champignon"],"senses":[{"text":"le champignon","pos":"名词","article":"le","lemma":"champignon","gender":"阳性"}],"note":"常用表达；词形、主语和时态需随语境变化。","category":"priority-common-2026-10-04","source":"词伴常用词与短语整理（AI）","license":"GPL-3.0-or-later","review":"未独立法语编辑校审"}
虽然我#sui ran wo	{"word":"虽然我","pinyin":"sui ran wo","short":["même si je…"],"senses":[{"text":"même si je…","pos":"短语"}],"note":"需补谓语。","category":"priority-common-2026-10-04","source":"词伴常用词与短语整理（AI）","license":"GPL-3.0-or-later","review":"未独立法语编辑校审"}
虾#xia	{"word":"虾","pinyin":"xia","short":["la crevette"],"senses":[{"text":"la crevette","pos":"名词","article":"la","lemma":"crevette","gender":"阴性"}],"note":"常用表达；词形、主语和时态需随语境变化。","category":"priority-common-2026-10-04","source":"词伴常用词与短语整理（AI）","license":"GPL-3.0-or-later","review":"未独立法语编辑校审"}
蚝油#hao you	{"word":"蚝油","pinyin":"hao you","short":["la sauce d’huître"],"senses":[{"text":"la sauce d’huître","pos":"名词","article":"la","lemma":"sauce d’huître","gender":"阴性"}],"note":"常用表达；词形、主语和时态需随语境变化。","category":"priority-common-2026-10-04","source":"词伴常用词与短语整理（AI）","license":"GPL-3.0-or-later","review":"未独立法语编辑校审"}
蜂蜜#feng mi	{"word":"蜂蜜","pinyin":"feng mi","short":["le miel"],"senses":[{"text":"le miel","pos":"名词","article":"le","lemma":"miel","gender":"阳性"}],"note":"常用表达；词形、主语和时态需随语境变化。","category":"priority-common-2026-10-04","source":"词伴常用词与短语整理（AI）","license":"GPL-3.0-or-later","review":"未独立法语编辑校审"}
螃蟹#pang xie	{"word":"螃蟹","pinyin":"pang xie","short":["le crabe"],"senses":[{"text":"le crabe","pos":"名词","article":"le","lemma":"crabe","gender":"阳性"}],"note":"常用表达；词形、主语和时态需随语境变化。","category":"priority-common-2026-10-04","source":"词伴常用词与短语整理（AI）","license":"GPL-3.0-or-later","review":"未独立法语编辑校审"}
行#hang	{"word":"行","pinyin":"hang","short":["une ligne","un métier"],"senses":[{"text":"une ligne","pos":"名词","gender":"阴性","lemma":"ligne"},{"text":"un métier","pos":"名词","gender":"阳性","lemma":"métier"}],"note":"行列或行业；银行对应 banque。","source":"词伴常用词与短语整理（AI）","license":"GPL-3.0-or-later","review":"未独立法语编辑校审"}
行#xing	{"word":"行","pinyin":"xing","short":["marcher","d'accord"],"senses":[{"text":"marcher","pos":"动词 / 动词短语","lemma":"marcher"},{"text":"d'accord","pos":"短语"}],"note":"动作或“可以”；行（xing4）的行为义也需看语境。","source":"词伴常用词与短语整理（AI）","license":"GPL-3.0-or-later","review":"未独立法语编辑校审"}
行了#xing le	{"word":"行了","pinyin":"xing le","short":["c’est bon","ça suffit"],"senses":[{"text":"c’est bon","pos":"短语"},{"text":"ça suffit","pos":"短语"}],"note":"按同意或要求停止选择。","category":"priority-common-2026-10-04","source":"词伴常用词与短语整理（AI）","license":"GPL-3.0-or-later","review":"未独立法语编辑校审"}
行李箱#xing li xiang	{"word":"行李箱","pinyin":"xing li xiang","short":["la valise"],"senses":[{"text":"la valise","pos":"名词","article":"la","lemma":"valise","gender":"阴性"}],"note":"常用表达；词形、主语和时态需随语境变化。","category":"priority-common-2026-10-04","source":"词伴常用词与短语整理（AI）","license":"GPL-3.0-or-later","review":"未独立法语编辑校审"}
街道#jie dao	{"word":"街道","pinyin":"jie dao","short":["la rue"],"senses":[{"text":"la rue","pos":"名词","gender":"阴性","lemma":"rue","article":"la"}],"note":"常用译法，词形和具体含义需随语境调整。","source":"词伴常用词与短语整理（AI）","license":"GPL-3.0-or-later","review":"未独立法语编辑校审"}
衣服#yi fu	{"word":"衣服","pinyin":"yi fu","short":["les vêtements"],"senses":[{"text":"les vêtements","pos":"名词","gender":"","lemma":"vêtements","article":"les"}],"note":"常用译法，词形和具体含义需随语境调整。","source":"词伴常用词与短语整理（AI）","license":"GPL-3.0-or-later","review":"未独立法语编辑校审"}
衣架#yi jia	{"word":"衣架","pinyin":"yi jia","short":["le cintre"],"senses":[{"text":"le cintre","pos":"名词","article":"le","lemma":"cintre","gender":"阳性"}],"note":"常用表达；词形、主语和时态需随语境变化。","category":"priority-common-2026-10-04","source":"词伴常用词与短语整理（AI）","license":"GPL-3.0-or-later","review":"未独立法语编辑校审"}
被套#bei tao	{"word":"被套","pinyin":"bei tao","short":["la housse de couette"],"senses":[{"text":"la housse de couette","pos":"名词","article":"la","lemma":"housse de couette","gender":"阴性"}],"note":"常用表达；词形、主语和时态需随语境变化。","category":"priority-common-2026-10-04","source":"词伴常用词与短语整理（AI）","license":"GPL-3.0-or-later","review":"未独立法语编辑校审"}
西兰花#xi lan hua	{"word":"西兰花","pinyin":"xi lan hua","short":["le brocoli"],"senses":[{"text":"le brocoli","pos":"名词","article":"le","lemma":"brocoli","gender":"阳性"}],"note":"常用表达；词形、主语和时态需随语境变化。","category":"priority-common-2026-10-04","source":"词伴常用词与短语整理（AI）","license":"GPL-3.0-or-later","review":"未独立法语编辑校审"}
要不要#yao bu yao	{"word":"要不要","pinyin":"yao bu yao","short":["tu veux… ?"],"senses":[{"text":"tu veux… ?","pos":"会话表达 / 短语"}],"note":"口语询问是否想要；礼貌用 Voulez-vous… ?","source":"词伴常用词与短语整理（AI）","license":"GPL-3.0-or-later","review":"未独立法语编辑校审"}
要买#yao mai	{"word":"要买","pinyin":"yao mai","short":["vouloir acheter"],"senses":[{"text":"vouloir acheter","pos":"动词 / 动词短语","lemma":"vouloir acheter"}],"note":"常用表达；词形、主语和时态需随语境变化。","category":"priority-common-2026-10-04","source":"词伴常用词与短语整理（AI）","license":"GPL-3.0-or-later","review":"未独立法语编辑校审"}
要做#yao zuo	{"word":"要做","pinyin":"yao zuo","short":["devoir faire"],"senses":[{"text":"devoir faire","pos":"动词 / 动词短语","lemma":"devoir faire"}],"note":"常用表达；词形、主语和时态需随语境变化。","category":"priority-common-2026-10-04","source":"词伴常用词与短语整理（AI）","license":"GPL-3.0-or-later","review":"未独立法语编辑校审"}
要去#yao qu	{"word":"要去","pinyin":"yao qu","short":["aller"],"senses":[{"text":"aller","pos":"会话表达 / 短语"}],"note":"“我要去巴黎”：Je vais aller à Paris；须按完整语境选时态。","source":"词伴常用词与短语整理（AI）","license":"GPL-3.0-or-later","review":"未独立法语编辑校审"}
要吃#yao chi	{"word":"要吃","pinyin":"yao chi","short":["vouloir manger"],"senses":[{"text":"vouloir manger","pos":"动词 / 动词短语","lemma":"vouloir manger"}],"note":"常用表达；词形、主语和时态需随语境变化。","category":"priority-common-2026-10-04","source":"词伴常用词与短语整理（AI）","license":"GPL-3.0-or-later","review":"未独立法语编辑校审"}
要好好#yao hao hao	{"word":"要好好","pinyin":"yao hao hao","short":["il faut bien…"],"senses":[{"text":"il faut bien…","pos":"短语"}],"note":"后接具体行为。","category":"priority-common-2026-10-04","source":"词伴常用词与短语整理（AI）","license":"GPL-3.0-or-later","review":"未独立法语编辑校审"}
见了#jian le	{"word":"见了","pinyin":"jian le","short":["avoir rencontré"],"senses":[{"text":"avoir rencontré","pos":"动词 / 动词短语","lemma":"avoir rencontré"}],"note":"常用表达；词形、主语和时态需随语境变化。","category":"priority-common-2026-10-04","source":"词伴常用词与短语整理（AI）","license":"GPL-3.0-or-later","review":"未独立法语编辑校审"}
视星等#shi xing deng	{"word":"视星等","pinyin":"shi xing deng","short":["la magnitude apparente"],"senses":[{"text":"la magnitude apparente","pos":"名词","article":"la","lemma":"magnitude apparente","gender":"阴性"}],"note":"天文学术语。","category":"priority-common-2026-10-04","source":"词伴常用词与短语整理（AI）","license":"GPL-3.0-or-later","review":"未独立法语编辑校审"}
觉#jiao	{"word":"觉","pinyin":"jiao","short":["le sommeil"],"senses":[{"text":"le sommeil","pos":"名词","gender":"阳性","lemma":"sommeil"}],"note":"睡眠的含义；“睡觉”用 dormir。","source":"词伴常用词与短语整理（AI）","license":"GPL-3.0-or-later","review":"未独立法语编辑校审"}
觉#jue	{"word":"觉","pinyin":"jue","short":["ressentir","percevoir"],"senses":[{"text":"ressentir","pos":"动词 / 动词短语","lemma":"ressentir"},{"text":"percevoir","pos":"动词 / 动词短语","lemma":"percevoir"}],"note":"感觉、察觉；“觉得”常表达看法。","source":"词伴常用词与短语整理（AI）","license":"GPL-3.0-or-later","review":"未独立法语编辑校审"}
觉得#jue de	{"word":"觉得","pinyin":"jue de","short":["penser"],"senses":[{"text":"penser","pos":"动词 / 动词短语","lemma":"penser"}],"note":"常用译法，词形和具体含义需随语境调整。","source":"词伴常用词与短语整理（AI）","license":"GPL-3.0-or-later","review":"未独立法语编辑校审"}
觉得自己#jue de zi ji	{"word":"觉得自己","pinyin":"jue de zi ji","short":["avoir l’impression d’être…"],"senses":[{"text":"avoir l’impression d’être…","pos":"短语"}],"note":"后接状态或身份。","category":"priority-common-2026-10-04","source":"词伴常用词与短语整理（AI）","license":"GPL-3.0-or-later","review":"未独立法语编辑校审"}
计划#ji hua	{"word":"计划","pinyin":"ji hua","short":["le projet"],"senses":[{"text":"le projet","pos":"名词","gender":"阳性","lemma":"projet","article":"le"}],"note":"常用译法，词形和具体含义需随语境调整。","source":"词伴常用词与短语整理（AI）","license":"GPL-3.0-or-later","review":"未独立法语编辑校审"}
订单#ding dan	{"word":"订单","pinyin":"ding dan","short":["la commande"],"senses":[{"text":"la commande","pos":"名词","article":"la","lemma":"commande","gender":"阴性"}],"note":"常用表达；词形、主语和时态需随语境变化。","category":"priority-common-2026-10-04","source":"词伴常用词与短语整理（AI）","license":"GPL-3.0-or-later","review":"未独立法语编辑校审"}
认为#ren wei	{"word":"认为","pinyin":"ren wei","short":["penser"],"senses":[{"text":"penser","pos":"动词 / 动词短语","lemma":"penser"}],"note":"常用译法，词形和具体含义需随语境调整。","source":"词伴常用词与短语整理（AI）","license":"GPL-3.0-or-later","review":"未独立法语编辑校审"}
认真的#ren zhen de	{"word":"认真的","pinyin":"ren zhen de","short":["sérieux","sérieuse"],"senses":[{"text":"sérieux","pos":"形容词"},{"text":"sérieuse","pos":"形容词"}],"note":"常用表达；词形、主语和时态需随语境变化。","category":"priority-common-2026-10-04","source":"词伴常用词与短语整理（AI）","license":"GPL-3.0-or-later","review":"未独立法语编辑校审"}
认识#ren shi	{"word":"认识","pinyin":"ren shi","short":["connaître"],"senses":[{"text":"connaître","pos":"动词 / 动词短语","lemma":"connaître"}],"note":"常用译法，词形和具体含义需随语境调整。","source":"词伴常用词与短语整理（AI）","license":"GPL-3.0-or-later","review":"未独立法语编辑校审"}
认识你#ren shi ni	{"word":"认识你","pinyin":"ren shi ni","short":["te connaître"],"senses":[{"text":"te connaître","pos":"动词 / 动词短语","lemma":"te connaître"}],"note":"常用表达；词形、主语和时态需随语境变化。","category":"priority-common-2026-10-04","source":"词伴常用词与短语整理（AI）","license":"GPL-3.0-or-later","review":"未独立法语编辑校审"}
认识的#ren shi de	{"word":"认识的","pinyin":"ren shi de","short":["que l’on connaît"],"senses":[{"text":"que l’on connaît","pos":"短语"}],"note":"关系从句片段。","category":"priority-common-2026-10-04","source":"词伴常用词与短语整理（AI）","license":"GPL-3.0-or-later","review":"未独立法语编辑校审"}
让他#rang ta	{"word":"让他","pinyin":"rang ta","short":["laisse-le…"],"senses":[{"text":"laisse-le…","pos":"短语"}],"note":"后接动词原形。","category":"priority-common-2026-10-04","source":"词伴常用词与短语整理（AI）","license":"GPL-3.0-or-later","review":"未独立法语编辑校审"}
让你#rang ni	{"word":"让你","pinyin":"rang ni","short":["te laisser…"],"senses":[{"text":"te laisser…","pos":"会话表达 / 短语"}],"note":"表示允许；使人产生情绪通常采用 rendre 或其他结构。","source":"词伴常用词与短语整理（AI）","license":"GPL-3.0-or-later","review":"未独立法语编辑校审"}
让我#rang wo	{"word":"让我","pinyin":"rang wo","short":["laisse-moi…"],"senses":[{"text":"laisse-moi…","pos":"会话表达 / 短语"}],"note":"请求允许自己做事；“这让我高兴”需用 Cela me rend heureux / heureuse。","source":"词伴常用词与短语整理（AI）","license":"GPL-3.0-or-later","review":"未独立法语编辑校审"}
让我们#rang wo men	{"word":"让我们","pinyin":"rang wo men","short":["laisse-nous…"],"senses":[{"text":"laisse-nous…","pos":"短语"}],"note":"后接动词原形；“让我们一起”也可用祈使式 nous。","category":"priority-common-2026-10-04","source":"词伴常用词与短语整理（AI）","license":"GPL-3.0-or-later","review":"未独立法语编辑校审"}
让自己#rang zi ji	{"word":"让自己","pinyin":"rang zi ji","short":["se permettre de…"],"senses":[{"text":"se permettre de…","pos":"动词 / 动词短语","lemma":"se permettre de…"}],"note":"按允许自己做某事整理；因果意义需另译。","category":"priority-common-2026-10-04","source":"词伴常用词与短语整理（AI）","license":"GPL-3.0-or-later","review":"未独立法语编辑校审"}
记住#ji zhu	{"word":"记住","pinyin":"ji zhu","short":["retenir"],"senses":[{"text":"retenir","pos":"动词 / 动词短语","lemma":"retenir"}],"note":"常用译法，词形和具体含义需随语境调整。","source":"词伴常用词与短语整理（AI）","license":"GPL-3.0-or-later","review":"未独立法语编辑校审"}
词典#ci dian	{"word":"词典","pinyin":"ci dian","short":["le dictionnaire"],"senses":[{"text":"le dictionnaire","pos":"名词","gender":"阳性","lemma":"dictionnaire","article":"le"}],"note":"常用译法，词形和具体含义需随语境调整。","source":"词伴常用词与短语整理（AI）","license":"GPL-3.0-or-later","review":"未独立法语编辑校审"}
词汇#ci hui	{"word":"词汇","pinyin":"ci hui","short":["le vocabulaire"],"senses":[{"text":"le vocabulaire","pos":"名词","gender":"阳性","lemma":"vocabulaire","article":"le"}],"note":"常用译法，词形和具体含义需随语境调整。","source":"词伴常用词与短语整理（AI）","license":"GPL-3.0-or-later","review":"未独立法语编辑校审"}
语法#yu fa	{"word":"语法","pinyin":"yu fa","short":["la grammaire"],"senses":[{"text":"la grammaire","pos":"名词","gender":"阴性","lemma":"grammaire","article":"la"}],"note":"常用译法，词形和具体含义需随语境调整。","source":"词伴常用词与短语整理（AI）","license":"GPL-3.0-or-later","review":"未独立法语编辑校审"}
语言#yu yan	{"word":"语言","pinyin":"yu yan","short":["la langue"],"senses":[{"text":"la langue","pos":"名词","gender":"阴性","lemma":"langue","article":"la"}],"note":"常用译法，词形和具体含义需随语境调整。","source":"词伴常用词与短语整理（AI）","license":"GPL-3.0-or-later","review":"未独立法语编辑校审"}
说#shui	{"word":"说","pinyin":"shui","short":["parler"],"senses":[{"text":"parler","pos":"动词 / 动词短语","lemma":"parler"}],"note":"常用译法，词形和具体含义需随语境调整。","source":"词伴常用词与短语整理（AI）","license":"GPL-3.0-or-later","review":"未独立法语编辑校审"}
说#shuo	{"word":"说","pinyin":"shuo","short":["parler"],"senses":[{"text":"parler","pos":"动词 / 动词短语","lemma":"parler"}],"note":"常用译法，词形和具体含义需随语境调整。","source":"词伴常用词与短语整理（AI）","license":"GPL-3.0-or-later","review":"未独立法语编辑校审"}
说#yue	{"word":"说","pinyin":"yue","short":["parler"],"senses":[{"text":"parler","pos":"动词 / 动词短语","lemma":"parler"}],"note":"常用译法，词形和具体含义需随语境调整。","source":"词伴常用词与短语整理（AI）","license":"GPL-3.0-or-later","review":"未独立法语编辑校审"}
说了#shuo le	{"word":"说了","pinyin":"shuo le","short":["avoir dit"],"senses":[{"text":"avoir dit","pos":"动词 / 动词短语","lemma":"avoir dit"}],"note":"常用表达；词形、主语和时态需随语境变化。","category":"priority-common-2026-10-04","source":"词伴常用词与短语整理（AI）","license":"GPL-3.0-or-later","review":"未独立法语编辑校审"}
说什么#shuo shen me	{"word":"说什么","pinyin":"shuo shen me","short":["que dire ?"],"senses":[{"text":"que dire ?","pos":"短语"}],"note":"常用表达；词形、主语和时态需随语境变化。","category":"priority-common-2026-10-04","source":"词伴常用词与短语整理（AI）","license":"GPL-3.0-or-later","review":"未独立法语编辑校审"}
说出来#shuo chu lai	{"word":"说出来","pinyin":"shuo chu lai","short":["dire à voix haute"],"senses":[{"text":"dire à voix haute","pos":"动词 / 动词短语","lemma":"dire à voix haute"}],"note":"常用表达；词形、主语和时态需随语境变化。","category":"priority-common-2026-10-04","source":"词伴常用词与短语整理（AI）","license":"GPL-3.0-or-later","review":"未独立法语编辑校审"}
说啥#shuo sha	{"word":"说啥","pinyin":"shuo sha","short":["dire quoi ?"],"senses":[{"text":"dire quoi ?","pos":"短语"}],"note":"常用表达；词形、主语和时态需随语境变化。","category":"priority-common-2026-10-04","source":"词伴常用词与短语整理（AI）","license":"GPL-3.0-or-later","review":"未独立法语编辑校审"}
说是#shuo shi	{"word":"说是","pinyin":"shuo shi","short":["on dit que…"],"senses":[{"text":"on dit que…","pos":"短语"}],"note":"需接从句。","category":"priority-common-2026-10-04","source":"词伴常用词与短语整理（AI）","license":"GPL-3.0-or-later","review":"未独立法语编辑校审"}
说的#shuo de	{"word":"说的","pinyin":"shuo de","short":["ce qui est dit"],"senses":[{"text":"ce qui est dit","pos":"短语"}],"note":"常用表达；词形、主语和时态需随语境变化。","category":"priority-common-2026-10-04","source":"词伴常用词与短语整理（AI）","license":"GPL-3.0-or-later","review":"未独立法语编辑校审"}
说要#shuo yao	{"word":"说要","pinyin":"shuo yao","short":["dire qu’on veut…"],"senses":[{"text":"dire qu’on veut…","pos":"短语"}],"note":"需接行为并确定主语。","category":"priority-common-2026-10-04","source":"词伴常用词与短语整理（AI）","license":"GPL-3.0-or-later","review":"未独立法语编辑校审"}
请#qing	{"word":"请","pinyin":"qing","short":["s’il vous plaît"],"senses":[{"text":"s’il vous plaît","pos":"短语"}],"note":"常用译法，词形和具体含义需随语境调整。","source":"词伴常用词与短语整理（AI）","license":"GPL-3.0-or-later","review":"未独立法语编辑校审"}
请假#qing jia	{"word":"请假","pinyin":"qing jia","short":["demander un congé"],"senses":[{"text":"demander un congé","pos":"动词 / 动词短语","lemma":"demander un congé"}],"note":"常用表达；词形、主语和时态需随语境变化。","category":"priority-common-2026-10-04","source":"词伴常用词与短语整理（AI）","license":"GPL-3.0-or-later","review":"未独立法语编辑校审"}
请帮我#qing bang wo	{"word":"请帮我","pinyin":"qing bang wo","short":["pouvez-vous m'aider ?"],"senses":[{"text":"pouvez-vous m'aider ?","pos":"会话表达 / 短语"}],"note":"礼貌请求帮助。","source":"词伴常用词与短语整理（AI）","license":"GPL-3.0-or-later","review":"未独立法语编辑校审"}
请稍等#qing shao deng	{"word":"请稍等","pinyin":"qing shao deng","short":["un instant, s'il vous plaît"],"senses":[{"text":"un instant, s'il vous plaît","pos":"会话表达 / 短语"}],"note":"礼貌请求等待。","source":"词伴常用词与短语整理（AI）","license":"GPL-3.0-or-later","review":"未独立法语编辑校审"}
请问#qing wen	{"word":"请问","pinyin":"qing wen","short":["excusez-moi"],"senses":[{"text":"excusez-moi","pos":"会话表达 / 短语"}],"note":"引出礼貌询问，而不是逐字翻译。","source":"词伴常用词与短语整理（AI）","license":"GPL-3.0-or-later","review":"未独立法语编辑校审"}
读#dou	{"word":"读","pinyin":"dou","short":["lire"],"senses":[{"text":"lire","pos":"动词 / 动词短语","lemma":"lire"}],"note":"常用译法，词形和具体含义需随语境调整。","source":"词伴常用词与短语整理（AI）","license":"GPL-3.0-or-later","review":"未独立法语编辑校审"}
读#du	{"word":"读","pinyin":"du","short":["lire"],"senses":[{"text":"lire","pos":"动词 / 动词短语","lemma":"lire"}],"note":"常用译法，词形和具体含义需随语境调整。","source":"词伴常用词与短语整理（AI）","license":"GPL-3.0-or-later","review":"未独立法语编辑校审"}
课#ke	{"word":"课","pinyin":"ke","short":["le cours"],"senses":[{"text":"le cours","pos":"名词","gender":"阳性","lemma":"cours","article":"le"}],"note":"常用译法，词形和具体含义需随语境调整。","source":"词伴常用词与短语整理（AI）","license":"GPL-3.0-or-later","review":"未独立法语编辑校审"}
课程#ke cheng	{"word":"课程","pinyin":"ke cheng","short":["le cours"],"senses":[{"text":"le cours","pos":"名词","gender":"阳性","lemma":"cours","article":"le"}],"note":"常用译法，词形和具体含义需随语境调整。","source":"词伴常用词与短语整理（AI）","license":"GPL-3.0-or-later","review":"未独立法语编辑校审"}
谁#shei	{"word":"谁","pinyin":"shei","short":["qui"],"senses":[{"text":"qui","pos":"代词"}],"note":"常用译法，词形和具体含义需随语境调整。","source":"词伴常用词与短语整理（AI）","license":"GPL-3.0-or-later","review":"未独立法语编辑校审"}
谁#shui	{"word":"谁","pinyin":"shui","short":["qui"],"senses":[{"text":"qui","pos":"代词"}],"note":"常用译法，词形和具体含义需随语境调整。","source":"词伴常用词与短语整理（AI）","license":"GPL-3.0-or-later","review":"未独立法语编辑校审"}
谢谢#xie xie	{"word":"谢谢","pinyin":"xie xie","short":["merci"],"senses":[{"text":"merci","pos":"叹词 / 礼貌表达"}],"note":"常用译法，词形和具体含义需随语境调整。","source":"词伴常用词与短语整理（AI）","license":"GPL-3.0-or-later","review":"未独立法语编辑校审"}
谢谢啦#xie xie la	{"word":"谢谢啦","pinyin":"xie xie la","short":["merci beaucoup !"],"senses":[{"text":"merci beaucoup !","pos":"短语"}],"note":"常用表达；词形、主语和时态需随语境变化。","category":"priority-common-2026-10-04","source":"词伴常用词与短语整理（AI）","license":"GPL-3.0-or-later","review":"未独立法语编辑校审"}
豆浆#dou jiang	{"word":"豆浆","pinyin":"dou jiang","short":["le lait de soja"],"senses":[{"text":"le lait de soja","pos":"名词","article":"le","lemma":"lait de soja","gender":"阳性"}],"note":"常用表达；词形、主语和时态需随语境变化。","category":"priority-common-2026-10-04","source":"词伴常用词与短语整理（AI）","license":"GPL-3.0-or-later","review":"未独立法语编辑校审"}
豆腐#dou fu	{"word":"豆腐","pinyin":"dou fu","short":["le tofu"],"senses":[{"text":"le tofu","pos":"名词","article":"le","lemma":"tofu","gender":"阳性"}],"note":"常用表达；词形、主语和时态需随语境变化。","category":"priority-common-2026-10-04","source":"词伴常用词与短语整理（AI）","license":"GPL-3.0-or-later","review":"未独立法语编辑校审"}
购物车#gou wu che	{"word":"购物车","pinyin":"gou wu che","short":["le panier"],"senses":[{"text":"le panier","pos":"名词","article":"le","lemma":"panier","gender":"阳性"}],"note":"网购购物车；实体手推车可用 le chariot。","category":"priority-common-2026-10-04","source":"词伴常用词与短语整理（AI）","license":"GPL-3.0-or-later","review":"未独立法语编辑校审"}
贵#gui	{"word":"贵","pinyin":"gui","short":["cher"],"senses":[{"text":"cher","pos":"形容词"}],"note":"常用译法，词形和具体含义需随语境调整。","source":"词伴常用词与短语整理（AI）","license":"GPL-3.0-or-later","review":"未独立法语编辑校审"}
赤纬#chi wei	{"word":"赤纬","pinyin":"chi wei","short":["la déclinaison"],"senses":[{"text":"la déclinaison","pos":"名词","article":"la","lemma":"déclinaison","gender":"阴性"}],"note":"天文学坐标。","category":"priority-common-2026-10-04","source":"词伴常用词与短语整理（AI）","license":"GPL-3.0-or-later","review":"未独立法语编辑校审"}
走#zou	{"word":"走","pinyin":"zou","short":["marcher"],"senses":[{"text":"marcher","pos":"动词 / 动词短语","lemma":"marcher"}],"note":"常用译法，词形和具体含义需随语境调整。","source":"词伴常用词与短语整理（AI）","license":"GPL-3.0-or-later","review":"未独立法语编辑校审"}
走了#zou le	{"word":"走了","pinyin":"zou le","short":["est parti","est partie"],"senses":[{"text":"est parti","pos":"短语"},{"text":"est partie","pos":"短语"}],"note":"需补主语，随性别变化。","category":"priority-common-2026-10-04","source":"词伴常用词与短语整理（AI）","license":"GPL-3.0-or-later","review":"未独立法语编辑校审"}
起床#qi chuang	{"word":"起床","pinyin":"qi chuang","short":["se lever"],"senses":[{"text":"se lever","pos":"动词 / 动词短语","lemma":"se lever"}],"note":"常用译法，词形和具体含义需随语境调整。","source":"词伴常用词与短语整理（AI）","license":"GPL-3.0-or-later","review":"未独立法语编辑校审"}
超喜欢#chao xi huan	{"word":"超喜欢","pinyin":"chao xi huan","short":["adorer"],"senses":[{"text":"adorer","pos":"动词 / 动词短语","lemma":"adorer"}],"note":"常用表达；词形、主语和时态需随语境变化。","category":"priority-common-2026-10-04","source":"词伴常用词与短语整理（AI）","license":"GPL-3.0-or-later","review":"未独立法语编辑校审"}
超市#chao shi	{"word":"超市","pinyin":"chao shi","short":["le supermarché"],"senses":[{"text":"le supermarché","pos":"名词","gender":"阳性","lemma":"supermarché","article":"le"}],"note":"常用译法，词形和具体含义需随语境调整。","source":"词伴常用词与短语整理（AI）","license":"GPL-3.0-or-later","review":"未独立法语编辑校审"}
跑#pao	{"word":"跑","pinyin":"pao","short":["courir"],"senses":[{"text":"courir","pos":"动词 / 动词短语","lemma":"courir"}],"note":"常用译法，词形和具体含义需随语境调整。","source":"词伴常用词与短语整理（AI）","license":"GPL-3.0-or-later","review":"未独立法语编辑校审"}
跑步#pao bu	{"word":"跑步","pinyin":"pao bu","short":["courir"],"senses":[{"text":"courir","pos":"动词 / 动词短语","lemma":"courir"}],"note":"常用译法，词形和具体含义需随语境调整。","source":"词伴常用词与短语整理（AI）","license":"GPL-3.0-or-later","review":"未独立法语编辑校审"}
跟他#gen ta	{"word":"跟他","pinyin":"gen ta","short":["avec lui"],"senses":[{"text":"avec lui","pos":"短语"}],"note":"常用表达；词形、主语和时态需随语境变化。","category":"priority-common-2026-10-04","source":"词伴常用词与短语整理（AI）","license":"GPL-3.0-or-later","review":"未独立法语编辑校审"}
跟你#gen ni	{"word":"跟你","pinyin":"gen ni","short":["avec toi"],"senses":[{"text":"avec toi","pos":"会话表达 / 短语"}],"note":"非正式单数；礼貌或复数用 avec vous。","source":"词伴常用词与短语整理（AI）","license":"GPL-3.0-or-later","review":"未独立法语编辑校审"}
跟我#gen wo	{"word":"跟我","pinyin":"gen wo","short":["avec moi"],"senses":[{"text":"avec moi","pos":"会话表达 / 短语"}],"note":"“跟我来”：Viens avec moi.","source":"词伴常用词与短语整理（AI）","license":"GPL-3.0-or-later","review":"未独立法语编辑校审"}
路#lu	{"word":"路","pinyin":"lu","short":["la route"],"senses":[{"text":"la route","pos":"名词","gender":"阴性","lemma":"route","article":"la"}],"note":"常用译法，词形和具体含义需随语境调整。","source":"词伴常用词与短语整理（AI）","license":"GPL-3.0-or-later","review":"未独立法语编辑校审"}
路由器#lu you qi	{"word":"路由器","pinyin":"lu you qi","short":["le routeur"],"senses":[{"text":"le routeur","pos":"名词","article":"le","lemma":"routeur","gender":"阳性"}],"note":"常用表达；词形、主语和时态需随语境变化。","category":"priority-common-2026-10-04","source":"词伴常用词与短语整理（AI）","license":"GPL-3.0-or-later","review":"未独立法语编辑校审"}
跳舞#tiao wu	{"word":"跳舞","pinyin":"tiao wu","short":["danser"],"senses":[{"text":"danser","pos":"动词 / 动词短语","lemma":"danser"}],"note":"常用译法，词形和具体含义需随语境调整。","source":"词伴常用词与短语整理（AI）","license":"GPL-3.0-or-later","review":"未独立法语编辑校审"}
身体#shen ti	{"word":"身体","pinyin":"shen ti","short":["le corps"],"senses":[{"text":"le corps","pos":"名词","gender":"阳性","lemma":"corps","article":"le"}],"note":"常用译法，词形和具体含义需随语境调整。","source":"词伴常用词与短语整理（AI）","license":"GPL-3.0-or-later","review":"未独立法语编辑校审"}
车票#che piao	{"word":"车票","pinyin":"che piao","short":["le billet"],"senses":[{"text":"le billet","pos":"名词","article":"le","lemma":"billet","gender":"阳性"}],"note":"常用表达；词形、主语和时态需随语境变化。","category":"priority-common-2026-10-04","source":"词伴常用词与短语整理（AI）","license":"GPL-3.0-or-later","review":"未独立法语编辑校审"}
车站#che zhan	{"word":"车站","pinyin":"che zhan","short":["la gare"],"senses":[{"text":"la gare","pos":"名词","gender":"阴性","lemma":"gare","article":"la"}],"note":"常用译法，词形和具体含义需随语境调整。","source":"词伴常用词与短语整理（AI）","license":"GPL-3.0-or-later","review":"未独立法语编辑校审"}
转账#zhuan zhang	{"word":"转账","pinyin":"zhuan zhang","short":["le virement"],"senses":[{"text":"le virement","pos":"名词","article":"le","lemma":"virement","gender":"阳性"}],"note":"常用表达；词形、主语和时态需随语境变化。","category":"priority-common-2026-10-04","source":"词伴常用词与短语整理（AI）","license":"GPL-3.0-or-later","review":"未独立法语编辑校审"}
辛苦了#xin ku le	{"word":"辛苦了","pinyin":"xin ku le","short":["merci pour tes efforts"],"senses":[{"text":"merci pour tes efforts","pos":"短语"}],"note":"感谢辛苦付出；不直译成“你累了”。","category":"priority-common-2026-10-04","source":"词伴常用词与短语整理（AI）","license":"GPL-3.0-or-later","review":"未独立法语编辑校审"}
辞职#ci zhi	{"word":"辞职","pinyin":"ci zhi","short":["démissionner"],"senses":[{"text":"démissionner","pos":"动词 / 动词短语","lemma":"démissionner"}],"note":"常用表达；词形、主语和时态需随语境变化。","category":"priority-common-2026-10-04","source":"词伴常用词与短语整理（AI）","license":"GPL-3.0-or-later","review":"未独立法语编辑校审"}
辣#la	{"word":"辣","pinyin":"la","short":["épicé"],"senses":[{"text":"épicé","pos":"形容词"}],"note":"常用译法，词形和具体含义需随语境调整。","source":"词伴常用词与短语整理（AI）","license":"GPL-3.0-or-later","review":"未独立法语编辑校审"}
辣椒酱#la jiao jiang	{"word":"辣椒酱","pinyin":"la jiao jiang","short":["la sauce pimentée"],"senses":[{"text":"la sauce pimentée","pos":"名词","article":"la","lemma":"sauce pimentée","gender":"阴性"}],"note":"常用表达；词形、主语和时态需随语境变化。","category":"priority-common-2026-10-04","source":"词伴常用词与短语整理（AI）","license":"GPL-3.0-or-later","review":"未独立法语编辑校审"}
过几天#guo ji tian	{"word":"过几天","pinyin":"guo ji tian","short":["dans quelques jours"],"senses":[{"text":"dans quelques jours","pos":"副词"}],"note":"常用表达；词形、主语和时态需随语境变化。","category":"priority-common-2026-10-04","source":"词伴常用词与短语整理（AI）","license":"GPL-3.0-or-later","review":"未独立法语编辑校审"}
过去了#guo qu le	{"word":"过去了","pinyin":"guo qu le","short":["c’est passé"],"senses":[{"text":"c’est passé","pos":"短语"}],"note":"常用表达；词形、主语和时态需随语境变化。","category":"priority-common-2026-10-04","source":"词伴常用词与短语整理（AI）","license":"GPL-3.0-or-later","review":"未独立法语编辑校审"}
过敏#guo min	{"word":"过敏","pinyin":"guo min","short":["l’allergie"],"senses":[{"text":"l’allergie","pos":"名词","article":"l’","lemma":"allergie"}],"note":"阴性名词。","category":"priority-common-2026-10-04","source":"词伴常用词与短语整理（AI）","license":"GPL-3.0-or-later","review":"未独立法语编辑校审"}
运动#yun dong	{"word":"运动","pinyin":"yun dong","short":["le sport"],"senses":[{"text":"le sport","pos":"名词","gender":"阳性","lemma":"sport","article":"le"}],"note":"常用译法，词形和具体含义需随语境调整。","source":"词伴常用词与短语整理（AI）","license":"GPL-3.0-or-later","review":"未独立法语编辑校审"}
运费#yun fei	{"word":"运费","pinyin":"yun fei","short":["les frais de livraison"],"senses":[{"text":"les frais de livraison","pos":"名词","article":"les","lemma":"frais de livraison"}],"note":"frais 为阳性复数。","category":"priority-common-2026-10-04","source":"词伴常用词与短语整理（AI）","license":"GPL-3.0-or-later","review":"未独立法语编辑校审"}
近#jin	{"word":"近","pinyin":"jin","short":["proche"],"senses":[{"text":"proche","pos":"形容词"}],"note":"常用译法，词形和具体含义需随语境调整。","source":"词伴常用词与短语整理（AI）","license":"GPL-3.0-or-later","review":"未独立法语编辑校审"}
还#hai	{"word":"还","pinyin":"hai","short":["encore","aussi"],"senses":[{"text":"encore","pos":"副词"},{"text":"aussi","pos":"副词"}],"note":"表示仍然、再次或另外。","source":"词伴常用词与短语整理（AI）","license":"GPL-3.0-or-later","review":"未独立法语编辑校审"}
还#huan	{"word":"还","pinyin":"huan","short":["rendre","rembourser"],"senses":[{"text":"rendre","pos":"动词 / 动词短语","lemma":"rendre"},{"text":"rembourser","pos":"动词 / 动词短语","lemma":"rembourser"}],"note":"归还物品或偿还债务。","source":"词伴常用词与短语整理（AI）","license":"GPL-3.0-or-later","review":"未独立法语编辑校审"}
还不是#hai bu shi	{"word":"还不是","pinyin":"hai bu shi","short":["pas encore"],"senses":[{"text":"pas encore","pos":"短语"}],"note":"按“尚不是”整理；反问归因用法需另译。","category":"priority-common-2026-10-04","source":"词伴常用词与短语整理（AI）","license":"GPL-3.0-or-later","review":"未独立法语编辑校审"}
还以为#hai yi wei	{"word":"还以为","pinyin":"hai yi wei","short":["je pensais pourtant que…"],"senses":[{"text":"je pensais pourtant que…","pos":"短语"}],"note":"省略主语按常见“我还以为”整理。","category":"priority-common-2026-10-04","source":"词伴常用词与短语整理（AI）","license":"GPL-3.0-or-later","review":"未独立法语编辑校审"}
还会#hai hui	{"word":"还会","pinyin":"hai hui","short":["savoir aussi…"],"senses":[{"text":"savoir aussi…","pos":"短语"}],"note":"表示还掌握技能；未来意义需另译。","category":"priority-common-2026-10-04","source":"词伴常用词与短语整理（AI）","license":"GPL-3.0-or-later","review":"未独立法语编辑校审"}
还得#hai de	{"word":"还得","pinyin":"hai de","short":["il faut encore…"],"senses":[{"text":"il faut encore…","pos":"短语"}],"note":"后接行为。","category":"priority-common-2026-10-04","source":"词伴常用词与短语整理（AI）","license":"GPL-3.0-or-later","review":"未独立法语编辑校审"}
还想#hai xiang	{"word":"还想","pinyin":"hai xiang","short":["vouloir encore…"],"senses":[{"text":"vouloir encore…","pos":"动词 / 动词短语","lemma":"vouloir encore…"}],"note":"后接动词。","category":"priority-common-2026-10-04","source":"词伴常用词与短语整理（AI）","license":"GPL-3.0-or-later","review":"未独立法语编辑校审"}
还能#hai neng	{"word":"还能","pinyin":"hai neng","short":["pouvoir encore"],"senses":[{"text":"pouvoir encore","pos":"会话表达 / 短语"}],"note":"“我还能走”：Je peux encore marcher.","source":"词伴常用词与短语整理（AI）","license":"GPL-3.0-or-later","review":"未独立法语编辑校审"}
还要#hai yao	{"word":"还要","pinyin":"hai yao","short":["en vouloir encore"],"senses":[{"text":"en vouloir encore","pos":"会话表达 / 短语"}],"note":"表示还想要；“还需要”可用 avoir encore besoin de。","source":"词伴常用词与短语整理（AI）","license":"GPL-3.0-or-later","review":"未独立法语编辑校审"}
还记得#hai ji de	{"word":"还记得","pinyin":"hai ji de","short":["se souvenir encore"],"senses":[{"text":"se souvenir encore","pos":"动词 / 动词短语","lemma":"se souvenir encore"}],"note":"常用表达；词形、主语和时态需随语境变化。","category":"priority-common-2026-10-04","source":"词伴常用词与短语整理（AI）","license":"GPL-3.0-or-later","review":"未独立法语编辑校审"}
这不是#zhe bu shi	{"word":"这不是","pinyin":"zhe bu shi","short":["ce n’est pas…"],"senses":[{"text":"ce n’est pas…","pos":"短语"}],"note":"需接表语。","category":"priority-common-2026-10-04","source":"词伴常用词与短语整理（AI）","license":"GPL-3.0-or-later","review":"未独立法语编辑校审"}
这两天#zhe liang tian	{"word":"这两天","pinyin":"zhe liang tian","short":["ces deux derniers jours"],"senses":[{"text":"ces deux derniers jours","pos":"短语"}],"note":"指最近两天；也可能指这几天。","category":"priority-common-2026-10-04","source":"词伴常用词与短语整理（AI）","license":"GPL-3.0-or-later","review":"未独立法语编辑校审"}
这个#zhe ge	{"word":"这个","pinyin":"zhe ge","short":["ceci"],"senses":[{"text":"ceci","pos":"代词"}],"note":"常用译法，词形和具体含义需随语境调整。","source":"词伴常用词与短语整理（AI）","license":"GPL-3.0-or-later","review":"未独立法语编辑校审"}
这么久#zhe me jiu	{"word":"这么久","pinyin":"zhe me jiu","short":["si longtemps"],"senses":[{"text":"si longtemps","pos":"短语"}],"note":"常用表达；词形、主语和时态需随语境变化。","category":"priority-common-2026-10-04","source":"词伴常用词与短语整理（AI）","license":"GPL-3.0-or-later","review":"未独立法语编辑校审"}
这么大#zhe me da	{"word":"这么大","pinyin":"zhe me da","short":["aussi grand","aussi grande"],"senses":[{"text":"aussi grand","pos":"短语"},{"text":"aussi grande","pos":"短语"}],"note":"常用表达；词形、主语和时态需随语境变化。","category":"priority-common-2026-10-04","source":"词伴常用词与短语整理（AI）","license":"GPL-3.0-or-later","review":"未独立法语编辑校审"}
这么快#zhe me kuai	{"word":"这么快","pinyin":"zhe me kuai","short":["si vite"],"senses":[{"text":"si vite","pos":"短语"}],"note":"常用表达；词形、主语和时态需随语境变化。","category":"priority-common-2026-10-04","source":"词伴常用词与短语整理（AI）","license":"GPL-3.0-or-later","review":"未独立法语编辑校审"}
这么早#zhe me zao	{"word":"这么早","pinyin":"zhe me zao","short":["si tôt"],"senses":[{"text":"si tôt","pos":"短语"}],"note":"常用表达；词形、主语和时态需随语境变化。","category":"priority-common-2026-10-04","source":"词伴常用词与短语整理（AI）","license":"GPL-3.0-or-later","review":"未独立法语编辑校审"}
这么晚#zhe me wan	{"word":"这么晚","pinyin":"zhe me wan","short":["si tard"],"senses":[{"text":"si tard","pos":"短语"}],"note":"常用表达；词形、主语和时态需随语境变化。","category":"priority-common-2026-10-04","source":"词伴常用词与短语整理（AI）","license":"GPL-3.0-or-later","review":"未独立法语编辑校审"}
这么说#zhe me shuo	{"word":"这么说","pinyin":"zhe me shuo","short":["en d’autres termes"],"senses":[{"text":"en d’autres termes","pos":"短语"}],"note":"按“这样说来”整理；表达方式可用 dire ainsi。","category":"priority-common-2026-10-04","source":"词伴常用词与短语整理（AI）","license":"GPL-3.0-or-later","review":"未独立法语编辑校审"}
这句话#zhe ju hua	{"word":"这句话","pinyin":"zhe ju hua","short":["cette phrase"],"senses":[{"text":"cette phrase","pos":"名词","article":"","lemma":"cette phrase"}],"note":"常用表达；词形、主语和时态需随语境变化。","category":"priority-common-2026-10-04","source":"词伴常用词与短语整理（AI）","license":"GPL-3.0-or-later","review":"未独立法语编辑校审"}
这张#zhe zhang	{"word":"这张","pinyin":"zhe zhang","short":["cette feuille"],"senses":[{"text":"cette feuille","pos":"短语"}],"note":"按纸张整理；照片等需换具体名词。","category":"priority-common-2026-10-04","source":"词伴常用词与短语整理（AI）","license":"GPL-3.0-or-later","review":"未独立法语编辑校审"}
这是#zhe shi	{"word":"这是","pinyin":"zhe shi","short":["c'est"],"senses":[{"text":"c'est","pos":"会话表达 / 短语"}],"note":"“这是我的书”：C'est mon livre.","source":"词伴常用词与短语整理（AI）","license":"GPL-3.0-or-later","review":"未独立法语编辑校审"}
这样啊#zhe yang a	{"word":"这样啊","pinyin":"zhe yang a","short":["ah, d’accord"],"senses":[{"text":"ah, d’accord","pos":"短语"}],"note":"常用表达；词形、主语和时态需随语境变化。","category":"priority-common-2026-10-04","source":"词伴常用词与短语整理（AI）","license":"GPL-3.0-or-later","review":"未独立法语编辑校审"}
这样的#zhe yang de	{"word":"这样的","pinyin":"zhe yang de","short":["comme ça"],"senses":[{"text":"comme ça","pos":"会话表达 / 短语"}],"note":"“这样的情况”：une situation comme celle-ci。","source":"词伴常用词与短语整理（AI）","license":"GPL-3.0-or-later","review":"未独立法语编辑校审"}
这样说#zhe yang shuo	{"word":"这样说","pinyin":"zhe yang shuo","short":["dire cela"],"senses":[{"text":"dire cela","pos":"动词 / 动词短语","lemma":"dire cela"}],"note":"常用表达；词形、主语和时态需随语境变化。","category":"priority-common-2026-10-04","source":"词伴常用词与短语整理（AI）","license":"GPL-3.0-or-later","review":"未独立法语编辑校审"}
这段#zhe duan	{"word":"这段","pinyin":"zhe duan","short":["ce passage"],"senses":[{"text":"ce passage","pos":"短语"}],"note":"按文本/音乐片段整理。","category":"priority-common-2026-10-04","source":"词伴常用词与短语整理（AI）","license":"GPL-3.0-or-later","review":"未独立法语编辑校审"}
这辈子#zhe bei zi	{"word":"这辈子","pinyin":"zhe bei zi","short":["cette vie"],"senses":[{"text":"cette vie","pos":"名词","article":"","lemma":"cette vie"}],"note":"常用表达；词形、主语和时态需随语境变化。","category":"priority-common-2026-10-04","source":"词伴常用词与短语整理（AI）","license":"GPL-3.0-or-later","review":"未独立法语编辑校审"}
这里#zhe li	{"word":"这里","pinyin":"zhe li","short":["ici"],"senses":[{"text":"ici","pos":"副词"}],"note":"常用译法，词形和具体含义需随语境调整。","source":"词伴常用词与短语整理（AI）","license":"GPL-3.0-or-later","review":"未独立法语编辑校审"}
这首歌#zhe shou ge	{"word":"这首歌","pinyin":"zhe shou ge","short":["cette chanson"],"senses":[{"text":"cette chanson","pos":"名词","article":"","lemma":"cette chanson"}],"note":"常用表达；词形、主语和时态需随语境变化。","category":"priority-common-2026-10-04","source":"词伴常用词与短语整理（AI）","license":"GPL-3.0-or-later","review":"未独立法语编辑校审"}
进度#jin du	{"word":"进度","pinyin":"jin du","short":["l’avancement"],"senses":[{"text":"l’avancement","pos":"名词","article":"l’","lemma":"avancement"}],"note":"阳性名词，指任务推进。","category":"priority-common-2026-10-04","source":"词伴常用词与短语整理（AI）","license":"GPL-3.0-or-later","review":"未独立法语编辑校审"}
远#yuan	{"word":"远","pinyin":"yuan","short":["loin"],"senses":[{"text":"loin","pos":"副词"}],"note":"常用译法，词形和具体含义需随语境调整。","source":"词伴常用词与短语整理（AI）","license":"GPL-3.0-or-later","review":"未独立法语编辑校审"}
远了#yuan le	{"word":"远了","pinyin":"yuan le","short":["c’est loin maintenant"],"senses":[{"text":"c’est loin maintenant","pos":"短语"}],"note":"常用表达；词形、主语和时态需随语境变化。","category":"priority-common-2026-10-04","source":"词伴常用词与短语整理（AI）","license":"GPL-3.0-or-later","review":"未独立法语编辑校审"}
退出登录#tui chu deng lu	{"word":"退出登录","pinyin":"tui chu deng lu","short":["se déconnecter"],"senses":[{"text":"se déconnecter","pos":"动词 / 动词短语","lemma":"se déconnecter"}],"note":"常用表达；词形、主语和时态需随语境变化。","category":"priority-common-2026-10-04","source":"词伴常用词与短语整理（AI）","license":"GPL-3.0-or-later","review":"未独立法语编辑校审"}
退房#tui fang	{"word":"退房","pinyin":"tui fang","short":["quitter sa chambre"],"senses":[{"text":"quitter sa chambre","pos":"动词 / 动词短语","lemma":"quitter sa chambre"}],"note":"办理酒店退房。","category":"priority-common-2026-10-04","source":"词伴常用词与短语整理（AI）","license":"GPL-3.0-or-later","review":"未独立法语编辑校审"}
退款#tui kuan	{"word":"退款","pinyin":"tui kuan","short":["le remboursement"],"senses":[{"text":"le remboursement","pos":"名词","article":"le","lemma":"remboursement","gender":"阳性"}],"note":"常用表达；词形、主语和时态需随语境变化。","category":"priority-common-2026-10-04","source":"词伴常用词与短语整理（AI）","license":"GPL-3.0-or-later","review":"未独立法语编辑校审"}
退货#tui huo	{"word":"退货","pinyin":"tui huo","short":["retourner un article"],"senses":[{"text":"retourner un article","pos":"动词 / 动词短语","lemma":"retourner un article"}],"note":"常用表达；词形、主语和时态需随语境变化。","category":"priority-common-2026-10-04","source":"词伴常用词与短语整理（AI）","license":"GPL-3.0-or-later","review":"未独立法语编辑校审"}
选择#xuan ze	{"word":"选择","pinyin":"xuan ze","short":["choisir"],"senses":[{"text":"choisir","pos":"动词 / 动词短语","lemma":"choisir"}],"note":"常用译法，词形和具体含义需随语境调整。","source":"词伴常用词与短语整理（AI）","license":"GPL-3.0-or-later","review":"未独立法语编辑校审"}
通知#tong zhi	{"word":"通知","pinyin":"tong zhi","short":["la notification"],"senses":[{"text":"la notification","pos":"名词","article":"la","lemma":"notification","gender":"阴性"}],"note":"常用表达；词形、主语和时态需随语境变化。","category":"priority-common-2026-10-04","source":"词伴常用词与短语整理（AI）","license":"GPL-3.0-or-later","review":"未独立法语编辑校审"}
遥控器#yao kong qi	{"word":"遥控器","pinyin":"yao kong qi","short":["la télécommande"],"senses":[{"text":"la télécommande","pos":"名词","article":"la","lemma":"télécommande","gender":"阴性"}],"note":"常用表达；词形、主语和时态需随语境变化。","category":"priority-common-2026-10-04","source":"词伴常用词与短语整理（AI）","license":"GPL-3.0-or-later","review":"未独立法语编辑校审"}
那个#na ge	{"word":"那个","pinyin":"na ge","short":["cela"],"senses":[{"text":"cela","pos":"代词"}],"note":"常用译法，词形和具体含义需随语境调整。","source":"词伴常用词与短语整理（AI）","license":"GPL-3.0-or-later","review":"未独立法语编辑校审"}
那么大#na me da	{"word":"那么大","pinyin":"na me da","short":["aussi grand","aussi grande"],"senses":[{"text":"aussi grand","pos":"短语"},{"text":"aussi grande","pos":"短语"}],"note":"常用表达；词形、主语和时态需随语境变化。","category":"priority-common-2026-10-04","source":"词伴常用词与短语整理（AI）","license":"GPL-3.0-or-later","review":"未独立法语编辑校审"}
那你#na ni	{"word":"那你","pinyin":"na ni","short":["et toi ?"],"senses":[{"text":"et toi ?","pos":"会话表达 / 短语"}],"note":"询问对方情况时；未形成问句时需要完整上下文。","source":"词伴常用词与短语整理（AI）","license":"GPL-3.0-or-later","review":"未独立法语编辑校审"}
那就#na jiu	{"word":"那就","pinyin":"na jiu","short":["alors"],"senses":[{"text":"alors","pos":"会话表达 / 短语"}],"note":"引出结论或接下来的行动。","source":"词伴常用词与短语整理（AI）","license":"GPL-3.0-or-later","review":"未独立法语编辑校审"}
那我#na wo	{"word":"那我","pinyin":"na wo","short":["et moi ?"],"senses":[{"text":"et moi ?","pos":"会话表达 / 短语"}],"note":"询问“那我呢”；作为句子开头需要后续语境。","source":"词伴常用词与短语整理（AI）","license":"GPL-3.0-or-later","review":"未独立法语编辑校审"}
那里#na li	{"word":"那里","pinyin":"na li","short":["là"],"senses":[{"text":"là","pos":"副词"}],"note":"常用译法，词形和具体含义需随语境调整。","source":"词伴常用词与短语整理（AI）","license":"GPL-3.0-or-later","review":"未独立法语编辑校审"}
邮件#you jian	{"word":"邮件","pinyin":"you jian","short":["le courriel"],"senses":[{"text":"le courriel","pos":"名词","gender":"阳性","lemma":"courriel","article":"le"}],"note":"常用译法，词形和具体含义需随语境调整。","source":"词伴常用词与短语整理（AI）","license":"GPL-3.0-or-later","review":"未独立法语编辑校审"}
都一样#dou yi yang	{"word":"都一样","pinyin":"dou yi yang","short":["tout est pareil"],"senses":[{"text":"tout est pareil","pos":"短语"}],"note":"常用表达；词形、主语和时态需随语境变化。","category":"priority-common-2026-10-04","source":"词伴常用词与短语整理（AI）","license":"GPL-3.0-or-later","review":"未独立法语编辑校审"}
都不是#dou bu shi	{"word":"都不是","pinyin":"dou bu shi","short":["aucun des deux"],"senses":[{"text":"aucun des deux","pos":"短语"}],"note":"按两个对象都不是整理；更多对象可用 aucun。","category":"priority-common-2026-10-04","source":"词伴常用词与短语整理（AI）","license":"GPL-3.0-or-later","review":"未独立法语编辑校审"}
都不知道#dou bu zhi dao	{"word":"都不知道","pinyin":"dou bu zhi dao","short":["personne ne sait"],"senses":[{"text":"personne ne sait","pos":"短语"}],"note":"常用表达；词形、主语和时态需随语境变化。","category":"priority-common-2026-10-04","source":"词伴常用词与短语整理（AI）","license":"GPL-3.0-or-later","review":"未独立法语编辑校审"}
都可以#dou ke yi	{"word":"都可以","pinyin":"dou ke yi","short":["tout convient"],"senses":[{"text":"tout convient","pos":"短语"}],"note":"选择时表示哪个都可以。","category":"priority-common-2026-10-04","source":"词伴常用词与短语整理（AI）","license":"GPL-3.0-or-later","review":"未独立法语编辑校审"}
都吃#dou chi	{"word":"都吃","pinyin":"dou chi","short":["tout manger"],"senses":[{"text":"tout manger","pos":"动词 / 动词短语","lemma":"tout manger"}],"note":"按吃全部整理；“所有人都吃”需另译。","category":"priority-common-2026-10-04","source":"词伴常用词与短语整理（AI）","license":"GPL-3.0-or-later","review":"未独立法语编辑校审"}
都喜欢#dou xi huan	{"word":"都喜欢","pinyin":"dou xi huan","short":["tout le monde aime…"],"senses":[{"text":"tout le monde aime…","pos":"短语"}],"note":"后接对象。","category":"priority-common-2026-10-04","source":"词伴常用词与短语整理（AI）","license":"GPL-3.0-or-later","review":"未独立法语编辑校审"}
都在#dou zai	{"word":"都在","pinyin":"dou zai","short":["être tous / toutes…"],"senses":[{"text":"être tous / toutes…","pos":"会话表达 / 短语"}],"note":"“大家都在这里”：Tout le monde est ici.","source":"词伴常用词与短语整理（AI）","license":"GPL-3.0-or-later","review":"未独立法语编辑校审"}
都好#dou hao	{"word":"都好","pinyin":"dou hao","short":["tout va bien"],"senses":[{"text":"tout va bien","pos":"短语"}],"note":"常用表达；词形、主语和时态需随语境变化。","category":"priority-common-2026-10-04","source":"词伴常用词与短语整理（AI）","license":"GPL-3.0-or-later","review":"未独立法语编辑校审"}
都想#dou xiang	{"word":"都想","pinyin":"dou xiang","short":["tous veulent…"],"senses":[{"text":"tous veulent…","pos":"短语"}],"note":"需明确主语和行为。","category":"priority-common-2026-10-04","source":"词伴常用词与短语整理（AI）","license":"GPL-3.0-or-later","review":"未独立法语编辑校审"}
都是#dou shi	{"word":"都是","pinyin":"dou shi","short":["tous","toutes"],"senses":[{"text":"tous","pos":"会话表达 / 短语"},{"text":"toutes","pos":"会话表达 / 短语"}],"note":"需随主语性别和数变化；完整句子还需搭配动词。","source":"词伴常用词与短语整理（AI）","license":"GPL-3.0-or-later","review":"未独立法语编辑校审"}
都有#dou you	{"word":"都有","pinyin":"dou you","short":["tous ont…"],"senses":[{"text":"tous ont…","pos":"会话表达 / 短语"}],"note":"表示“大家都有”；“所有东西都在”需要其他表达。","source":"词伴常用词与短语整理（AI）","license":"GPL-3.0-or-later","review":"未独立法语编辑校审"}
都没有#dou mei you	{"word":"都没有","pinyin":"dou mei you","short":["aucun / aucune"],"senses":[{"text":"aucun / aucune","pos":"会话表达 / 短语"}],"note":"“没人有”：Personne n'en a；具体结构随句子变化。","source":"词伴常用词与短语整理（AI）","license":"GPL-3.0-or-later","review":"未独立法语编辑校审"}
都看#dou kan	{"word":"都看","pinyin":"dou kan","short":["regarder tous"],"senses":[{"text":"regarder tous","pos":"动词 / 动词短语","lemma":"regarder tous"}],"note":"主语需补充；“全部看完”另译。","category":"priority-common-2026-10-04","source":"词伴常用词与短语整理（AI）","license":"GPL-3.0-or-later","review":"未独立法语编辑校审"}
都知道#dou zhi dao	{"word":"都知道","pinyin":"dou zhi dao","short":["tout le monde sait"],"senses":[{"text":"tout le monde sait","pos":"短语"}],"note":"常用表达；词形、主语和时态需随语境变化。","category":"priority-common-2026-10-04","source":"词伴常用词与短语整理（AI）","license":"GPL-3.0-or-later","review":"未独立法语编辑校审"}
都能#dou neng	{"word":"都能","pinyin":"dou neng","short":["tous peuvent…"],"senses":[{"text":"tous peuvent…","pos":"短语"}],"note":"需明确主语和行为。","category":"priority-common-2026-10-04","source":"词伴常用词与短语整理（AI）","license":"GPL-3.0-or-later","review":"未独立法语编辑校审"}
都觉得#dou jue de	{"word":"都觉得","pinyin":"dou jue de","short":["tout le monde pense que…"],"senses":[{"text":"tout le monde pense que…","pos":"短语"}],"note":"需接从句。","category":"priority-common-2026-10-04","source":"词伴常用词与短语整理（AI）","license":"GPL-3.0-or-later","review":"未独立法语编辑校审"}
都说#dou shuo	{"word":"都说","pinyin":"dou shuo","short":["tout le monde dit que…"],"senses":[{"text":"tout le monde dit que…","pos":"短语"}],"note":"需接从句。","category":"priority-common-2026-10-04","source":"词伴常用词与短语整理（AI）","license":"GPL-3.0-or-later","review":"未独立法语编辑校审"}
酒店#jiu dian	{"word":"酒店","pinyin":"jiu dian","short":["l'hôtel"],"senses":[{"text":"l'hôtel","pos":"名词","gender":"阳性","lemma":"hôtel","article":"l'"}],"note":"常用译法，词形和具体含义需随语境调整。","source":"词伴常用词与短语整理（AI）","license":"GPL-3.0-or-later","review":"未独立法语编辑校审"}
酱油#jiang you	{"word":"酱油","pinyin":"jiang you","short":["la sauce soja"],"senses":[{"text":"la sauce soja","pos":"名词","article":"la","lemma":"sauce soja","gender":"阴性"}],"note":"常用表达；词形、主语和时态需随语境变化。","category":"priority-common-2026-10-04","source":"词伴常用词与短语整理（AI）","license":"GPL-3.0-or-later","review":"未独立法语编辑校审"}
酸#suan	{"word":"酸","pinyin":"suan","short":["acide"],"senses":[{"text":"acide","pos":"形容词"}],"note":"常用译法，词形和具体含义需随语境调整。","source":"词伴常用词与短语整理（AI）","license":"GPL-3.0-or-later","review":"未独立法语编辑校审"}
酸奶#suan nai	{"word":"酸奶","pinyin":"suan nai","short":["le yaourt"],"senses":[{"text":"le yaourt","pos":"名词","article":"le","lemma":"yaourt","gender":"阳性"}],"note":"常用表达；词形、主语和时态需随语境变化。","category":"priority-common-2026-10-04","source":"词伴常用词与短语整理（AI）","license":"GPL-3.0-or-later","review":"未独立法语编辑校审"}
醉了#zui le	{"word":"醉了","pinyin":"zui le","short":["ivre"],"senses":[{"text":"ivre","pos":"短语"}],"note":"需补主语；不能用于非酒精“陶醉”义。","category":"priority-common-2026-10-04","source":"词伴常用词与短语整理（AI）","license":"GPL-3.0-or-later","review":"未独立法语编辑校审"}
醒了#xing le	{"word":"醒了","pinyin":"xing le","short":["s’est réveillé","s’est réveillée"],"senses":[{"text":"s’est réveillé","pos":"短语"},{"text":"s’est réveillée","pos":"短语"}],"note":"需补主语。","category":"priority-common-2026-10-04","source":"词伴常用词与短语整理（AI）","license":"GPL-3.0-or-later","review":"未独立法语编辑校审"}
重#chong	{"word":"重","pinyin":"chong","short":["de nouveau"],"senses":[{"text":"de nouveau","pos":"副词"}],"note":"表示重复，例如“重做”：refaire。","source":"词伴常用词与短语整理（AI）","license":"GPL-3.0-or-later","review":"未独立法语编辑校审"}
重#zhong	{"word":"重","pinyin":"zhong","short":["lourd","important"],"senses":[{"text":"lourd","pos":"形容词"},{"text":"important","pos":"形容词"}],"note":"表示重量或重要性。","source":"词伴常用词与短语整理（AI）","license":"GPL-3.0-or-later","review":"未独立法语编辑校审"}
重要#zhong yao	{"word":"重要","pinyin":"zhong yao","short":["important"],"senses":[{"text":"important","pos":"形容词"}],"note":"常用译法，词形和具体含义需随语境调整。","source":"词伴常用词与短语整理（AI）","license":"GPL-3.0-or-later","review":"未独立法语编辑校审"}
重要的#zhong yao de	{"word":"重要的","pinyin":"zhong yao de","short":["important","importante"],"senses":[{"text":"important","pos":"形容词"},{"text":"importante","pos":"形容词"}],"note":"常用表达；词形、主语和时态需随语境变化。","category":"priority-common-2026-10-04","source":"词伴常用词与短语整理（AI）","license":"GPL-3.0-or-later","review":"未独立法语编辑校审"}
金针菇#jin zhen gu	{"word":"金针菇","pinyin":"jin zhen gu","short":["l’enoki"],"senses":[{"text":"l’enoki","pos":"名词","article":"l’","lemma":"enoki"}],"note":"阳性名词，食用菌。","category":"priority-common-2026-10-04","source":"词伴常用词与短语整理（AI）","license":"GPL-3.0-or-later","review":"未独立法语编辑校审"}
钱#qian	{"word":"钱","pinyin":"qian","short":["l'argent"],"senses":[{"text":"l'argent","pos":"名词","gender":"阳性","lemma":"argent","article":"l'"}],"note":"常用译法，词形和具体含义需随语境调整。","source":"词伴常用词与短语整理（AI）","license":"GPL-3.0-or-later","review":"未独立法语编辑校审"}
银纬#yin wei	{"word":"银纬","pinyin":"yin wei","short":["la latitude galactique"],"senses":[{"text":"la latitude galactique","pos":"名词","article":"la","lemma":"latitude galactique","gender":"阴性"}],"note":"常用表达；词形、主语和时态需随语境变化。","category":"priority-common-2026-10-04","source":"词伴常用词与短语整理（AI）","license":"GPL-3.0-or-later","review":"未独立法语编辑校审"}
银经#yin jing	{"word":"银经","pinyin":"yin jing","short":["la longitude galactique"],"senses":[{"text":"la longitude galactique","pos":"名词","article":"la","lemma":"longitude galactique","gender":"阴性"}],"note":"常用表达；词形、主语和时态需随语境变化。","category":"priority-common-2026-10-04","source":"词伴常用词与短语整理（AI）","license":"GPL-3.0-or-later","review":"未独立法语编辑校审"}
银行#yin hang	{"word":"银行","pinyin":"yin hang","short":["la banque"],"senses":[{"text":"la banque","pos":"名词","gender":"阴性","lemma":"banque","article":"la"}],"note":"常用译法，词形和具体含义需随语境调整。","source":"词伴常用词与短语整理（AI）","license":"GPL-3.0-or-later","review":"未独立法语编辑校审"}
链接#lian jie	{"word":"链接","pinyin":"lian jie","short":["le lien"],"senses":[{"text":"le lien","pos":"名词","article":"le","lemma":"lien","gender":"阳性"}],"note":"常用表达；词形、主语和时态需随语境变化。","category":"priority-common-2026-10-04","source":"词伴常用词与短语整理（AI）","license":"GPL-3.0-or-later","review":"未独立法语编辑校审"}
锅盖#guo gai	{"word":"锅盖","pinyin":"guo gai","short":["le couvercle"],"senses":[{"text":"le couvercle","pos":"名词","article":"le","lemma":"couvercle","gender":"阳性"}],"note":"常用表达；词形、主语和时态需随语境变化。","category":"priority-common-2026-10-04","source":"词伴常用词与短语整理（AI）","license":"GPL-3.0-or-later","review":"未独立法语编辑校审"}
键盘#jian pan	{"word":"键盘","pinyin":"jian pan","short":["le clavier"],"senses":[{"text":"le clavier","pos":"名词","article":"le","lemma":"clavier","gender":"阳性"}],"note":"常用表达；词形、主语和时态需随语境变化。","category":"priority-common-2026-10-04","source":"词伴常用词与短语整理（AI）","license":"GPL-3.0-or-later","review":"未独立法语编辑校审"}
镇区#zhen qu	{"word":"镇区","pinyin":"zhen qu","short":["le canton"],"senses":[{"text":"le canton","pos":"名词","article":"le","lemma":"canton","gender":"阳性"}],"note":"行政单位的具体对应随国家制度而变。","category":"priority-common-2026-10-04","source":"词伴常用词与短语整理（AI）","license":"GPL-3.0-or-later","review":"未独立法语编辑校审"}
长#chang	{"word":"长","pinyin":"chang","short":["long"],"senses":[{"text":"long","pos":"形容词"}],"note":"形容词随性别和数变化：long / longue / longs / longues。","source":"词伴常用词与短语整理（AI）","license":"GPL-3.0-or-later","review":"未独立法语编辑校审"}
长#zhang	{"word":"长","pinyin":"zhang","short":["grandir","un responsable"],"senses":[{"text":"grandir","pos":"动词 / 动词短语","lemma":"grandir"},{"text":"un responsable","pos":"名词","gender":"阳性","lemma":"responsable"}],"note":"成长用 grandir；担任负责人时需采用对应名词。","source":"词伴常用词与短语整理（AI）","license":"GPL-3.0-or-later","review":"未独立法语编辑校审"}
长大了#zhang da le	{"word":"长大了","pinyin":"zhang da le","short":["avoir grandi"],"senses":[{"text":"avoir grandi","pos":"动词 / 动词短语","lemma":"avoir grandi"}],"note":"常用表达；词形、主语和时态需随语境变化。","category":"priority-common-2026-10-04","source":"词伴常用词与短语整理（AI）","license":"GPL-3.0-or-later","review":"未独立法语编辑校审"}
长时间#zhang shi jian	{"word":"长时间","pinyin":"zhang shi jian","short":["une longue période"],"senses":[{"text":"une longue période","pos":"名词","article":"une","lemma":"longue période","gender":"阴性"}],"note":"常用表达；词形、主语和时态需随语境变化。","category":"priority-common-2026-10-04","source":"词伴常用词与短语整理（AI）","license":"GPL-3.0-or-later","review":"未独立法语编辑校审"}
长胖#zhang pang	{"word":"长胖","pinyin":"zhang pang","short":["prendre du poids"],"senses":[{"text":"prendre du poids","pos":"动词 / 动词短语","lemma":"prendre du poids"}],"note":"常用表达；词形、主语和时态需随语境变化。","category":"priority-common-2026-10-04","source":"词伴常用词与短语整理（AI）","license":"GPL-3.0-or-later","review":"未独立法语编辑校审"}
长腿#chang tui	{"word":"长腿","pinyin":"chang tui","short":["les longues jambes"],"senses":[{"text":"les longues jambes","pos":"名词","article":"les","lemma":"longues jambes"}],"note":"jambe 为阴性，常用复数。","category":"priority-common-2026-10-04","source":"词伴常用词与短语整理（AI）","license":"GPL-3.0-or-later","review":"未独立法语编辑校审"}
门#men	{"word":"门","pinyin":"men","short":["la porte"],"senses":[{"text":"la porte","pos":"名词","gender":"阴性","lemma":"porte","article":"la"}],"note":"常用译法，词形和具体含义需随语境调整。","source":"词伴常用词与短语整理（AI）","license":"GPL-3.0-or-later","review":"未独立法语编辑校审"}
问#wen	{"word":"问","pinyin":"wen","short":["demander"],"senses":[{"text":"demander","pos":"动词 / 动词短语","lemma":"demander"}],"note":"常用译法，词形和具体含义需随语境调整。","source":"词伴常用词与短语整理（AI）","license":"GPL-3.0-or-later","review":"未独立法语编辑校审"}
问你#wen ni	{"word":"问你","pinyin":"wen ni","short":["te demander"],"senses":[{"text":"te demander","pos":"动词 / 动词短语","lemma":"te demander"}],"note":"常用表达；词形、主语和时态需随语境变化。","category":"priority-common-2026-10-04","source":"词伴常用词与短语整理（AI）","license":"GPL-3.0-or-later","review":"未独立法语编辑校审"}
问我#wen wo	{"word":"问我","pinyin":"wen wo","short":["me demander"],"senses":[{"text":"me demander","pos":"动词 / 动词短语","lemma":"me demander"}],"note":"常用表达；词形、主语和时态需随语境变化。","category":"priority-common-2026-10-04","source":"词伴常用词与短语整理（AI）","license":"GPL-3.0-or-later","review":"未独立法语编辑校审"}
问题#wen ti	{"word":"问题","pinyin":"wen ti","short":["la question"],"senses":[{"text":"la question","pos":"名词","gender":"阴性","lemma":"question","article":"la"}],"note":"常用译法，词形和具体含义需随语境调整。","source":"词伴常用词与短语整理（AI）","license":"GPL-3.0-or-later","review":"未独立法语编辑校审"}
阅读#yue du	{"word":"阅读","pinyin":"yue du","short":["lire"],"senses":[{"text":"lire","pos":"动词 / 动词短语","lemma":"lire"}],"note":"常用译法，词形和具体含义需随语境调整。","source":"词伴常用词与短语整理（AI）","license":"GPL-3.0-or-later","review":"未独立法语编辑校审"}
防晒霜#fang shai shuang	{"word":"防晒霜","pinyin":"fang shai shuang","short":["la crème solaire"],"senses":[{"text":"la crème solaire","pos":"名词","article":"la","lemma":"crème solaire","gender":"阴性"}],"note":"常用表达；词形、主语和时态需随语境变化。","category":"priority-common-2026-10-04","source":"词伴常用词与短语整理（AI）","license":"GPL-3.0-or-later","review":"未独立法语编辑校审"}
附件#fu jian	{"word":"附件","pinyin":"fu jian","short":["la pièce jointe"],"senses":[{"text":"la pièce jointe","pos":"名词","article":"la","lemma":"pièce jointe","gender":"阴性"}],"note":"常用表达；词形、主语和时态需随语境变化。","category":"priority-common-2026-10-04","source":"词伴常用词与短语整理（AI）","license":"GPL-3.0-or-later","review":"未独立法语编辑校审"}
附近#fu jin	{"word":"附近","pinyin":"fu jin","short":["à proximité"],"senses":[{"text":"à proximité","pos":"副词"}],"note":"常用译法，词形和具体含义需随语境调整。","source":"词伴常用词与短语整理（AI）","license":"GPL-3.0-or-later","review":"未独立法语编辑校审"}
陪你#pei ni	{"word":"陪你","pinyin":"pei ni","short":["te tenir compagnie"],"senses":[{"text":"te tenir compagnie","pos":"动词 / 动词短语","lemma":"te tenir compagnie"}],"note":"常用表达；词形、主语和时态需随语境变化。","category":"priority-common-2026-10-04","source":"词伴常用词与短语整理（AI）","license":"GPL-3.0-or-later","review":"未独立法语编辑校审"}
陪我#pei wo	{"word":"陪我","pinyin":"pei wo","short":["me tenir compagnie"],"senses":[{"text":"me tenir compagnie","pos":"动词 / 动词短语","lemma":"me tenir compagnie"}],"note":"常用表达；词形、主语和时态需随语境变化。","category":"priority-common-2026-10-04","source":"词伴常用词与短语整理（AI）","license":"GPL-3.0-or-later","review":"未独立法语编辑校审"}
难过#nan guo	{"word":"难过","pinyin":"nan guo","short":["triste"],"senses":[{"text":"triste","pos":"形容词"}],"note":"常用译法，词形和具体含义需随语境调整。","source":"词伴常用词与短语整理（AI）","license":"GPL-3.0-or-later","review":"未独立法语编辑校审"}
难道你#nan dao ni	{"word":"难道你","pinyin":"nan dao ni","short":["est-ce que tu… vraiment ?"],"senses":[{"text":"est-ce que tu… vraiment ?","pos":"短语"}],"note":"需补谓语，并表达惊讶或反问。","category":"priority-common-2026-10-04","source":"词伴常用词与短语整理（AI）","license":"GPL-3.0-or-later","review":"未独立法语编辑校审"}
雨#yu	{"word":"雨","pinyin":"yu","short":["la pluie"],"senses":[{"text":"la pluie","pos":"名词","gender":"阴性","lemma":"pluie","article":"la"}],"note":"常用译法，词形和具体含义需随语境调整。","source":"词伴常用词与短语整理（AI）","license":"GPL-3.0-or-later","review":"未独立法语编辑校审"}
雪#xue	{"word":"雪","pinyin":"xue","short":["la neige"],"senses":[{"text":"la neige","pos":"名词","gender":"阴性","lemma":"neige","article":"la"}],"note":"常用译法，词形和具体含义需随语境调整。","source":"词伴常用词与短语整理（AI）","license":"GPL-3.0-or-later","review":"未独立法语编辑校审"}
需要#xu yao	{"word":"需要","pinyin":"xu yao","short":["avoir besoin de"],"senses":[{"text":"avoir besoin de","pos":"动词 / 动词短语","lemma":"avoir besoin de"}],"note":"常用译法，词形和具体含义需随语境调整。","source":"词伴常用词与短语整理（AI）","license":"GPL-3.0-or-later","review":"未独立法语编辑校审"}
非常#fei chang	{"word":"非常","pinyin":"fei chang","short":["très"],"senses":[{"text":"très","pos":"副词"}],"note":"常用译法，词形和具体含义需随语境调整。","source":"词伴常用词与短语整理（AI）","license":"GPL-3.0-or-later","review":"未独立法语编辑校审"}
面包#mian bao	{"word":"面包","pinyin":"mian bao","short":["le pain"],"senses":[{"text":"le pain","pos":"名词","gender":"阳性","lemma":"pain","article":"le"}],"note":"常用译法，词形和具体含义需随语境调整。","source":"词伴常用词与短语整理（AI）","license":"GPL-3.0-or-later","review":"未独立法语编辑校审"}
面条#mian tiao	{"word":"面条","pinyin":"mian tiao","short":["les nouilles"],"senses":[{"text":"les nouilles","pos":"名词","gender":"阴性复数","lemma":"nouilles","article":"les"}],"note":"常用译法，词形和具体含义需随语境调整。","source":"词伴常用词与短语整理（AI）","license":"GPL-3.0-or-later","review":"未独立法语编辑校审"}
面试#mian shi	{"word":"面试","pinyin":"mian shi","short":["l’entretien d’embauche"],"senses":[{"text":"l’entretien d’embauche","pos":"名词","article":"l’","lemma":"entretien d’embauche"}],"note":"阳性名词。","category":"priority-common-2026-10-04","source":"词伴常用词与短语整理（AI）","license":"GPL-3.0-or-later","review":"未独立法语编辑校审"}
鞋#xie	{"word":"鞋","pinyin":"xie","short":["la chaussure"],"senses":[{"text":"la chaussure","pos":"名词","gender":"阴性","lemma":"chaussure","article":"la"}],"note":"常用译法，词形和具体含义需随语境调整。","source":"词伴常用词与短语整理（AI）","license":"GPL-3.0-or-later","review":"未独立法语编辑校审"}
韭菜#jiu cai	{"word":"韭菜","pinyin":"jiu cai","short":["la ciboulette chinoise"],"senses":[{"text":"la ciboulette chinoise","pos":"名词","article":"la","lemma":"ciboulette chinoise","gender":"阴性"}],"note":"常用表达；词形、主语和时态需随语境变化。","category":"priority-common-2026-10-04","source":"词伴常用词与短语整理（AI）","license":"GPL-3.0-or-later","review":"未独立法语编辑校审"}
音乐#yin yue	{"word":"音乐","pinyin":"yin yue","short":["la musique"],"senses":[{"text":"la musique","pos":"名词","gender":"阴性","lemma":"musique","article":"la"}],"note":"常用译法，词形和具体含义需随语境调整。","source":"词伴常用词与短语整理（AI）","license":"GPL-3.0-or-later","review":"未独立法语编辑校审"}
项目#xiang mu	{"word":"项目","pinyin":"xiang mu","short":["le projet"],"senses":[{"text":"le projet","pos":"名词","gender":"阳性","lemma":"projet","article":"le"}],"note":"常用译法，词形和具体含义需随语境调整。","source":"词伴常用词与短语整理（AI）","license":"GPL-3.0-or-later","review":"未独立法语编辑校审"}
预约#yu yue	{"word":"预约","pinyin":"yu yue","short":["prendre rendez-vous"],"senses":[{"text":"prendre rendez-vous","pos":"动词 / 动词短语","lemma":"prendre rendez-vous"}],"note":"常用表达；词形、主语和时态需随语境变化。","category":"priority-common-2026-10-04","source":"词伴常用词与短语整理（AI）","license":"GPL-3.0-or-later","review":"未独立法语编辑校审"}
预订#yu ding	{"word":"预订","pinyin":"yu ding","short":["faire une réservation"],"senses":[{"text":"faire une réservation","pos":"会话表达 / 短语"}],"note":"预订酒店或餐厅；可直接用 réserver。","source":"词伴常用词与短语整理（AI）","license":"GPL-3.0-or-later","review":"未独立法语编辑校审"}
颜色#yan se	{"word":"颜色","pinyin":"yan se","short":["la couleur"],"senses":[{"text":"la couleur","pos":"名词","gender":"阴性","lemma":"couleur","article":"la"}],"note":"常用译法，词形和具体含义需随语境调整。","source":"词伴常用词与短语整理（AI）","license":"GPL-3.0-or-later","review":"未独立法语编辑校审"}
颜色#yan shai	{"word":"颜色","pinyin":"yan shai","short":["la couleur"],"senses":[{"text":"la couleur","pos":"名词","gender":"阴性","lemma":"couleur","article":"la"}],"note":"常用译法，词形和具体含义需随语境调整。","source":"词伴常用词与短语整理（AI）","license":"GPL-3.0-or-later","review":"未独立法语编辑校审"}
风#feng	{"word":"风","pinyin":"feng","short":["le vent"],"senses":[{"text":"le vent","pos":"名词","gender":"阳性","lemma":"vent","article":"le"}],"note":"常用译法，词形和具体含义需随语境调整。","source":"词伴常用词与短语整理（AI）","license":"GPL-3.0-or-later","review":"未独立法语编辑校审"}
飞机#fei ji	{"word":"飞机","pinyin":"fei ji","short":["l'avion"],"senses":[{"text":"l'avion","pos":"名词","gender":"阳性","lemma":"avion","article":"l'"}],"note":"常用译法，词形和具体含义需随语境调整。","source":"词伴常用词与短语整理（AI）","license":"GPL-3.0-or-later","review":"未独立法语编辑校审"}
食用油#shi yong you	{"word":"食用油","pinyin":"shi yong you","short":["l’huile alimentaire"],"senses":[{"text":"l’huile alimentaire","pos":"名词","article":"l’","lemma":"huile alimentaire"}],"note":"阴性名词。","category":"priority-common-2026-10-04","source":"词伴常用词与短语整理（AI）","license":"GPL-3.0-or-later","review":"未独立法语编辑校审"}
餐厅#can ting	{"word":"餐厅","pinyin":"can ting","short":["le restaurant"],"senses":[{"text":"le restaurant","pos":"名词","gender":"阳性","lemma":"restaurant","article":"le"}],"note":"常用译法，词形和具体含义需随语境调整。","source":"词伴常用词与短语整理（AI）","license":"GPL-3.0-or-later","review":"未独立法语编辑校审"}
餐巾纸#can jin zhi	{"word":"餐巾纸","pinyin":"can jin zhi","short":["la serviette en papier"],"senses":[{"text":"la serviette en papier","pos":"名词","article":"la","lemma":"serviette en papier","gender":"阴性"}],"note":"常用表达；词形、主语和时态需随语境变化。","category":"priority-common-2026-10-04","source":"词伴常用词与短语整理（AI）","license":"GPL-3.0-or-later","review":"未独立法语编辑校审"}
饭#fan	{"word":"饭","pinyin":"fan","short":["le repas"],"senses":[{"text":"le repas","pos":"名词","gender":"阳性","lemma":"repas","article":"le"}],"note":"常用译法，词形和具体含义需随语境调整。","source":"词伴常用词与短语整理（AI）","license":"GPL-3.0-or-later","review":"未独立法语编辑校审"}
饭盒#fan he	{"word":"饭盒","pinyin":"fan he","short":["la boîte-repas"],"senses":[{"text":"la boîte-repas","pos":"名词","article":"la","lemma":"boîte-repas","gender":"阴性"}],"note":"常用表达；词形、主语和时态需随语境变化。","category":"priority-common-2026-10-04","source":"词伴常用词与短语整理（AI）","license":"GPL-3.0-or-later","review":"未独立法语编辑校审"}
饺子#jiao zi	{"word":"饺子","pinyin":"jiao zi","short":["les raviolis chinois"],"senses":[{"text":"les raviolis chinois","pos":"名词","article":"les","lemma":"raviolis chinois"}],"note":"ravioli 为阳性。","category":"priority-common-2026-10-04","source":"词伴常用词与短语整理（AI）","license":"GPL-3.0-or-later","review":"未独立法语编辑校审"}
饿#e	{"word":"饿","pinyin":"e","short":["affamé"],"senses":[{"text":"affamé","pos":"形容词"}],"note":"常用译法，词形和具体含义需随语境调整。","source":"词伴常用词与短语整理（AI）","license":"GPL-3.0-or-later","review":"未独立法语编辑校审"}
饿了#e le	{"word":"饿了","pinyin":"e le","short":["j’ai faim"],"senses":[{"text":"j’ai faim","pos":"短语"}],"note":"按“我饿了”整理。","category":"priority-common-2026-10-04","source":"词伴常用词与短语整理（AI）","license":"GPL-3.0-or-later","review":"未独立法语编辑校审"}
馒头#man tou	{"word":"馒头","pinyin":"man tou","short":["le pain chinois à la vapeur"],"senses":[{"text":"le pain chinois à la vapeur","pos":"名词","article":"le","lemma":"pain chinois à la vapeur","gender":"阳性"}],"note":"无馅蒸面食。","category":"priority-common-2026-10-04","source":"词伴常用词与短语整理（AI）","license":"GPL-3.0-or-later","review":"未独立法语编辑校审"}
香菇#xiang gu	{"word":"香菇","pinyin":"xiang gu","short":["le shiitaké"],"senses":[{"text":"le shiitaké","pos":"名词","article":"le","lemma":"shiitaké","gender":"阳性"}],"note":"常用表达；词形、主语和时态需随语境变化。","category":"priority-common-2026-10-04","source":"词伴常用词与短语整理（AI）","license":"GPL-3.0-or-later","review":"未独立法语编辑校审"}
香菜#xiang cai	{"word":"香菜","pinyin":"xiang cai","short":["la coriandre"],"senses":[{"text":"la coriandre","pos":"名词","article":"la","lemma":"coriandre","gender":"阴性"}],"note":"常用表达；词形、主语和时态需随语境变化。","category":"priority-common-2026-10-04","source":"词伴常用词与短语整理（AI）","license":"GPL-3.0-or-later","review":"未独立法语编辑校审"}
香蕉#xiang jiao	{"word":"香蕉","pinyin":"xiang jiao","short":["la banane"],"senses":[{"text":"la banane","pos":"名词","gender":"阴性","lemma":"banane","article":"la"}],"note":"常用译法，词形和具体含义需随语境调整。","source":"词伴常用词与短语整理（AI）","license":"GPL-3.0-or-later","review":"未独立法语编辑校审"}
马上#ma shang	{"word":"马上","pinyin":"ma shang","short":["tout de suite"],"senses":[{"text":"tout de suite","pos":"副词"}],"note":"常用译法，词形和具体含义需随语境调整。","source":"词伴常用词与短语整理（AI）","license":"GPL-3.0-or-later","review":"未独立法语编辑校审"}
验证码#yan zheng ma	{"word":"验证码","pinyin":"yan zheng ma","short":["le code de vérification"],"senses":[{"text":"le code de vérification","pos":"名词","article":"le","lemma":"code de vérification","gender":"阳性"}],"note":"常用表达；词形、主语和时态需随语境变化。","category":"priority-common-2026-10-04","source":"词伴常用词与短语整理（AI）","license":"GPL-3.0-or-later","review":"未独立法语编辑校审"}
高#gao	{"word":"高","pinyin":"gao","short":["haut"],"senses":[{"text":"haut","pos":"形容词"}],"note":"常用译法，词形和具体含义需随语境调整。","source":"词伴常用词与短语整理（AI）","license":"GPL-3.0-or-later","review":"未独立法语编辑校审"}
高兴#gao xing	{"word":"高兴","pinyin":"gao xing","short":["content"],"senses":[{"text":"content","pos":"形容词"}],"note":"常用译法，词形和具体含义需随语境调整。","source":"词伴常用词与短语整理（AI）","license":"GPL-3.0-or-later","review":"未独立法语编辑校审"}
高铁#gao tie	{"word":"高铁","pinyin":"gao tie","short":["le train à grande vitesse"],"senses":[{"text":"le train à grande vitesse","pos":"名词","article":"le","lemma":"train à grande vitesse","gender":"阳性"}],"note":"泛指高速列车；不把中国高铁直接等同法国 TGV 品牌。","category":"priority-common-2026-10-04","source":"词伴常用词与短语整理（AI）","license":"GPL-3.0-or-later","review":"未独立法语编辑校审"}
鱼#yu	{"word":"鱼","pinyin":"yu","short":["le poisson"],"senses":[{"text":"le poisson","pos":"名词","gender":"阳性","lemma":"poisson","article":"le"}],"note":"常用译法，词形和具体含义需随语境调整。","source":"词伴常用词与短语整理（AI）","license":"GPL-3.0-or-later","review":"未独立法语编辑校审"}
鸟#diao	{"word":"鸟","pinyin":"diao","short":["l'oiseau"],"senses":[{"text":"l'oiseau","pos":"名词","gender":"阳性","lemma":"oiseau","article":"l'"}],"note":"常用译法，词形和具体含义需随语境调整。","source":"词伴常用词与短语整理（AI）","license":"GPL-3.0-or-later","review":"未独立法语编辑校审"}
鸟#niao	{"word":"鸟","pinyin":"niao","short":["l'oiseau"],"senses":[{"text":"l'oiseau","pos":"名词","gender":"阳性","lemma":"oiseau","article":"l'"}],"note":"常用译法，词形和具体含义需随语境调整。","source":"词伴常用词与短语整理（AI）","license":"GPL-3.0-or-later","review":"未独立法语编辑校审"}
鸡翅#ji chi	{"word":"鸡翅","pinyin":"ji chi","short":["les ailes de poulet"],"senses":[{"text":"les ailes de poulet","pos":"名词","article":"les","lemma":"ailes de poulet"}],"note":"aile 为阴性。","category":"priority-common-2026-10-04","source":"词伴常用词与短语整理（AI）","license":"GPL-3.0-or-later","review":"未独立法语编辑校审"}
鸡肉#ji rou	{"word":"鸡肉","pinyin":"ji rou","short":["le poulet"],"senses":[{"text":"le poulet","pos":"名词","gender":"阳性","lemma":"poulet","article":"le"}],"note":"常用译法，词形和具体含义需随语境调整。","source":"词伴常用词与短语整理（AI）","license":"GPL-3.0-or-later","review":"未独立法语编辑校审"}
鸡腿#ji tui	{"word":"鸡腿","pinyin":"ji tui","short":["la cuisse de poulet"],"senses":[{"text":"la cuisse de poulet","pos":"名词","article":"la","lemma":"cuisse de poulet","gender":"阴性"}],"note":"常用表达；词形、主语和时态需随语境变化。","category":"priority-common-2026-10-04","source":"词伴常用词与短语整理（AI）","license":"GPL-3.0-or-later","review":"未独立法语编辑校审"}
鸡蛋#ji dan	{"word":"鸡蛋","pinyin":"ji dan","short":["l'œuf"],"senses":[{"text":"l'œuf","pos":"名词","gender":"阳性","lemma":"œuf","article":"l'"}],"note":"常用译法，词形和具体含义需随语境调整。","source":"词伴常用词与短语整理（AI）","license":"GPL-3.0-or-later","review":"未独立法语编辑校审"}
黄油#huang you	{"word":"黄油","pinyin":"huang you","short":["le beurre"],"senses":[{"text":"le beurre","pos":"名词","article":"le","lemma":"beurre","gender":"阳性"}],"note":"常用表达；词形、主语和时态需随语境变化。","category":"priority-common-2026-10-04","source":"词伴常用词与短语整理（AI）","license":"GPL-3.0-or-later","review":"未独立法语编辑校审"}
黄色#huang se	{"word":"黄色","pinyin":"huang se","short":["jaune"],"senses":[{"text":"jaune","pos":"形容词"}],"note":"常用译法，词形和具体含义需随语境调整。","source":"词伴常用词与短语整理（AI）","license":"GPL-3.0-or-later","review":"未独立法语编辑校审"}
黑色#hei se	{"word":"黑色","pinyin":"hei se","short":["noir"],"senses":[{"text":"noir","pos":"形容词"}],"note":"常用译法，词形和具体含义需随语境调整。","source":"词伴常用词与短语整理（AI）","license":"GPL-3.0-or-later","review":"未独立法语编辑校审"}
鼠标#shu biao	{"word":"鼠标","pinyin":"shu biao","short":["la souris"],"senses":[{"text":"la souris","pos":"名词","article":"la","lemma":"souris","gender":"阴性"}],"note":"电脑鼠标，也指动物。","category":"priority-common-2026-10-04","source":"词伴常用词与短语整理（AI）","license":"GPL-3.0-or-later","review":"未独立法语编辑校审"}
鼠标垫#shu biao dian	{"word":"鼠标垫","pinyin":"shu biao dian","short":["le tapis de souris"],"senses":[{"text":"le tapis de souris","pos":"名词","article":"le","lemma":"tapis de souris","gender":"阳性"}],"note":"常用表达；词形、主语和时态需随语境变化。","category":"priority-common-2026-10-04","source":"词伴常用词与短语整理（AI）","license":"GPL-3.0-or-later","review":"未独立法语编辑校审"}
